{
"type": "FeatureCollection",
"name": "municipios_rmc",
"crs": { "type": "name", "properties": { "name": "urn:ogc:def:crs:OGC:1.3:CRS84" } },
"features": [
{ "type": "Feature", "properties": { "municipio": "São José dos Pinhais", "municipio_norm": "SAO JOSE DOS PINHAIS", "uf": "Paraná", "uf_sigla": "PR", "uf_norm": "PARANA", "cod_municipio": "4125506" }, "geometry": { "type": "Polygon", "coordinates": [ [ [ -49.1256191, -25.7518215 ], [ -49.1287914, -25.7522966 ], [ -49.1302191, -25.7546543 ], [ -49.1329076, -25.7547179 ], [ -49.1339288, -25.7532821 ], [ -49.1336412, -25.7513857 ], [ -49.1352237, -25.7511755 ], [ -49.1356848, -25.7496283 ], [ -49.1378887, -25.7478536 ], [ -49.1372254, -25.7471939 ], [ -49.1381828, -25.7457532 ], [ -49.1371785, -25.7450686 ], [ -49.1373874, -25.7437868 ], [ -49.1406781, -25.7429426 ], [ -49.1421812, -25.7457296 ], [ -49.1412975, -25.7478347 ], [ -49.1423918, -25.7504253 ], [ -49.1470458, -25.752502 ], [ -49.1479463, -25.7537802 ], [ -49.1485023, -25.7576138 ], [ -49.1533084, -25.7617254 ], [ -49.1551195, -25.7647973 ], [ -49.1547735, -25.7675886 ], [ -49.1553819, -25.7694308 ], [ -49.1545505, -25.772994 ], [ -49.1534395, -25.7742864 ], [ -49.1537304, -25.7758398 ], [ -49.1547611, -25.7767423 ], [ -49.1561157, -25.7762297 ], [ -49.1592351, -25.777387 ], [ -49.1618751, -25.7797613 ], [ -49.1621266, -25.7819168 ], [ -49.1611586, -25.7830528 ], [ -49.1609198, -25.7852686 ], [ -49.1612454, -25.7874932 ], [ -49.162126, -25.7874765 ], [ -49.1623074, -25.7894189 ], [ -49.1632024, -25.7902528 ], [ -49.1627768, -25.7910511 ], [ -49.1640609, -25.7921312 ], [ -49.1639852, -25.793894 ], [ -49.1631156, -25.7948883 ], [ -49.1639704, -25.7967377 ], [ -49.1634185, -25.7983352 ], [ -49.1662816, -25.7991596 ], [ -49.1659916, -25.8011612 ], [ -49.1669271, -25.8024 ], [ -49.1638715, -25.8035091 ], [ -49.1629444, -25.8054732 ], [ -49.1636395, -25.8085729 ], [ -49.1647682, -25.8087671 ], [ -49.1644072, -25.8097431 ], [ -49.1651198, -25.8106719 ], [ -49.1645058, -25.8116107 ], [ -49.1652974, -25.8116775 ], [ -49.1656366, -25.8132748 ], [ -49.1670579, -25.813638 ], [ -49.1674429, -25.8149676 ], [ -49.1695196, -25.8136899 ], [ -49.1710843, -25.8134455 ], [ -49.1715051, -25.8145105 ], [ -49.1733917, -25.8138597 ], [ -49.1752899, -25.8119627 ], [ -49.1756382, -25.8130694 ], [ -49.1756634, -25.8114644 ], [ -49.1764588, -25.8112421 ], [ -49.1769257, -25.8096715 ], [ -49.1794477, -25.8093443 ], [ -49.1802292, -25.808184 ], [ -49.1819803, -25.8077951 ], [ -49.1841567, -25.805084 ], [ -49.1849605, -25.8066714 ], [ -49.1863454, -25.8071189 ], [ -49.1869196, -25.8058508 ], [ -49.1879558, -25.8064083 ], [ -49.1879184, -25.8047435 ], [ -49.1908503, -25.8047646 ], [ -49.1920125, -25.8033151 ], [ -49.1967016, -25.8065175 ], [ -49.19679, -25.8080831 ], [ -49.1994573, -25.8077143 ], [ -49.1995705, -25.8085179 ], [ -49.2009693, -25.8082766 ], [ -49.2023578, -25.8093527 ], [ -49.2027039, -25.8119292 ], [ -49.2011928, -25.8123559 ], [ -49.2019989, -25.8135714 ], [ -49.2013255, -25.8140842 ], [ -49.2020798, -25.8145819 ], [ -49.2014626, -25.8154595 ], [ -49.2024249, -25.8157731 ], [ -49.2027613, -25.8174027 ], [ -49.2045327, -25.8168314 ], [ -49.2033698, -25.8213371 ], [ -49.2048758, -25.822227 ], [ -49.2043582, -25.8228359 ], [ -49.2052114, -25.8236782 ], [ -49.204524, -25.8244887 ], [ -49.2063433, -25.8238731 ], [ -49.2062313, -25.8249898 ], [ -49.2072222, -25.8245478 ], [ -49.2084745, -25.8254185 ], [ -49.2130391, -25.8243139 ], [ -49.2142696, -25.8216154 ], [ -49.2169913, -25.8197268 ], [ -49.2175727, -25.8190164 ], [ -49.2170758, -25.8183218 ], [ -49.2194198, -25.815821 ], [ -49.2256777, -25.8156001 ], [ -49.2280384, -25.8145669 ], [ -49.2283135, -25.8131357 ], [ -49.2317459, -25.8133931 ], [ -49.2337093, -25.8155686 ], [ -49.2377853, -25.8152596 ], [ -49.2391914, -25.8166539 ], [ -49.2411503, -25.8158316 ], [ -49.2443755, -25.8184526 ], [ -49.2456805, -25.8173638 ], [ -49.2563416, -25.8190849 ], [ -49.2414977, -25.797709 ], [ -49.2411419, -25.7938838 ], [ -49.2427986, -25.7912042 ], [ -49.2442694, -25.790301 ], [ -49.2437927, -25.7850569 ], [ -49.248984, -25.7798227 ], [ -49.250055, -25.7706352 ], [ -49.2484829, -25.766383 ], [ -49.2467792, -25.7652323 ], [ -49.246607, -25.7638504 ], [ -49.2478583, -25.7626887 ], [ -49.2455662, -25.7581123 ], [ -49.246011, -25.7557912 ], [ -49.245038, -25.752453 ], [ -49.2456552, -25.750133 ], [ -49.2423518, -25.746963 ], [ -49.2406757, -25.7426561 ], [ -49.2407053, -25.7399919 ], [ -49.2444101, -25.7356451 ], [ -49.2440777, -25.7351776 ], [ -49.2473936, -25.7326735 ], [ -49.248073, -25.7302889 ], [ -49.2465204, -25.7241081 ], [ -49.2475127, -25.7180713 ], [ -49.2466406, -25.7168603 ], [ -49.2480913, -25.7136055 ], [ -49.2476941, -25.7108859 ], [ -49.2502314, -25.7084347 ], [ -49.2496548, -25.7080151 ], [ -49.2502507, -25.7070969 ], [ -49.2493481, -25.6950997 ], [ -49.2502163, -25.693775 ], [ -49.2529182, -25.6931152 ], [ -49.2533279, -25.6921863 ], [ -49.2521248, -25.6903503 ], [ -49.2547683, -25.6883978 ], [ -49.2538266, -25.6879898 ], [ -49.2544178, -25.684925 ], [ -49.2535118, -25.6835661 ], [ -49.2544511, -25.6841109 ], [ -49.254236, -25.6833527 ], [ -49.255657, -25.6835141 ], [ -49.2554716, -25.6817319 ], [ -49.2562895, -25.6801101 ], [ -49.2545516, -25.6760293 ], [ -49.2565264, -25.6742649 ], [ -49.2556698, -25.6733454 ], [ -49.2577877, -25.6709632 ], [ -49.2567156, -25.6664806 ], [ -49.2594706, -25.6618717 ], [ -49.2584084, -25.656813 ], [ -49.259578, -25.6530994 ], [ -49.2585629, -25.6528116 ], [ -49.2594656, -25.651887 ], [ -49.258218, -25.6516835 ], [ -49.2601823, -25.6492882 ], [ -49.2592611, -25.648871 ], [ -49.2597668, -25.6479534 ], [ -49.2587548, -25.6473378 ], [ -49.2587524, -25.6448337 ], [ -49.2581396, -25.6449066 ], [ -49.2584619, -25.6439641 ], [ -49.2594224, -25.6443204 ], [ -49.2587197, -25.6419593 ], [ -49.259688, -25.6416898 ], [ -49.2591565, -25.6405152 ], [ -49.2604652, -25.6403063 ], [ -49.2603434, -25.6382973 ], [ -49.2613223, -25.6372031 ], [ -49.2608062, -25.6363226 ], [ -49.2613498, -25.6352989 ], [ -49.2589916, -25.633631 ], [ -49.2608914, -25.6329854 ], [ -49.2603805, -25.631743 ], [ -49.261045, -25.6302089 ], [ -49.2591318, -25.6279979 ], [ -49.2602725, -25.6260874 ], [ -49.2593706, -25.6257916 ], [ -49.2608745, -25.6250747 ], [ -49.2598792, -25.6232095 ], [ -49.2608669, -25.6230244 ], [ -49.26035, -25.6208036 ], [ -49.261399, -25.6202493 ], [ -49.2603063, -25.616212 ], [ -49.2626543, -25.6159655 ], [ -49.2628366, -25.6138727 ], [ -49.2656879, -25.6128605 ], [ -49.2660426, -25.6118001 ], [ -49.2691165, -25.6112058 ], [ -49.2694799, -25.6122696 ], [ -49.269644, -25.6114192 ], [ -49.2714073, -25.6123273 ], [ -49.2738721, -25.6118952 ], [ -49.2755776, -25.6087638 ], [ -49.2713428, -25.6067468 ], [ -49.2652138, -25.6006743 ], [ -49.2597494, -25.5982364 ], [ -49.2547239, -25.5927564 ], [ -49.2538413, -25.5907408 ], [ -49.2408849, -25.5843744 ], [ -49.2424918, -25.5822281 ], [ -49.2451399, -25.5748575 ], [ -49.2375301, -25.5637503 ], [ -49.2245412, -25.5618215 ], [ -49.2236603, -25.5565792 ], [ -49.2253903, -25.5518031 ], [ -49.2227834, -25.5479231 ], [ -49.225745, -25.543946 ], [ -49.22343, -25.5425536 ], [ -49.2259616, -25.5384519 ], [ -49.2241492, -25.5341394 ], [ -49.2204706, -25.5308374 ], [ -49.2187748, -25.527903 ], [ -49.2169593, -25.5212844 ], [ -49.2080272, -25.5149993 ], [ -49.2060438, -25.507827 ], [ -49.2048197, -25.506754 ], [ -49.2015967, -25.5133955 ], [ -49.199484, -25.5125907 ], [ -49.1963863, -25.5082907 ], [ -49.1945934, -25.5052502 ], [ -49.199508, -25.5020418 ], [ -49.1935043, -25.4877099 ], [ -49.1846413, -25.4781882 ], [ -49.1846707, -25.4718563 ], [ -49.1817719, -25.466659 ], [ -49.175512, -25.462565 ], [ -49.168585, -25.466823 ], [ -49.161931, -25.466374 ], [ -49.160192, -25.467196 ], [ -49.160759, -25.468173 ], [ -49.15872, -25.468899 ], [ -49.156731, -25.469046 ], [ -49.156318, -25.46832 ], [ -49.15635, -25.469178 ], [ -49.155534, -25.468569 ], [ -49.151433, -25.470911 ], [ -49.150357, -25.47108 ], [ -49.150341, -25.470199 ], [ -49.150074, -25.47105 ], [ -49.148982, -25.470625 ], [ -49.148537, -25.471711 ], [ -49.145566, -25.472717 ], [ -49.140287, -25.473352 ], [ -49.139575, -25.474372 ], [ -49.140619, -25.477015 ], [ -49.1393, -25.47736 ], [ -49.139001, -25.479511 ], [ -49.135903, -25.480135 ], [ -49.137124, -25.482058 ], [ -49.135759, -25.484273 ], [ -49.134673, -25.48445 ], [ -49.135007, -25.48725 ], [ -49.134039, -25.488053 ], [ -49.134603, -25.48842 ], [ -49.133669, -25.490064 ], [ -49.133718, -25.491923 ], [ -49.135119, -25.492748 ], [ -49.133105, -25.494107 ], [ -49.130499, -25.497627 ], [ -49.126226, -25.496671 ], [ -49.124666, -25.49741 ], [ -49.1208524, -25.5024897 ], [ -49.1166333, -25.5046243 ], [ -49.115222, -25.5071982 ], [ -49.1139711, -25.5074601 ], [ -49.1098845, -25.5111023 ], [ -49.1075914, -25.515747 ], [ -49.1030586, -25.5161264 ], [ -49.1008949, -25.5190769 ], [ -49.0942194, -25.522052 ], [ -49.0920679, -25.5244739 ], [ -49.0872365, -25.5269695 ], [ -49.0864251, -25.5283218 ], [ -49.08479, -25.5283587 ], [ -49.085715, -25.530253 ], [ -49.076513, -25.534309 ], [ -49.0762793, -25.5353371 ], [ -49.0720897, -25.5380352 ], [ -49.0720354, -25.5390438 ], [ -49.0710145, -25.539685 ], [ -49.0696679, -25.5395011 ], [ -49.0683036, -25.5408431 ], [ -49.0665383, -25.5411323 ], [ -49.0654893, -25.5402478 ], [ -49.0651339, -25.5385005 ], [ -49.059301, -25.5395742 ], [ -49.0583872, -25.5391085 ], [ -49.0572198, -25.5401373 ], [ -49.0549909, -25.5390635 ], [ -49.0528668, -25.5422412 ], [ -49.0538285, -25.5456336 ], [ -49.0495484, -25.5480163 ], [ -49.0480865, -25.5483092 ], [ -49.045265, -25.5470181 ], [ -49.0426736, -25.5417912 ], [ -49.0390384, -25.5427536 ], [ -49.0369397, -25.5442929 ], [ -49.0358719, -25.543965 ], [ -49.0352216, -25.5449327 ], [ -49.033385, -25.544559 ], [ -49.0243969, -25.5506404 ], [ -49.0230017, -25.5479735 ], [ -49.0204443, -25.5470682 ], [ -49.0182596, -25.5433443 ], [ -49.0124292, -25.5420108 ], [ -49.0095459, -25.5398462 ], [ -49.0051878, -25.5415477 ], [ -49.0000879, -25.5394398 ], [ -48.9962455, -25.5416188 ], [ -48.993925, -25.5411759 ], [ -48.9918705, -25.5391518 ], [ -48.9914305, -25.5368549 ], [ -48.9920443, -25.5358402 ], [ -48.9896632, -25.5337248 ], [ -48.9854076, -25.5322261 ], [ -48.9843117, -25.5298312 ], [ -48.9800847, -25.5294401 ], [ -48.9770335, -25.5282642 ], [ -48.9701638, -25.5226443 ], [ -48.9653318, -25.5223735 ], [ -48.9645323, -25.5229467 ], [ -48.9646544, -25.5259279 ], [ -48.9633335, -25.5280627 ], [ -48.9632458, -25.5303487 ], [ -48.9615565, -25.5324105 ], [ -48.9625005, -25.5350237 ], [ -48.9614121, -25.5383541 ], [ -48.9728419, -25.5457525 ], [ -48.9715645, -25.5500572 ], [ -48.9716334, -25.5529096 ], [ -48.9726881, -25.5547629 ], [ -48.9697788, -25.5589135 ], [ -48.9653904, -25.5583588 ], [ -48.9655091, -25.5616118 ], [ -48.9675851, -25.564379 ], [ -48.9708481, -25.5656993 ], [ -48.9694198, -25.568414 ], [ -48.9701471, -25.5706901 ], [ -48.9729056, -25.5712214 ], [ -48.9746003, -25.5730165 ], [ -48.9727285, -25.5759267 ], [ -48.9635447, -25.5769408 ], [ -48.9589758, -25.5826397 ], [ -48.956938, -25.5837745 ], [ -48.9554727, -25.5838232 ], [ -48.953776, -25.5819612 ], [ -48.9488962, -25.5797645 ], [ -48.9422654, -25.5814478 ], [ -48.9395203, -25.5862903 ], [ -48.9410312, -25.5932175 ], [ -48.9368086, -25.5974624 ], [ -48.9360107, -25.6021811 ], [ -48.9396012, -25.6031695 ], [ -48.9409007, -25.5980592 ], [ -48.9448796, -25.5937761 ], [ -48.9518283, -25.5977173 ], [ -48.9566439, -25.5977614 ], [ -48.9585634, -25.6011078 ], [ -48.9575929, -25.6045242 ], [ -48.9582385, -25.6072244 ], [ -48.9571306, -25.6098769 ], [ -48.9596877, -25.6131075 ], [ -48.9580882, -25.6160547 ], [ -48.9584327, -25.619021 ], [ -48.9558568, -25.6207099 ], [ -48.9563255, -25.6222856 ], [ -48.9541805, -25.6248349 ], [ -48.9560736, -25.6270144 ], [ -48.9579375, -25.6277575 ], [ -48.9583577, -25.6307003 ], [ -48.9576211, -25.6303751 ], [ -48.9557184, -25.6318296 ], [ -48.9554373, -25.6331094 ], [ -48.9575256, -25.6317423 ], [ -48.9582605, -25.6344051 ], [ -48.9558081, -25.6365124 ], [ -48.9563605, -25.637711 ], [ -48.9540025, -25.6382845 ], [ -48.9534068, -25.6412805 ], [ -48.9513853, -25.6409848 ], [ -48.9509004, -25.6418506 ], [ -48.9546377, -25.642933 ], [ -48.9548704, -25.6454263 ], [ -48.9625653, -25.6535379 ], [ -48.9619146, -25.6555236 ], [ -48.9627387, -25.6565227 ], [ -48.9610896, -25.6575303 ], [ -48.9606645, -25.6593175 ], [ -48.9635665, -25.6616227 ], [ -48.962401, -25.6633106 ], [ -48.964263, -25.6643247 ], [ -48.9666564, -25.6616893 ], [ -48.969742, -25.664848 ], [ -48.9694242, -25.6660996 ], [ -48.9681286, -25.6666638 ], [ -48.9678501, -25.6685443 ], [ -48.9665314, -25.669042 ], [ -48.9657691, -25.6732012 ], [ -48.9639138, -25.6760225 ], [ -48.9659725, -25.6800869 ], [ -48.964657, -25.6833203 ], [ -48.9683889, -25.6849408 ], [ -48.9661518, -25.6898633 ], [ -48.9665748, -25.6927189 ], [ -48.9691112, -25.6947269 ], [ -48.9684927, -25.6977888 ], [ -48.965658, -25.6986458 ], [ -48.9654316, -25.7003021 ], [ -48.9681929, -25.7051616 ], [ -48.9720561, -25.7076826 ], [ -48.9723511, -25.7093667 ], [ -48.9710296, -25.7114572 ], [ -48.9724085, -25.7147032 ], [ -48.9779732, -25.7176725 ], [ -48.9759858, -25.7196861 ], [ -48.9765385, -25.7220716 ], [ -48.9753274, -25.7248998 ], [ -48.9713677, -25.7281323 ], [ -48.9694401, -25.7279417 ], [ -48.9665447, -25.7300976 ], [ -48.9646638, -25.7302886 ], [ -48.963643, -25.7339381 ], [ -48.962334, -25.7360037 ], [ -48.9613912, -25.7361747 ], [ -48.954159, -25.732605 ], [ -48.9490955, -25.726912 ], [ -48.948296, -25.7271167 ], [ -48.9449688, -25.7314778 ], [ -48.9426802, -25.7378423 ], [ -48.9386713, -25.7426235 ], [ -48.9319213, -25.7474436 ], [ -48.9265611, -25.7473025 ], [ -48.9194767, -25.7519006 ], [ -48.9146526, -25.751929 ], [ -48.9111235, -25.7569736 ], [ -48.9026088, -25.757785 ], [ -48.9013602, -25.7585698 ], [ -48.9004989, -25.7606512 ], [ -48.8953095, -25.7614206 ], [ -48.8901666, -25.7595254 ], [ -48.8841408, -25.7591667 ], [ -48.8828304, -25.7597853 ], [ -48.8805667, -25.7634327 ], [ -48.8754791, -25.7601865 ], [ -48.8743654, -25.7561407 ], [ -48.8728098, -25.7562895 ], [ -48.8715809, -25.7594851 ], [ -48.8733007, -25.7630516 ], [ -48.8687961, -25.7665589 ], [ -48.8699971, -25.7699632 ], [ -48.8688712, -25.7720827 ], [ -48.8704339, -25.7749199 ], [ -48.8692856, -25.7773034 ], [ -48.8658721, -25.7795991 ], [ -48.8619962, -25.7874238 ], [ -48.8522281, -25.7968396 ], [ -48.8425611, -25.7979107 ], [ -48.8496414, -25.8043051 ], [ -48.8522922, -25.8047156 ], [ -48.8577783, -25.8087412 ], [ -48.8628801, -25.8059903 ], [ -48.8638261, -25.8043985 ], [ -48.8688072, -25.808387 ], [ -48.8785581, -25.8122603 ], [ -48.8805127, -25.8109982 ], [ -48.885627, -25.8107041 ], [ -48.8866105, -25.8127348 ], [ -48.8845592, -25.8150138 ], [ -48.8883252, -25.8161174 ], [ -48.891073, -25.8192679 ], [ -48.8942712, -25.8205109 ], [ -48.9003415, -25.8209972 ], [ -48.9061982, -25.8175517 ], [ -48.9071201, -25.8129044 ], [ -48.9085492, -25.813626 ], [ -48.9097159, -25.8120658 ], [ -48.9122829, -25.8120141 ], [ -48.9129808, -25.8108427 ], [ -48.9146616, -25.8126094 ], [ -48.9163772, -25.8124919 ], [ -48.9207038, -25.8105006 ], [ -48.9232105, -25.8129344 ], [ -48.9223468, -25.8154418 ], [ -48.9232822, -25.8179335 ], [ -48.9275842, -25.8187406 ], [ -48.930714, -25.8204712 ], [ -48.9344603, -25.8182576 ], [ -48.9350954, -25.8189991 ], [ -48.934645, -25.82123 ], [ -48.9391834, -25.8230274 ], [ -48.9462073, -25.8219601 ], [ -48.9478734, -25.8237126 ], [ -48.9483222, -25.8263719 ], [ -48.9578444, -25.8317434 ], [ -48.9627503, -25.830919 ], [ -48.9643432, -25.8296531 ], [ -48.9629905, -25.8273299 ], [ -48.9625171, -25.8243726 ], [ -48.9642152, -25.8230689 ], [ -48.9684682, -25.8242658 ], [ -48.9713934, -25.8229017 ], [ -48.9733466, -25.8247169 ], [ -48.9753734, -25.8247715 ], [ -48.9765994, -25.8271694 ], [ -48.9806549, -25.8262673 ], [ -48.981672, -25.8278953 ], [ -48.9837244, -25.8272726 ], [ -48.9849494, -25.8279748 ], [ -48.9897668, -25.8217164 ], [ -48.9932479, -25.8206303 ], [ -48.9936592, -25.8224725 ], [ -48.9951891, -25.8218614 ], [ -48.9926097, -25.8161896 ], [ -48.9902425, -25.8147927 ], [ -48.9921666, -25.8133009 ], [ -48.9915744, -25.8118425 ], [ -48.9924587, -25.8111309 ], [ -48.9899715, -25.8091246 ], [ -48.9910781, -25.8083477 ], [ -48.9942037, -25.8089386 ], [ -48.9959429, -25.8044166 ], [ -48.9994319, -25.8023679 ], [ -48.9976052, -25.8007222 ], [ -48.9978951, -25.7985754 ], [ -49.0004483, -25.7983946 ], [ -49.0027723, -25.7954738 ], [ -49.0028341, -25.7930778 ], [ -49.0008372, -25.7931067 ], [ -49.0018722, -25.7889467 ], [ -49.0052556, -25.7864538 ], [ -49.0099286, -25.7867956 ], [ -49.0136923, -25.7905994 ], [ -49.014651, -25.7890787 ], [ -49.0171261, -25.7916596 ], [ -49.0182571, -25.7961027 ], [ -49.0211658, -25.7973168 ], [ -49.0219901, -25.7966696 ], [ -49.0219706, -25.7936792 ], [ -49.0231741, -25.7935348 ], [ -49.0275281, -25.7943776 ], [ -49.0314173, -25.7979421 ], [ -49.0329938, -25.7984217 ], [ -49.0335778, -25.7974835 ], [ -49.0321464, -25.7950843 ], [ -49.0328871, -25.7939776 ], [ -49.0342863, -25.7939217 ], [ -49.0338976, -25.7925982 ], [ -49.0362368, -25.790032 ], [ -49.0407593, -25.7912836 ], [ -49.0431888, -25.7909286 ], [ -49.04397, -25.7915981 ], [ -49.0458522, -25.7906787 ], [ -49.0469818, -25.7921381 ], [ -49.0481554, -25.7917024 ], [ -49.0473852, -25.7910297 ], [ -49.0479999, -25.7904031 ], [ -49.0503204, -25.7914175 ], [ -49.0501751, -25.7936631 ], [ -49.0483174, -25.7930345 ], [ -49.0485271, -25.7941321 ], [ -49.0497455, -25.7957369 ], [ -49.0518526, -25.796654 ], [ -49.0532816, -25.7933659 ], [ -49.0553704, -25.7936439 ], [ -49.0568627, -25.7905813 ], [ -49.0585783, -25.7918921 ], [ -49.0597965, -25.7911958 ], [ -49.0615762, -25.7959372 ], [ -49.0630191, -25.796729 ], [ -49.0675067, -25.7962604 ], [ -49.0700124, -25.797026 ], [ -49.0719115, -25.7949738 ], [ -49.0743363, -25.7952836 ], [ -49.075434, -25.7920273 ], [ -49.0736502, -25.7909161 ], [ -49.0721145, -25.7885587 ], [ -49.0739083, -25.7860572 ], [ -49.0778265, -25.7850395 ], [ -49.0791372, -25.7839634 ], [ -49.0807193, -25.777719 ], [ -49.0794427, -25.7757542 ], [ -49.0788412, -25.7718938 ], [ -49.0800264, -25.7711926 ], [ -49.0803632, -25.7698738 ], [ -49.0798377, -25.7620481 ], [ -49.0777433, -25.7600818 ], [ -49.0787727, -25.7553038 ], [ -49.0783621, -25.7536537 ], [ -49.0795802, -25.7507733 ], [ -49.0836481, -25.7495567 ], [ -49.0852422, -25.7467691 ], [ -49.0821893, -25.7411358 ], [ -49.08053, -25.7404757 ], [ -49.0841246, -25.7414144 ], [ -49.0892836, -25.7450273 ], [ -49.0930371, -25.7461325 ], [ -49.0961071, -25.7457664 ], [ -49.1051178, -25.7495694 ], [ -49.1073198, -25.7478753 ], [ -49.1087795, -25.7452882 ], [ -49.1128283, -25.7467116 ], [ -49.1173114, -25.745644 ], [ -49.1191183, -25.7468445 ], [ -49.1189011, -25.7479099 ], [ -49.1197865, -25.7489878 ], [ -49.1212686, -25.7489419 ], [ -49.1215414, -25.7500011 ], [ -49.1249193, -25.7489341 ], [ -49.1256191, -25.7518215 ] ] ] } },
{ "type": "Feature", "properties": { "municipio": "Doutor Ulysses", "municipio_norm": "DOUTOR ULYSSES", "uf": "Paraná", "uf_sigla": "PR", "uf_norm": "PARANA", "cod_municipio": "4128633" }, "geometry": { "type": "Polygon", "coordinates": [ [ [ -49.3406515, -24.7568462 ], [ -49.3457944, -24.7565566 ], [ -49.3539093, -24.7493021 ], [ -49.3555182, -24.7498995 ], [ -49.3590198, -24.7487313 ], [ -49.3649415, -24.7513752 ], [ -49.3665762, -24.7513329 ], [ -49.3692087, -24.7506312 ], [ -49.3713675, -24.7482762 ], [ -49.3740306, -24.7476799 ], [ -49.3753193, -24.7464566 ], [ -49.3767112, -24.7475183 ], [ -49.3802706, -24.7476404 ], [ -49.3805461, -24.7452769 ], [ -49.379911, -24.7440773 ], [ -49.3822058, -24.7439415 ], [ -49.3830028, -24.7431471 ], [ -49.3817314, -24.7426756 ], [ -49.3803485, -24.7407287 ], [ -49.3802937, -24.7382307 ], [ -49.3841788, -24.737024 ], [ -49.3871931, -24.7334221 ], [ -49.3895495, -24.7341034 ], [ -49.3893791, -24.7329343 ], [ -49.3912564, -24.7317261 ], [ -49.3918979, -24.7301287 ], [ -49.3941147, -24.7293651 ], [ -49.3959788, -24.7300655 ], [ -49.3964783, -24.7287511 ], [ -49.3970407, -24.7286269 ], [ -49.3979269, -24.7304224 ], [ -49.3991592, -24.7303944 ], [ -49.4002485, -24.7320457 ], [ -49.4016498, -24.7321859 ], [ -49.4010331, -24.7308031 ], [ -49.4021073, -24.7306125 ], [ -49.4021904, -24.7313637 ], [ -49.4030978, -24.7304374 ], [ -49.4095223, -24.7310563 ], [ -49.4120279, -24.7291328 ], [ -49.4113421, -24.7288227 ], [ -49.4126393, -24.7278371 ], [ -49.4125542, -24.7269769 ], [ -49.4134212, -24.7271754 ], [ -49.4160714, -24.7249977 ], [ -49.4172752, -24.7250722 ], [ -49.4169147, -24.7234964 ], [ -49.4175845, -24.7240835 ], [ -49.4176789, -24.7233152 ], [ -49.4184482, -24.7235332 ], [ -49.4179113, -24.7223187 ], [ -49.4172582, -24.7226789 ], [ -49.4163691, -24.7218455 ], [ -49.4172793, -24.7201102 ], [ -49.4197177, -24.7183935 ], [ -49.422475, -24.7191415 ], [ -49.4243898, -24.7224547 ], [ -49.4279899, -24.7229561 ], [ -49.4313406, -24.7258959 ], [ -49.4364664, -24.7225948 ], [ -49.4373728, -24.7208214 ], [ -49.4406635, -24.7214825 ], [ -49.4440179, -24.7202094 ], [ -49.4482484, -24.7211312 ], [ -49.4471697, -24.7235959 ], [ -49.4499716, -24.7245934 ], [ -49.4507905, -24.7232866 ], [ -49.4517916, -24.7240683 ], [ -49.4521914, -24.7229731 ], [ -49.4528039, -24.7232358 ], [ -49.4528433, -24.7223163 ], [ -49.4516776, -24.7214945 ], [ -49.4529684, -24.7199398 ], [ -49.4539723, -24.719908 ], [ -49.4532963, -24.7193263 ], [ -49.454211, -24.7190819 ], [ -49.4537058, -24.7185368 ], [ -49.4550479, -24.7159503 ], [ -49.4578935, -24.7132686 ], [ -49.4584642, -24.7141084 ], [ -49.4595998, -24.7128175 ], [ -49.460438, -24.7139698 ], [ -49.460752, -24.7118865 ], [ -49.4618281, -24.7128063 ], [ -49.4667087, -24.7109346 ], [ -49.468513, -24.7122259 ], [ -49.4694069, -24.7092518 ], [ -49.4713937, -24.709082 ], [ -49.4743476, -24.7101115 ], [ -49.475523, -24.7115388 ], [ -49.4776652, -24.7114203 ], [ -49.4790376, -24.7146473 ], [ -49.4816364, -24.7158751 ], [ -49.4823169, -24.7190407 ], [ -49.4841339, -24.7185908 ], [ -49.4841201, -24.7176074 ], [ -49.4848972, -24.71731 ], [ -49.4862374, -24.7185612 ], [ -49.4861774, -24.7201676 ], [ -49.4888944, -24.7197149 ], [ -49.4886008, -24.7210259 ], [ -49.4901626, -24.7188546 ], [ -49.49095, -24.7200234 ], [ -49.4920153, -24.718976 ], [ -49.4938526, -24.719004 ], [ -49.4957213, -24.7201106 ], [ -49.4947394, -24.7190378 ], [ -49.4960683, -24.7176992 ], [ -49.4972846, -24.7201141 ], [ -49.5009728, -24.7217986 ], [ -49.5016829, -24.7214964 ], [ -49.5018114, -24.72243 ], [ -49.5034224, -24.7205339 ], [ -49.5059855, -24.72128 ], [ -49.5069952, -24.7201785 ], [ -49.5083487, -24.7226057 ], [ -49.5085146, -24.7203582 ], [ -49.5074209, -24.7192858 ], [ -49.5077183, -24.7176144 ], [ -49.5092019, -24.7183497 ], [ -49.509928, -24.7154811 ], [ -49.5112047, -24.7151489 ], [ -49.5125274, -24.7179121 ], [ -49.5119436, -24.7194092 ], [ -49.5140241, -24.7197416 ], [ -49.5147202, -24.7207903 ], [ -49.5150135, -24.718462 ], [ -49.5168332, -24.7187586 ], [ -49.5169024, -24.7165298 ], [ -49.5181398, -24.7169046 ], [ -49.5185969, -24.7159614 ], [ -49.5199094, -24.7158978 ], [ -49.5199564, -24.7190544 ], [ -49.5211222, -24.7210983 ], [ -49.5226648, -24.7205217 ], [ -49.5229738, -24.7176379 ], [ -49.5243086, -24.7183326 ], [ -49.5264497, -24.7175008 ], [ -49.526479, -24.7160457 ], [ -49.5278173, -24.7152629 ], [ -49.5297698, -24.7155786 ], [ -49.5319835, -24.7141794 ], [ -49.5320814, -24.7127696 ], [ -49.5348454, -24.7124859 ], [ -49.5348781, -24.7112381 ], [ -49.5365299, -24.7113367 ], [ -49.5362016, -24.7099538 ], [ -49.5383135, -24.7063864 ], [ -49.5406353, -24.7075446 ], [ -49.5428784, -24.7064479 ], [ -49.5438141, -24.7048322 ], [ -49.546575, -24.7058798 ], [ -49.5479234, -24.7039997 ], [ -49.5463928, -24.7031111 ], [ -49.5470617, -24.7005441 ], [ -49.5490176, -24.6988171 ], [ -49.5520997, -24.697837 ], [ -49.5536825, -24.6993948 ], [ -49.5553198, -24.6974492 ], [ -49.5533957, -24.6966743 ], [ -49.5559307, -24.6928352 ], [ -49.5547839, -24.6910543 ], [ -49.5563827, -24.6904356 ], [ -49.5561645, -24.6885929 ], [ -49.5585827, -24.6881751 ], [ -49.5596501, -24.6865415 ], [ -49.5611893, -24.6856787 ], [ -49.5620346, -24.6861226 ], [ -49.5636481, -24.684197 ], [ -49.5650335, -24.6841027 ], [ -49.5657604, -24.6850422 ], [ -49.5690562, -24.6824254 ], [ -49.5693929, -24.6807612 ], [ -49.5675266, -24.6793061 ], [ -49.5679295, -24.6770303 ], [ -49.5725609, -24.6707387 ], [ -49.572232, -24.6694748 ], [ -49.5734315, -24.6689028 ], [ -49.5734814, -24.6680221 ], [ -49.5774251, -24.6677767 ], [ -49.5814191, -24.6688239 ], [ -49.5822114, -24.6674649 ], [ -49.5851665, -24.6692978 ], [ -49.5851665, -24.6709521 ], [ -49.592835, -24.6759244 ], [ -49.5944807, -24.6758464 ], [ -49.5947876, -24.6768718 ], [ -49.6006965, -24.6777024 ], [ -49.6014293, -24.6765695 ], [ -49.6067691, -24.6758434 ], [ -49.6091067, -24.6766955 ], [ -49.6109152, -24.6798956 ], [ -49.6105828, -24.6806365 ], [ -49.6124283, -24.6805831 ], [ -49.6128727, -24.681498 ], [ -49.6176278, -24.6805057 ], [ -49.6204448, -24.6826917 ], [ -49.6240752, -24.6810988 ], [ -49.6288534, -24.6808016 ], [ -49.630128, -24.6765441 ], [ -49.6285684, -24.6669124 ], [ -49.6300632, -24.664695 ], [ -49.6324948, -24.6633319 ], [ -49.6335757, -24.6610196 ], [ -49.6431069, -24.6615002 ], [ -49.6473298, -24.660122 ], [ -49.647465, -24.6592168 ], [ -49.6445122, -24.6564732 ], [ -49.6454687, -24.6536372 ], [ -49.6450304, -24.6499526 ], [ -49.6415284, -24.6419804 ], [ -49.6296268, -24.6433468 ], [ -49.6229528, -24.6467798 ], [ -49.6130781, -24.6420287 ], [ -49.6105683, -24.6384614 ], [ -49.6078812, -24.6366873 ], [ -49.5993635, -24.6388914 ], [ -49.5956489, -24.6386622 ], [ -49.5933773, -24.6376695 ], [ -49.5911783, -24.6349786 ], [ -49.5922568, -24.6287263 ], [ -49.5913878, -24.6209492 ], [ -49.5899271, -24.618653 ], [ -49.5871303, -24.6171214 ], [ -49.5843694, -24.6172424 ], [ -49.5761656, -24.6152215 ], [ -49.5735957, -24.613681 ], [ -49.572531, -24.6107836 ], [ -49.5684697, -24.6089533 ], [ -49.5655121, -24.6061147 ], [ -49.5596209, -24.6044339 ], [ -49.5563585, -24.5987723 ], [ -49.5536374, -24.5964648 ], [ -49.5539063, -24.5924128 ], [ -49.5489329, -24.5868205 ], [ -49.549442, -24.5851623 ], [ -49.5531139, -24.5840965 ], [ -49.5525499, -24.5817517 ], [ -49.5536243, -24.5801679 ], [ -49.5473263, -24.575397 ], [ -49.5440077, -24.5750008 ], [ -49.5428797, -24.5734422 ], [ -49.5392126, -24.5720112 ], [ -49.5236895, -24.5763712 ], [ -49.5265216, -24.5840541 ], [ -49.5261022, -24.5864851 ], [ -49.5245515, -24.5884754 ], [ -49.5255225, -24.5906404 ], [ -49.5248205, -24.593792 ], [ -49.5281279, -24.6005367 ], [ -49.5248794, -24.6029523 ], [ -49.524733, -24.6040409 ], [ -49.5264655, -24.6063519 ], [ -49.5233321, -24.6103008 ], [ -49.5173669, -24.6093461 ], [ -49.5152107, -24.6120119 ], [ -49.5106987, -24.6142121 ], [ -49.508756, -24.6105999 ], [ -49.5041332, -24.6110893 ], [ -49.5034142, -24.6090416 ], [ -49.5014635, -24.6069842 ], [ -49.5019232, -24.6050446 ], [ -49.500943, -24.6027052 ], [ -49.5016266, -24.6004453 ], [ -49.497732, -24.5980235 ], [ -49.4969251, -24.5898592 ], [ -49.4936106, -24.5874953 ], [ -49.4944476, -24.5841534 ], [ -49.4974549, -24.5812203 ], [ -49.4948576, -24.5764371 ], [ -49.4956831, -24.5695513 ], [ -49.4909856, -24.5540353 ], [ -49.4912255, -24.5518036 ], [ -49.4886094, -24.5488307 ], [ -49.4877253, -24.5459717 ], [ -49.4863301, -24.5449759 ], [ -49.4830336, -24.5448423 ], [ -49.4813526, -24.5436118 ], [ -49.4797453, -24.5404383 ], [ -49.4725638, -24.5422109 ], [ -49.4686047, -24.5449878 ], [ -49.466381, -24.5446256 ], [ -49.4641526, -24.540282 ], [ -49.4590337, -24.5381408 ], [ -49.4569343, -24.5362254 ], [ -49.4544727, -24.5293548 ], [ -49.4517556, -24.5259288 ], [ -49.4476829, -24.5251576 ], [ -49.4459731, -24.5261593 ], [ -49.4445589, -24.5290078 ], [ -49.4434942, -24.5292901 ], [ -49.4411331, -24.5272757 ], [ -49.4373808, -24.5219921 ], [ -49.4371567, -24.5184465 ], [ -49.4339555, -24.5181806 ], [ -49.4314479, -24.5213373 ], [ -49.4302943, -24.5202583 ], [ -49.4292476, -24.5150599 ], [ -49.4291555, -24.5006876 ], [ -49.4269467, -24.4991461 ], [ -49.4231962, -24.498039 ], [ -49.4199356, -24.5002404 ], [ -49.4181832, -24.5004639 ], [ -49.4109586, -24.4971351 ], [ -49.4083416, -24.4987098 ], [ -49.3967099, -24.496597 ], [ -49.3967878, -24.4939751 ], [ -49.3960064, -24.4926099 ], [ -49.3930588, -24.4913148 ], [ -49.3897141, -24.4872978 ], [ -49.3844279, -24.4861728 ], [ -49.3785862, -24.4828082 ], [ -49.3771998, -24.4834713 ], [ -49.3728052, -24.4829389 ], [ -49.367701, -24.4797397 ], [ -49.3638353, -24.4795908 ], [ -49.3619489, -24.4778232 ], [ -49.3592482, -24.4776945 ], [ -49.3562778, -24.473682 ], [ -49.3554792, -24.474062 ], [ -49.3553412, -24.4723111 ], [ -49.3530244, -24.4712202 ], [ -49.3514106, -24.4648404 ], [ -49.3467754, -24.4584787 ], [ -49.3381835, -24.4547915 ], [ -49.3341726, -24.4540005 ], [ -49.3286942, -24.4509959 ], [ -49.326652, -24.4490331 ], [ -49.326664, -24.4480138 ], [ -49.3245607, -24.4472265 ], [ -49.3150534, -24.4402615 ], [ -49.3136077, -24.4375756 ], [ -49.3138642, -24.4340343 ], [ -49.3121646, -24.4303731 ], [ -49.3084276, -24.429163 ], [ -49.300688, -24.4292252 ], [ -49.2967723, -24.4282598 ], [ -49.2924023, -24.4261695 ], [ -49.2850183, -24.4193896 ], [ -49.2756757, -24.4169488 ], [ -49.2730514, -24.4189578 ], [ -49.2623716, -24.4241584 ], [ -49.2602149, -24.4245309 ], [ -49.2594385, -24.4267161 ], [ -49.2525935, -24.4334587 ], [ -49.2532388, -24.4376131 ], [ -49.2521838, -24.4399059 ], [ -49.2525191, -24.4415373 ], [ -49.2505178, -24.4454195 ], [ -49.2508895, -24.4472671 ], [ -49.2534449, -24.449552 ], [ -49.2516777, -24.4515712 ], [ -49.2535489, -24.4557445 ], [ -49.2512639, -24.4574375 ], [ -49.2455969, -24.4581786 ], [ -49.2448189, -24.4633813 ], [ -49.2453174, -24.4651093 ], [ -49.2484906, -24.4633992 ], [ -49.2491229, -24.4665261 ], [ -49.2469227, -24.469098 ], [ -49.2489852, -24.4715054 ], [ -49.2537376, -24.4704536 ], [ -49.2534283, -24.4730093 ], [ -49.2545682, -24.4739196 ], [ -49.2591131, -24.4727938 ], [ -49.260674, -24.4737442 ], [ -49.2630821, -24.4738276 ], [ -49.2654579, -24.4793291 ], [ -49.2680959, -24.4801286 ], [ -49.2685744, -24.4813968 ], [ -49.2698187, -24.4812786 ], [ -49.2712203, -24.4833329 ], [ -49.2702186, -24.4846186 ], [ -49.2713419, -24.4901791 ], [ -49.2695737, -24.4923101 ], [ -49.281128, -24.4951235 ], [ -49.2842845, -24.494821 ], [ -49.2900096, -24.4977944 ], [ -49.2914917, -24.4999015 ], [ -49.2956741, -24.5003099 ], [ -49.2963754, -24.5032908 ], [ -49.294629, -24.5054859 ], [ -49.2947262, -24.5064014 ], [ -49.2897041, -24.5104942 ], [ -49.2895682, -24.5134185 ], [ -49.287117, -24.5142033 ], [ -49.2874339, -24.5152329 ], [ -49.2864335, -24.5161385 ], [ -49.2871086, -24.5174901 ], [ -49.2862367, -24.5182592 ], [ -49.2866521, -24.5202998 ], [ -49.2883439, -24.522837 ], [ -49.2868484, -24.5232335 ], [ -49.2879964, -24.5266482 ], [ -49.2874506, -24.5283589 ], [ -49.2864295, -24.530471 ], [ -49.2852026, -24.5300102 ], [ -49.2836584, -24.5322744 ], [ -49.2837925, -24.5336775 ], [ -49.2803462, -24.534705 ], [ -49.280272, -24.5372649 ], [ -49.2836719, -24.540826 ], [ -49.2891741, -24.5434836 ], [ -49.2900632, -24.5428722 ], [ -49.2922598, -24.5443015 ], [ -49.2925311, -24.55289 ], [ -49.2957282, -24.5520942 ], [ -49.2970901, -24.5496098 ], [ -49.2996996, -24.5506594 ], [ -49.3028266, -24.5501273 ], [ -49.3040893, -24.5469772 ], [ -49.3055731, -24.5463919 ], [ -49.3054614, -24.547837 ], [ -49.3065145, -24.5478408 ], [ -49.3070724, -24.5499229 ], [ -49.3085749, -24.5491578 ], [ -49.3098163, -24.5499278 ], [ -49.3097861, -24.553413 ], [ -49.3159894, -24.5555089 ], [ -49.3146385, -24.562451 ], [ -49.3176762, -24.5640541 ], [ -49.3176777, -24.5666395 ], [ -49.3135482, -24.5699884 ], [ -49.3137644, -24.5722851 ], [ -49.3131012, -24.5739122 ], [ -49.3117114, -24.5746257 ], [ -49.3125989, -24.5788772 ], [ -49.3108722, -24.5809954 ], [ -49.312772, -24.5825272 ], [ -49.3123524, -24.5860697 ], [ -49.3159333, -24.5867103 ], [ -49.3165653, -24.5879751 ], [ -49.3145465, -24.5902807 ], [ -49.3080168, -24.5928884 ], [ -49.3041567, -24.5957221 ], [ -49.3035971, -24.5969487 ], [ -49.3092027, -24.6022144 ], [ -49.3084023, -24.6034858 ], [ -49.3096472, -24.6042803 ], [ -49.3109881, -24.6032961 ], [ -49.3122409, -24.603615 ], [ -49.313128, -24.6047037 ], [ -49.3119031, -24.6051206 ], [ -49.3140964, -24.6082731 ], [ -49.3122699, -24.6108017 ], [ -49.3146246, -24.6142646 ], [ -49.3140728, -24.6156518 ], [ -49.3070756, -24.6217381 ], [ -49.3081257, -24.6240976 ], [ -49.3097377, -24.6250936 ], [ -49.3115969, -24.6302905 ], [ -49.3140712, -24.6320664 ], [ -49.3144561, -24.6334296 ], [ -49.312871, -24.6343271 ], [ -49.3133774, -24.6379902 ], [ -49.3164281, -24.6389985 ], [ -49.3137079, -24.6420622 ], [ -49.3124073, -24.6419686 ], [ -49.310674, -24.6401942 ], [ -49.3063758, -24.6428519 ], [ -49.3070084, -24.6444403 ], [ -49.3097351, -24.6457611 ], [ -49.3055117, -24.6489614 ], [ -49.3016669, -24.6498324 ], [ -49.3012945, -24.6528835 ], [ -49.2996253, -24.6549573 ], [ -49.3026208, -24.6581315 ], [ -49.3071821, -24.6579827 ], [ -49.307122, -24.659587 ], [ -49.3081517, -24.6608613 ], [ -49.3113166, -24.6621318 ], [ -49.3120154, -24.6635327 ], [ -49.3094893, -24.6655259 ], [ -49.3080746, -24.6657133 ], [ -49.3078992, -24.6670969 ], [ -49.3050182, -24.6690339 ], [ -49.3053976, -24.6736498 ], [ -49.3037627, -24.6730124 ], [ -49.2941625, -24.6758825 ], [ -49.2937093, -24.6777348 ], [ -49.2910516, -24.6790685 ], [ -49.2879819, -24.6844116 ], [ -49.2756811, -24.6943759 ], [ -49.2729537, -24.6945984 ], [ -49.2716255, -24.6933757 ], [ -49.2700981, -24.6932278 ], [ -49.2656835, -24.6936294 ], [ -49.2627586, -24.6925384 ], [ -49.2613729, -24.6931153 ], [ -49.2590973, -24.6960063 ], [ -49.2573996, -24.69645 ], [ -49.2444379, -24.6967589 ], [ -49.2370413, -24.6991101 ], [ -49.2232588, -24.6985849 ], [ -49.2148307, -24.702228 ], [ -49.211819, -24.7023646 ], [ -49.2079167, -24.7009064 ], [ -49.2139097, -24.7058422 ], [ -49.2143356, -24.7069339 ], [ -49.2131649, -24.7114714 ], [ -49.2142055, -24.7161091 ], [ -49.2136202, -24.7183765 ], [ -49.2148061, -24.7204895 ], [ -49.2142094, -24.7235672 ], [ -49.215843, -24.725381 ], [ -49.2208654, -24.7260974 ], [ -49.2220591, -24.7279079 ], [ -49.2222104, -24.7308527 ], [ -49.2210445, -24.7385944 ], [ -49.2193283, -24.7405322 ], [ -49.2139687, -24.7439753 ], [ -49.2114977, -24.7487443 ], [ -49.2117529, -24.7508547 ], [ -49.2138136, -24.7533767 ], [ -49.2112768, -24.7565807 ], [ -49.2106168, -24.7601887 ], [ -49.2082964, -24.7643697 ], [ -49.2091285, -24.7674299 ], [ -49.2065189, -24.7718186 ], [ -49.206963, -24.7747538 ], [ -49.203477, -24.7795415 ], [ -49.2055018, -24.784951 ], [ -49.2036322, -24.7878393 ], [ -49.2036574, -24.7900108 ], [ -49.2075471, -24.791452 ], [ -49.2090967, -24.7909115 ], [ -49.2112613, -24.788509 ], [ -49.2124115, -24.785513 ], [ -49.2251055, -24.780331 ], [ -49.2317605, -24.7793734 ], [ -49.2515527, -24.7829643 ], [ -49.2544658, -24.7824665 ], [ -49.257468, -24.785605 ], [ -49.2595835, -24.7863573 ], [ -49.2615996, -24.7865264 ], [ -49.2650223, -24.7849635 ], [ -49.2686869, -24.7854934 ], [ -49.2707727, -24.787994 ], [ -49.2702934, -24.7934979 ], [ -49.2741925, -24.7981787 ], [ -49.2762183, -24.7978623 ], [ -49.2769416, -24.7915572 ], [ -49.2824833, -24.7867673 ], [ -49.2921528, -24.7830435 ], [ -49.296772, -24.7832406 ], [ -49.2978066, -24.7776692 ], [ -49.2989454, -24.7758871 ], [ -49.3007643, -24.7749847 ], [ -49.3033528, -24.7761304 ], [ -49.3082085, -24.7726178 ], [ -49.3098587, -24.7724874 ], [ -49.3115282, -24.7706884 ], [ -49.3136551, -24.7705882 ], [ -49.3172669, -24.7648041 ], [ -49.3244554, -24.7634778 ], [ -49.3269286, -24.7613947 ], [ -49.3313229, -24.7622916 ], [ -49.3358835, -24.7588003 ], [ -49.3406515, -24.7568462 ] ] ] } },
{ "type": "Feature", "properties": { "municipio": "Campo Largo", "municipio_norm": "CAMPO LARGO", "uf": "Paraná", "uf_sigla": "PR", "uf_norm": "PARANA", "cod_municipio": "4104204" }, "geometry": { "type": "Polygon", "coordinates": [ [ [ -49.3859593, -25.4650015 ], [ -49.3843331, -25.4659225 ], [ -49.3854474, -25.4668105 ], [ -49.3847705, -25.4678063 ], [ -49.3823069, -25.468901 ], [ -49.3833336, -25.4698917 ], [ -49.384681, -25.4697061 ], [ -49.3838761, -25.4707177 ], [ -49.3847318, -25.4714472 ], [ -49.3835689, -25.4722971 ], [ -49.3845657, -25.4735797 ], [ -49.383755, -25.4749767 ], [ -49.3844145, -25.475319 ], [ -49.3829465, -25.4755098 ], [ -49.3839665, -25.4763931 ], [ -49.3819186, -25.4778774 ], [ -49.3840982, -25.4796339 ], [ -49.3833851, -25.4818853 ], [ -49.3848216, -25.4827285 ], [ -49.3836131, -25.4834698 ], [ -49.3834158, -25.4858418 ], [ -49.3818155, -25.4862861 ], [ -49.3812803, -25.4877376 ], [ -49.3792822, -25.4869281 ], [ -49.381071, -25.4888634 ], [ -49.3791088, -25.4903116 ], [ -49.3795241, -25.4915236 ], [ -49.3786839, -25.4916585 ], [ -49.3795412, -25.4924529 ], [ -49.3751207, -25.4934607 ], [ -49.3747014, -25.4948194 ], [ -49.3733739, -25.4952569 ], [ -49.3720789, -25.4969998 ], [ -49.3721158, -25.5015852 ], [ -49.3743625, -25.5041161 ], [ -49.3738577, -25.5077747 ], [ -49.3743977, -25.5092384 ], [ -49.3727195, -25.5125312 ], [ -49.3752313, -25.5132193 ], [ -49.3759759, -25.5146678 ], [ -49.379428, -25.5141729 ], [ -49.3793594, -25.5151562 ], [ -49.3813035, -25.5140886 ], [ -49.3808505, -25.5105341 ], [ -49.3817043, -25.5074504 ], [ -49.3828309, -25.5069345 ], [ -49.3824895, -25.5059472 ], [ -49.3848739, -25.50159 ], [ -49.3873321, -25.5000583 ], [ -49.3888175, -25.4971051 ], [ -49.3946247, -25.4985898 ], [ -49.3955394, -25.4973113 ], [ -49.3994147, -25.4958517 ], [ -49.4012383, -25.4928441 ], [ -49.4213285, -25.4899227 ], [ -49.423651, -25.4865465 ], [ -49.4245094, -25.4832499 ], [ -49.4281263, -25.480712 ], [ -49.4359077, -25.4806348 ], [ -49.4378721, -25.4797652 ], [ -49.4397779, -25.4826017 ], [ -49.4430827, -25.483442 ], [ -49.4425272, -25.4859481 ], [ -49.4433402, -25.4866859 ], [ -49.4466366, -25.4853556 ], [ -49.4497731, -25.4869662 ], [ -49.4522599, -25.4867279 ], [ -49.4550717, -25.4852887 ], [ -49.4599233, -25.486598 ], [ -49.4632507, -25.4839071 ], [ -49.4625707, -25.4833077 ], [ -49.4635941, -25.4821834 ], [ -49.4663197, -25.4815747 ], [ -49.4675735, -25.4823692 ], [ -49.4684088, -25.4817995 ], [ -49.4694899, -25.4828211 ], [ -49.4685136, -25.4831171 ], [ -49.4687788, -25.4843226 ], [ -49.4701134, -25.4846358 ], [ -49.4696257, -25.4859874 ], [ -49.4707256, -25.4861664 ], [ -49.4706578, -25.4872021 ], [ -49.4719439, -25.4873507 ], [ -49.4728306, -25.4859447 ], [ -49.4745596, -25.4866736 ], [ -49.4745306, -25.485988 ], [ -49.4756536, -25.4873812 ], [ -49.4760074, -25.4863848 ], [ -49.4772054, -25.4879812 ], [ -49.4777696, -25.4877165 ], [ -49.4775731, -25.4884456 ], [ -49.4786315, -25.4882439 ], [ -49.4786934, -25.4891936 ], [ -49.4815371, -25.4902928 ], [ -49.4833622, -25.4929498 ], [ -49.4874618, -25.4946649 ], [ -49.4865707, -25.4971484 ], [ -49.485824, -25.4965705 ], [ -49.4866659, -25.4977685 ], [ -49.4862095, -25.4984761 ], [ -49.4873467, -25.4986425 ], [ -49.4867552, -25.499637 ], [ -49.4894767, -25.5008701 ], [ -49.492479, -25.499682 ], [ -49.4951535, -25.500792 ], [ -49.5012814, -25.5011301 ], [ -49.5015735, -25.5017571 ], [ -49.500765, -25.5020072 ], [ -49.5015847, -25.5036954 ], [ -49.5011733, -25.507545 ], [ -49.5026149, -25.5070522 ], [ -49.5026118, -25.5082296 ], [ -49.5066309, -25.5107626 ], [ -49.5080517, -25.5099213 ], [ -49.5080871, -25.511481 ], [ -49.5111435, -25.5106843 ], [ -49.513666, -25.5139363 ], [ -49.5130766, -25.5147669 ], [ -49.5134668, -25.5172781 ], [ -49.5147939, -25.5171375 ], [ -49.5158381, -25.5156927 ], [ -49.5169741, -25.5190267 ], [ -49.5197615, -25.5201397 ], [ -49.5208945, -25.5175912 ], [ -49.5230899, -25.5181897 ], [ -49.5237191, -25.5217208 ], [ -49.5247422, -25.5220195 ], [ -49.525002, -25.5252087 ], [ -49.5277795, -25.5256284 ], [ -49.5272785, -25.5268439 ], [ -49.5288014, -25.5275705 ], [ -49.5296534, -25.5296632 ], [ -49.5315124, -25.5304288 ], [ -49.5333988, -25.5286852 ], [ -49.5353456, -25.5298742 ], [ -49.5350775, -25.5304472 ], [ -49.5364622, -25.5302568 ], [ -49.5361516, -25.5311709 ], [ -49.5390064, -25.5314198 ], [ -49.538868, -25.5333526 ], [ -49.5404785, -25.533198 ], [ -49.5420149, -25.5343159 ], [ -49.5448665, -25.5378513 ], [ -49.5480332, -25.5383924 ], [ -49.548814, -25.5403496 ], [ -49.5506108, -25.539895 ], [ -49.552879, -25.541071 ], [ -49.5532863, -25.5420645 ], [ -49.5511228, -25.5425251 ], [ -49.5522223, -25.5442658 ], [ -49.5511587, -25.5457805 ], [ -49.5530968, -25.5476475 ], [ -49.5508553, -25.5476588 ], [ -49.5503248, -25.5484338 ], [ -49.5530655, -25.5516981 ], [ -49.5525696, -25.5526435 ], [ -49.5538401, -25.5540948 ], [ -49.5552832, -25.5522807 ], [ -49.5568104, -25.552499 ], [ -49.5559863, -25.5511181 ], [ -49.5590497, -25.5511469 ], [ -49.5586607, -25.5494152 ], [ -49.560243, -25.5497856 ], [ -49.5612288, -25.5485414 ], [ -49.5625345, -25.5486908 ], [ -49.5628818, -25.5477778 ], [ -49.5634203, -25.5483744 ], [ -49.5644676, -25.5479438 ], [ -49.5634321, -25.5470539 ], [ -49.5638147, -25.5463465 ], [ -49.5645694, -25.5456413 ], [ -49.5654217, -25.5462599 ], [ -49.5659791, -25.5449946 ], [ -49.5676316, -25.5441607 ], [ -49.566472, -25.5411011 ], [ -49.566515, -25.5359632 ], [ -49.5655884, -25.5337684 ], [ -49.5649843, -25.5265225 ], [ -49.5694778, -25.5271943 ], [ -49.5700629, -25.5281489 ], [ -49.5710391, -25.5276153 ], [ -49.5722091, -25.5267126 ], [ -49.5768292, -25.5181123 ], [ -49.5793825, -25.5169143 ], [ -49.5812398, -25.5145258 ], [ -49.5826591, -25.5146072 ], [ -49.5868972, -25.5193612 ], [ -49.5888488, -25.518499 ], [ -49.5883118, -25.5180252 ], [ -49.5892355, -25.5173448 ], [ -49.5887708, -25.5156838 ], [ -49.5908993, -25.5123798 ], [ -49.5900744, -25.5094907 ], [ -49.5906808, -25.5088864 ], [ -49.5897304, -25.5069792 ], [ -49.5911186, -25.5064136 ], [ -49.5916822, -25.503032 ], [ -49.5949894, -25.5013139 ], [ -49.5961863, -25.4990351 ], [ -49.5955129, -25.4974985 ], [ -49.5946686, -25.4978363 ], [ -49.595299, -25.4963812 ], [ -49.593743, -25.4950082 ], [ -49.5909075, -25.49477 ], [ -49.5914539, -25.493871 ], [ -49.5902348, -25.4931641 ], [ -49.5898824, -25.4938203 ], [ -49.5884443, -25.4921373 ], [ -49.5879886, -25.4885458 ], [ -49.5866159, -25.4879054 ], [ -49.5857155, -25.4862971 ], [ -49.5863359, -25.4856049 ], [ -49.5855058, -25.4844141 ], [ -49.586555, -25.483204 ], [ -49.5854822, -25.4832637 ], [ -49.5854919, -25.4824279 ], [ -49.5830603, -25.4826112 ], [ -49.5843589, -25.4786994 ], [ -49.5833957, -25.478133 ], [ -49.5846629, -25.4775282 ], [ -49.5817805, -25.4742716 ], [ -49.5803884, -25.4742689 ], [ -49.5812212, -25.473506 ], [ -49.5809325, -25.4724623 ], [ -49.5799999, -25.4717378 ], [ -49.5787601, -25.472195 ], [ -49.5791734, -25.4713618 ], [ -49.577811, -25.471077 ], [ -49.5775236, -25.4693794 ], [ -49.5768234, -25.469821 ], [ -49.5762935, -25.4686224 ], [ -49.5770652, -25.4672544 ], [ -49.5749576, -25.4667956 ], [ -49.573695, -25.464935 ], [ -49.574889, -25.462373 ], [ -49.5742926, -25.4615457 ], [ -49.5754767, -25.4597547 ], [ -49.5751394, -25.4591413 ], [ -49.5762335, -25.4588226 ], [ -49.5766592, -25.4608585 ], [ -49.5822547, -25.4611222 ], [ -49.5833158, -25.4586601 ], [ -49.5821848, -25.4571864 ], [ -49.5826615, -25.4556573 ], [ -49.5839739, -25.4548362 ], [ -49.5852284, -25.4557884 ], [ -49.5863341, -25.4595598 ], [ -49.5882913, -25.4593347 ], [ -49.5887812, -25.4567626 ], [ -49.5932832, -25.4553081 ], [ -49.5985718, -25.4553592 ], [ -49.6001862, -25.4516503 ], [ -49.6027531, -25.4484708 ], [ -49.6055202, -25.4511069 ], [ -49.607748, -25.4507112 ], [ -49.6116878, -25.4514099 ], [ -49.6148258, -25.4552337 ], [ -49.614412, -25.4579469 ], [ -49.6174428, -25.4589725 ], [ -49.6194459, -25.4614577 ], [ -49.6216207, -25.4589031 ], [ -49.6239315, -25.4613263 ], [ -49.6271174, -25.4595865 ], [ -49.6305121, -25.4591963 ], [ -49.6403774, -25.4611703 ], [ -49.6431892, -25.4634215 ], [ -49.6463013, -25.4696822 ], [ -49.6483679, -25.4699812 ], [ -49.6551028, -25.4677097 ], [ -49.6652319, -25.470345 ], [ -49.6716557, -25.4684176 ], [ -49.6758223, -25.4659478 ], [ -49.6823288, -25.4705695 ], [ -49.6853621, -25.4700738 ], [ -49.6869251, -25.4672335 ], [ -49.6906541, -25.466394 ], [ -49.6930242, -25.4669734 ], [ -49.6985328, -25.471585 ], [ -49.7016586, -25.4732128 ], [ -49.7094111, -25.4761001 ], [ -49.7114141, -25.4751439 ], [ -49.711582, -25.4738927 ], [ -49.7101488, -25.4715811 ], [ -49.7071415, -25.4696398 ], [ -49.7061616, -25.4679595 ], [ -49.703824, -25.4608736 ], [ -49.7035126, -25.4505254 ], [ -49.7022925, -25.4463718 ], [ -49.6973488, -25.4432673 ], [ -49.6958012, -25.440499 ], [ -49.6942012, -25.4396485 ], [ -49.6896032, -25.4394697 ], [ -49.6893435, -25.4386638 ], [ -49.6979952, -25.4360614 ], [ -49.7034642, -25.4300856 ], [ -49.7155047, -25.4321062 ], [ -49.718412, -25.433455 ], [ -49.7211712, -25.4334794 ], [ -49.7227525, -25.4324134 ], [ -49.7232321, -25.430608 ], [ -49.7225036, -25.4270491 ], [ -49.7264736, -25.4248891 ], [ -49.7290355, -25.4217087 ], [ -49.7273784, -25.4153213 ], [ -49.7279308, -25.4102074 ], [ -49.7244637, -25.4077738 ], [ -49.7160803, -25.4039403 ], [ -49.7149962, -25.401529 ], [ -49.7150935, -25.3995098 ], [ -49.7179145, -25.3970615 ], [ -49.7258409, -25.3938593 ], [ -49.7330021, -25.394302 ], [ -49.7384934, -25.3930624 ], [ -49.7392139, -25.3899347 ], [ -49.7377077, -25.3839663 ], [ -49.7402538, -25.3784521 ], [ -49.7380598, -25.3721999 ], [ -49.7388443, -25.3703275 ], [ -49.7359404, -25.3659488 ], [ -49.7355011, -25.3638555 ], [ -49.736051, -25.3627459 ], [ -49.7405034, -25.3618085 ], [ -49.7432534, -25.358734 ], [ -49.7437308, -25.3568554 ], [ -49.7423348, -25.3551408 ], [ -49.7583518, -25.3612536 ], [ -49.7960071, -25.3052645 ], [ -49.8196313, -25.2718158 ], [ -49.8196637, -25.2700552 ], [ -49.8218075, -25.2683089 ], [ -49.8264519, -25.2669162 ], [ -49.8267912, -25.2635057 ], [ -49.8277978, -25.2623293 ], [ -49.8431075, -25.2540944 ], [ -49.848099, -25.2483181 ], [ -49.8489098, -25.2435186 ], [ -49.8504284, -25.2407088 ], [ -49.8558295, -25.2360856 ], [ -49.8567694, -25.2339327 ], [ -49.8546695, -25.2332548 ], [ -49.8491534, -25.2339077 ], [ -49.8401649, -25.2295189 ], [ -49.8379633, -25.2276925 ], [ -49.8320543, -25.2253139 ], [ -49.8286931, -25.2247984 ], [ -49.8173144, -25.2263447 ], [ -49.8158712, -25.2252865 ], [ -49.8135113, -25.2200109 ], [ -49.8098721, -25.2166404 ], [ -49.8073156, -25.2158867 ], [ -49.8015747, -25.2161891 ], [ -49.7984143, -25.2146666 ], [ -49.7966363, -25.2086622 ], [ -49.7953109, -25.2072233 ], [ -49.7958883, -25.2030501 ], [ -49.7939654, -25.2002813 ], [ -49.7809062, -25.1940822 ], [ -49.7778101, -25.1938814 ], [ -49.7706667, -25.1968174 ], [ -49.7695444, -25.1980974 ], [ -49.7691749, -25.2024908 ], [ -49.7628449, -25.2062254 ], [ -49.7607381, -25.2100355 ], [ -49.7585448, -25.2114452 ], [ -49.7541934, -25.2179556 ], [ -49.7527105, -25.217002 ], [ -49.7458589, -25.2211921 ], [ -49.7440475, -25.2194099 ], [ -49.7368259, -25.2198249 ], [ -49.7308282, -25.2244172 ], [ -49.7279353, -25.2242374 ], [ -49.7241109, -25.2217922 ], [ -49.718323, -25.2209267 ], [ -49.7153078, -25.2183452 ], [ -49.7121911, -25.217417 ], [ -49.7113725, -25.2148873 ], [ -49.7116611, -25.2116148 ], [ -49.7091199, -25.205839 ], [ -49.7063387, -25.2050907 ], [ -49.7030045, -25.2008157 ], [ -49.7008589, -25.2009652 ], [ -49.7000465, -25.1977617 ], [ -49.6983199, -25.1964996 ], [ -49.6937344, -25.1953825 ], [ -49.6925316, -25.1925568 ], [ -49.6895778, -25.1907454 ], [ -49.6890131, -25.1882654 ], [ -49.6851246, -25.1836919 ], [ -49.6853097, -25.182215 ], [ -49.6813881, -25.1778288 ], [ -49.681821, -25.1736343 ], [ -49.6809993, -25.1714117 ], [ -49.6796906, -25.1707536 ], [ -49.6802459, -25.1677593 ], [ -49.6825775, -25.1677497 ], [ -49.6826521, -25.1652973 ], [ -49.6847645, -25.1638467 ], [ -49.6859023, -25.1649026 ], [ -49.6863934, -25.1632453 ], [ -49.6880742, -25.1623823 ], [ -49.6872858, -25.1602544 ], [ -49.6877685, -25.159398 ], [ -49.6917955, -25.1571722 ], [ -49.6927277, -25.1552718 ], [ -49.6948583, -25.1550453 ], [ -49.6974288, -25.1531149 ], [ -49.6989512, -25.152913 ], [ -49.7000701, -25.1510306 ], [ -49.7033621, -25.1494607 ], [ -49.7034754, -25.1483223 ], [ -49.7049876, -25.1473352 ], [ -49.7064703, -25.1445802 ], [ -49.7065727, -25.1397046 ], [ -49.7077591, -25.139346 ], [ -49.7076782, -25.1374072 ], [ -49.7113187, -25.1364085 ], [ -49.7136595, -25.1386442 ], [ -49.7146384, -25.1386842 ], [ -49.7188735, -25.1360598 ], [ -49.7228882, -25.1346012 ], [ -49.7245443, -25.1347679 ], [ -49.7276711, -25.1327033 ], [ -49.7271961, -25.1313596 ], [ -49.7311485, -25.127949 ], [ -49.7327625, -25.1237646 ], [ -49.7315545, -25.1229837 ], [ -49.7317521, -25.1218946 ], [ -49.7291815, -25.1222415 ], [ -49.7280084, -25.1214003 ], [ -49.7293339, -25.1204589 ], [ -49.7280915, -25.1182173 ], [ -49.7284906, -25.115729 ], [ -49.7311818, -25.1149359 ], [ -49.7302877, -25.1132062 ], [ -49.7284744, -25.1122358 ], [ -49.7281184, -25.1106649 ], [ -49.7315718, -25.1115093 ], [ -49.7315565, -25.1097553 ], [ -49.7307087, -25.1100572 ], [ -49.7295572, -25.1088003 ], [ -49.7350167, -25.1049255 ], [ -49.7382992, -25.1040906 ], [ -49.7392938, -25.1028693 ], [ -49.7394402, -25.1018245 ], [ -49.735895, -25.1000864 ], [ -49.7384496, -25.096156 ], [ -49.7380066, -25.0932597 ], [ -49.7389645, -25.0920373 ], [ -49.7375551, -25.08958 ], [ -49.7358966, -25.0898425 ], [ -49.7353348, -25.0888838 ], [ -49.7360818, -25.0883357 ], [ -49.7360188, -25.0863514 ], [ -49.7387135, -25.0836351 ], [ -49.7382836, -25.0812177 ], [ -49.7394986, -25.0810128 ], [ -49.7396611, -25.0818762 ], [ -49.7419833, -25.0826033 ], [ -49.7424104, -25.0820694 ], [ -49.7408958, -25.081562 ], [ -49.7409699, -25.0808549 ], [ -49.7428438, -25.0791802 ], [ -49.7391213, -25.0751645 ], [ -49.7393263, -25.0697365 ], [ -49.7369627, -25.0652307 ], [ -49.7378493, -25.0641703 ], [ -49.7394043, -25.0639355 ], [ -49.7394499, -25.0627067 ], [ -49.7372794, -25.0622742 ], [ -49.7366812, -25.0612532 ], [ -49.7354611, -25.0615814 ], [ -49.7330064, -25.0590518 ], [ -49.7308058, -25.0598051 ], [ -49.7296191, -25.0620545 ], [ -49.7286751, -25.0617706 ], [ -49.72771, -25.0628062 ], [ -49.727422, -25.0622203 ], [ -49.7262646, -25.0632252 ], [ -49.7222889, -25.0640067 ], [ -49.7206083, -25.0633465 ], [ -49.7207831, -25.0610861 ], [ -49.719131, -25.0609494 ], [ -49.7199852, -25.0599106 ], [ -49.7187447, -25.0575473 ], [ -49.7151369, -25.0604379 ], [ -49.7129474, -25.0601279 ], [ -49.7125686, -25.0543238 ], [ -49.716872, -25.0526391 ], [ -49.716964, -25.0517614 ], [ -49.7155877, -25.0511667 ], [ -49.715667, -25.0500282 ], [ -49.7131652, -25.045966 ], [ -49.7112176, -25.0454098 ], [ -49.7089163, -25.0468925 ], [ -49.7071564, -25.0474617 ], [ -49.7058772, -25.0468986 ], [ -49.7043777, -25.0483313 ], [ -49.7020966, -25.0486637 ], [ -49.700939, -25.0464091 ], [ -49.7016164, -25.0445841 ], [ -49.7052158, -25.0425551 ], [ -49.7080953, -25.0430553 ], [ -49.7087036, -25.0397405 ], [ -49.7117373, -25.0384889 ], [ -49.7102014, -25.0368452 ], [ -49.7115078, -25.0345471 ], [ -49.7110413, -25.0340516 ], [ -49.7067023, -25.0342149 ], [ -49.7031697, -25.0322955 ], [ -49.7025377, -25.0307175 ], [ -49.7042633, -25.0303014 ], [ -49.7058557, -25.0274764 ], [ -49.7101338, -25.0259227 ], [ -49.7120202, -25.0232457 ], [ -49.7121587, -25.0215466 ], [ -49.7102669, -25.0203919 ], [ -49.7061353, -25.0214191 ], [ -49.7051635, -25.0197501 ], [ -49.7035257, -25.018991 ], [ -49.6986558, -25.0212907 ], [ -49.6985153, -25.0193511 ], [ -49.6975443, -25.0182327 ], [ -49.689105, -25.0180608 ], [ -49.6850431, -25.0157058 ], [ -49.6841309, -25.0132221 ], [ -49.6805512, -25.0087391 ], [ -49.6777462, -25.0109727 ], [ -49.6766356, -25.0095717 ], [ -49.6761324, -25.0066826 ], [ -49.6710438, -25.0059483 ], [ -49.6687086, -25.004682 ], [ -49.6680186, -25.0034455 ], [ -49.6689324, -25.0006238 ], [ -49.6682385, -24.9991619 ], [ -49.6668763, -24.9990331 ], [ -49.6656593, -25.0006376 ], [ -49.6614977, -25.0032288 ], [ -49.6548254, -25.0046924 ], [ -49.6538538, -25.0077638 ], [ -49.6527115, -25.0086487 ], [ -49.651182, -25.0028381 ], [ -49.6492709, -25.001692 ], [ -49.6455448, -25.0044847 ], [ -49.6387118, -25.007681 ], [ -49.6394382, -25.0033979 ], [ -49.6388188, -25.0021075 ], [ -49.632294, -24.9999882 ], [ -49.6317962, -24.9986238 ], [ -49.6291705, -24.9966474 ], [ -49.6272828, -24.9919985 ], [ -49.6237995, -24.9913764 ], [ -49.6234256, -24.988565 ], [ -49.6207711, -24.9873229 ], [ -49.6187355, -24.9847591 ], [ -49.6167909, -24.9799391 ], [ -49.6106519, -24.9786034 ], [ -49.609727, -24.9792259 ], [ -49.6078672, -24.9787765 ], [ -49.6059551, -24.980852 ], [ -49.6080026, -24.9828513 ], [ -49.6054324, -24.9840938 ], [ -49.6052728, -24.9856254 ], [ -49.6042124, -24.9864614 ], [ -49.6053716, -24.9880114 ], [ -49.6040673, -24.9970328 ], [ -49.6028717, -24.9993153 ], [ -49.5997197, -25.0015978 ], [ -49.5986328, -25.0106192 ], [ -49.59222, -25.015293 ], [ -49.5889592, -25.0151843 ], [ -49.5871115, -25.0165973 ], [ -49.5839445, -25.016707 ], [ -49.5828607, -25.0180693 ], [ -49.5852285, -25.0205127 ], [ -49.582321, -25.0210393 ], [ -49.5781963, -25.0246002 ], [ -49.5774436, -25.0255753 ], [ -49.5776279, -25.0269314 ], [ -49.5728356, -25.0329753 ], [ -49.5695792, -25.0344823 ], [ -49.5660626, -25.0379249 ], [ -49.56325, -25.0360526 ], [ -49.5597354, -25.0357533 ], [ -49.5559309, -25.0385653 ], [ -49.5525762, -25.0367479 ], [ -49.548522, -25.0401253 ], [ -49.5477848, -25.0433198 ], [ -49.5459834, -25.046468 ], [ -49.5504439, -25.0486953 ], [ -49.55197, -25.0510492 ], [ -49.5557384, -25.049085 ], [ -49.5570167, -25.0499574 ], [ -49.5584361, -25.0494205 ], [ -49.5608843, -25.0507648 ], [ -49.5654339, -25.0572407 ], [ -49.5637125, -25.0599915 ], [ -49.5635976, -25.0612513 ], [ -49.5643339, -25.0618129 ], [ -49.5671089, -25.0612226 ], [ -49.5702912, -25.0632545 ], [ -49.5729905, -25.0632808 ], [ -49.5782593, -25.0601001 ], [ -49.5792659, -25.0637097 ], [ -49.5774939, -25.0651698 ], [ -49.5774009, -25.0672601 ], [ -49.5822291, -25.067154 ], [ -49.5839732, -25.0681536 ], [ -49.581998, -25.0725342 ], [ -49.5795332, -25.0755254 ], [ -49.582262, -25.0759515 ], [ -49.5909196, -25.0716979 ], [ -49.5914691, -25.0738235 ], [ -49.5879913, -25.0768036 ], [ -49.587795, -25.0792341 ], [ -49.5891335, -25.0802929 ], [ -49.5929724, -25.0811293 ], [ -49.5968786, -25.0850113 ], [ -49.6016783, -25.0875491 ], [ -49.5960532, -25.0922653 ], [ -49.5932098, -25.1016805 ], [ -49.5864554, -25.1047237 ], [ -49.5865767, -25.1059563 ], [ -49.5880684, -25.1075368 ], [ -49.5876492, -25.1095661 ], [ -49.5830402, -25.1110591 ], [ -49.584398, -25.1133808 ], [ -49.5868137, -25.1147572 ], [ -49.5870853, -25.1174377 ], [ -49.5792895, -25.1170834 ], [ -49.5762564, -25.1223469 ], [ -49.573558, -25.1251191 ], [ -49.5748079, -25.1278999 ], [ -49.5723275, -25.1291369 ], [ -49.5718213, -25.1320257 ], [ -49.5700678, -25.1348071 ], [ -49.5739233, -25.1342904 ], [ -49.5749261, -25.1352898 ], [ -49.5754596, -25.1387061 ], [ -49.5716601, -25.1428834 ], [ -49.5692918, -25.1432902 ], [ -49.5653357, -25.1465752 ], [ -49.5605596, -25.1477281 ], [ -49.5602794, -25.1485864 ], [ -49.5612142, -25.1495181 ], [ -49.5632193, -25.1492257 ], [ -49.5642463, -25.153146 ], [ -49.5624827, -25.156545 ], [ -49.5590164, -25.1582955 ], [ -49.5585596, -25.1598604 ], [ -49.5585507, -25.1605981 ], [ -49.5603831, -25.159878 ], [ -49.5639798, -25.1612956 ], [ -49.5609928, -25.1684043 ], [ -49.5624948, -25.1699269 ], [ -49.5622805, -25.1709089 ], [ -49.5547694, -25.1746204 ], [ -49.5539434, -25.1759633 ], [ -49.5556363, -25.1785963 ], [ -49.5612817, -25.1749118 ], [ -49.5625997, -25.1754342 ], [ -49.5616718, -25.1796717 ], [ -49.5621334, -25.1805991 ], [ -49.5652701, -25.1810894 ], [ -49.5669047, -25.1799976 ], [ -49.5681111, -25.1808085 ], [ -49.5680236, -25.1853316 ], [ -49.5713369, -25.1878561 ], [ -49.573382, -25.1921798 ], [ -49.5714224, -25.1953315 ], [ -49.5714613, -25.1977924 ], [ -49.5730003, -25.1990997 ], [ -49.5734198, -25.2006719 ], [ -49.5763312, -25.2002714 ], [ -49.5736848, -25.2042099 ], [ -49.5695386, -25.2060799 ], [ -49.56694, -25.2059013 ], [ -49.5653741, -25.2068681 ], [ -49.5678502, -25.2088631 ], [ -49.5679065, -25.2099099 ], [ -49.5661609, -25.21183 ], [ -49.5668896, -25.2130068 ], [ -49.5682337, -25.2136967 ], [ -49.5710453, -25.2130167 ], [ -49.5730338, -25.2164179 ], [ -49.5715472, -25.2193278 ], [ -49.5733606, -25.220329 ], [ -49.5733456, -25.2216206 ], [ -49.5749477, -25.2233596 ], [ -49.5750021, -25.2273896 ], [ -49.5777617, -25.2313851 ], [ -49.5758431, -25.2335812 ], [ -49.5750321, -25.2335731 ], [ -49.5752104, -25.232682 ], [ -49.5734492, -25.2329726 ], [ -49.5748412, -25.2353866 ], [ -49.574357, -25.2392887 ], [ -49.5760815, -25.2420126 ], [ -49.5759401, -25.2426256 ], [ -49.5724485, -25.2433618 ], [ -49.5709414, -25.2473144 ], [ -49.5727663, -25.2489413 ], [ -49.5722341, -25.2497849 ], [ -49.5700509, -25.2501196 ], [ -49.5684659, -25.2518669 ], [ -49.566021, -25.2522685 ], [ -49.5657097, -25.2547928 ], [ -49.5698641, -25.2566264 ], [ -49.5680519, -25.2586093 ], [ -49.5687801, -25.2617179 ], [ -49.5670795, -25.2606849 ], [ -49.5670549, -25.2595309 ], [ -49.565559, -25.2598906 ], [ -49.564022, -25.2591129 ], [ -49.5618783, -25.2609209 ], [ -49.5615216, -25.2626148 ], [ -49.5602121, -25.2631441 ], [ -49.559129, -25.264982 ], [ -49.5594837, -25.2663396 ], [ -49.5584147, -25.2654489 ], [ -49.5575937, -25.2663631 ], [ -49.55619, -25.2653884 ], [ -49.5538537, -25.2672949 ], [ -49.5518833, -25.2661437 ], [ -49.5479231, -25.2677743 ], [ -49.5445046, -25.2648576 ], [ -49.5416843, -25.2654646 ], [ -49.5404934, -25.2666585 ], [ -49.5394574, -25.2648659 ], [ -49.5375947, -25.2654458 ], [ -49.5354789, -25.2678047 ], [ -49.5330828, -25.2678936 ], [ -49.5284581, -25.2699207 ], [ -49.5281926, -25.2710371 ], [ -49.5293406, -25.2731836 ], [ -49.5279817, -25.2745093 ], [ -49.5263542, -25.2745196 ], [ -49.5244466, -25.2765007 ], [ -49.524375, -25.2779905 ], [ -49.5255691, -25.2785546 ], [ -49.5253309, -25.2795511 ], [ -49.521566, -25.2803309 ], [ -49.5209602, -25.2813801 ], [ -49.5211932, -25.2851721 ], [ -49.5198701, -25.2885683 ], [ -49.5177716, -25.28852 ], [ -49.5168471, -25.2915561 ], [ -49.5144835, -25.2929583 ], [ -49.510356, -25.2913834 ], [ -49.5093688, -25.2928814 ], [ -49.5034829, -25.2949323 ], [ -49.5029821, -25.2968154 ], [ -49.499474, -25.3001691 ], [ -49.4947823, -25.3007064 ], [ -49.4926591, -25.3042715 ], [ -49.4911868, -25.3052293 ], [ -49.4903563, -25.3074752 ], [ -49.4888261, -25.3075285 ], [ -49.4872173, -25.3088425 ], [ -49.4861981, -25.3084077 ], [ -49.4844963, -25.310272 ], [ -49.4829122, -25.3104092 ], [ -49.4831354, -25.3130413 ], [ -49.4819218, -25.3147069 ], [ -49.4811043, -25.3187334 ], [ -49.4785629, -25.318479 ], [ -49.4788113, -25.320484 ], [ -49.4765817, -25.3213013 ], [ -49.4762958, -25.3236151 ], [ -49.473289, -25.3265933 ], [ -49.4748257, -25.3295458 ], [ -49.4734517, -25.3323605 ], [ -49.4736302, -25.3341831 ], [ -49.474738, -25.3361396 ], [ -49.4774867, -25.3382572 ], [ -49.4779644, -25.3446702 ], [ -49.4798172, -25.3459495 ], [ -49.4784893, -25.3500035 ], [ -49.4759358, -25.3525352 ], [ -49.4805986, -25.3568889 ], [ -49.4778127, -25.3598631 ], [ -49.4735208, -25.3611819 ], [ -49.470766, -25.3634567 ], [ -49.46815, -25.3632452 ], [ -49.4676307, -25.3638992 ], [ -49.4680689, -25.3662081 ], [ -49.469595, -25.3659266 ], [ -49.471312, -25.3678784 ], [ -49.4737561, -25.3682644 ], [ -49.4704931, -25.3712518 ], [ -49.4709079, -25.3747067 ], [ -49.4700287, -25.3768376 ], [ -49.4665905, -25.376402 ], [ -49.4551106, -25.3794874 ], [ -49.4554995, -25.3822212 ], [ -49.4548715, -25.3839081 ], [ -49.3834842, -25.4188785 ], [ -49.3820253, -25.4210614 ], [ -49.3845748, -25.4217575 ], [ -49.3858132, -25.4235538 ], [ -49.3845916, -25.4253299 ], [ -49.3853343, -25.4270323 ], [ -49.3880803, -25.4275302 ], [ -49.3893386, -25.4293044 ], [ -49.3875748, -25.4323886 ], [ -49.3892777, -25.4351264 ], [ -49.3889571, -25.4357083 ], [ -49.3884721, -25.4349165 ], [ -49.3871839, -25.4381751 ], [ -49.3859984, -25.4386631 ], [ -49.3875432, -25.4402024 ], [ -49.3863632, -25.4410672 ], [ -49.3888489, -25.4417243 ], [ -49.3884783, -25.4437459 ], [ -49.3862176, -25.445065 ], [ -49.3861138, -25.4465824 ], [ -49.3870192, -25.4469981 ], [ -49.3856876, -25.4474032 ], [ -49.3855804, -25.448125 ], [ -49.3843296, -25.4478984 ], [ -49.3837362, -25.4494482 ], [ -49.3843, -25.4499235 ], [ -49.3829919, -25.4505185 ], [ -49.3836609, -25.451443 ], [ -49.382704, -25.4515715 ], [ -49.3826291, -25.4523313 ], [ -49.3837296, -25.4527441 ], [ -49.3814648, -25.4526019 ], [ -49.3819694, -25.4541573 ], [ -49.3833402, -25.4549408 ], [ -49.3836373, -25.4562005 ], [ -49.3816863, -25.4560951 ], [ -49.3825544, -25.4579033 ], [ -49.3836002, -25.4583145 ], [ -49.3830221, -25.4593305 ], [ -49.3836948, -25.4608623 ], [ -49.3861411, -25.4617813 ], [ -49.3856964, -25.4623259 ], [ -49.3863704, -25.4637739 ], [ -49.3847165, -25.4643004 ], [ -49.3859593, -25.4650015 ] ] ] } },
{ "type": "Feature", "properties": { "municipio": "Campo Magro", "municipio_norm": "CAMPO MAGRO", "uf": "Paraná", "uf_sigla": "PR", "uf_norm": "PARANA", "cod_municipio": "4104253" }, "geometry": { "type": "Polygon", "coordinates": [ [ [ -49.3818244, -25.4191859 ], [ -49.4548715, -25.3839081 ], [ -49.4554995, -25.3822212 ], [ -49.4551106, -25.3794874 ], [ -49.4665905, -25.376402 ], [ -49.4700287, -25.3768376 ], [ -49.4709079, -25.3747067 ], [ -49.4704931, -25.3712518 ], [ -49.4737561, -25.3682644 ], [ -49.471312, -25.3678784 ], [ -49.469595, -25.3659266 ], [ -49.4680689, -25.3662081 ], [ -49.4676307, -25.3638992 ], [ -49.46815, -25.3632452 ], [ -49.470766, -25.3634567 ], [ -49.4735208, -25.3611819 ], [ -49.4778127, -25.3598631 ], [ -49.4805986, -25.3568889 ], [ -49.4759358, -25.3525352 ], [ -49.4784893, -25.3500035 ], [ -49.4798172, -25.3459495 ], [ -49.4779644, -25.3446702 ], [ -49.4774867, -25.3382572 ], [ -49.474738, -25.3361396 ], [ -49.4736302, -25.3341831 ], [ -49.4734517, -25.3323605 ], [ -49.4748257, -25.3295458 ], [ -49.473289, -25.3265933 ], [ -49.4762958, -25.3236151 ], [ -49.4765817, -25.3213013 ], [ -49.4788113, -25.320484 ], [ -49.4785629, -25.318479 ], [ -49.4811043, -25.3187334 ], [ -49.4819218, -25.3147069 ], [ -49.4831354, -25.3130413 ], [ -49.4829122, -25.3104092 ], [ -49.4844963, -25.310272 ], [ -49.4861981, -25.3084077 ], [ -49.4872173, -25.3088425 ], [ -49.4888261, -25.3075285 ], [ -49.4903563, -25.3074752 ], [ -49.4911868, -25.3052293 ], [ -49.4926591, -25.3042715 ], [ -49.4947823, -25.3007064 ], [ -49.499474, -25.3001691 ], [ -49.5029821, -25.2968154 ], [ -49.5034829, -25.2949323 ], [ -49.5093688, -25.2928814 ], [ -49.510356, -25.2913834 ], [ -49.5144835, -25.2929583 ], [ -49.5168471, -25.2915561 ], [ -49.5177716, -25.28852 ], [ -49.5198701, -25.2885683 ], [ -49.5211932, -25.2851721 ], [ -49.5209602, -25.2813801 ], [ -49.521566, -25.2803309 ], [ -49.5253309, -25.2795511 ], [ -49.5255691, -25.2785546 ], [ -49.524375, -25.2779905 ], [ -49.5244466, -25.2765007 ], [ -49.5263542, -25.2745196 ], [ -49.5279817, -25.2745093 ], [ -49.5293406, -25.2731836 ], [ -49.5281926, -25.2710371 ], [ -49.5284581, -25.2699207 ], [ -49.5330828, -25.2678936 ], [ -49.5354789, -25.2678047 ], [ -49.5375947, -25.2654458 ], [ -49.5394574, -25.2648659 ], [ -49.5404934, -25.2666585 ], [ -49.5416843, -25.2654646 ], [ -49.5445046, -25.2648576 ], [ -49.5479231, -25.2677743 ], [ -49.5518833, -25.2661437 ], [ -49.5538537, -25.2672949 ], [ -49.55619, -25.2653884 ], [ -49.5575937, -25.2663631 ], [ -49.5584147, -25.2654489 ], [ -49.5594837, -25.2663396 ], [ -49.559129, -25.264982 ], [ -49.5602121, -25.2631441 ], [ -49.5615216, -25.2626148 ], [ -49.5618783, -25.2609209 ], [ -49.564022, -25.2591129 ], [ -49.565559, -25.2598906 ], [ -49.5670549, -25.2595309 ], [ -49.5670795, -25.2606849 ], [ -49.5687801, -25.2617179 ], [ -49.5680519, -25.2586093 ], [ -49.5698641, -25.2566264 ], [ -49.5657097, -25.2547928 ], [ -49.566021, -25.2522685 ], [ -49.5684659, -25.2518669 ], [ -49.5700509, -25.2501196 ], [ -49.5722341, -25.2497849 ], [ -49.5727663, -25.2489413 ], [ -49.5709414, -25.2473144 ], [ -49.5724485, -25.2433618 ], [ -49.5759401, -25.2426256 ], [ -49.5760815, -25.2420126 ], [ -49.574357, -25.2392887 ], [ -49.5748412, -25.2353866 ], [ -49.5734492, -25.2329726 ], [ -49.5752104, -25.232682 ], [ -49.5750321, -25.2335731 ], [ -49.5758431, -25.2335812 ], [ -49.5777617, -25.2313851 ], [ -49.5750021, -25.2273896 ], [ -49.5749477, -25.2233596 ], [ -49.5733456, -25.2216206 ], [ -49.5733606, -25.220329 ], [ -49.5715472, -25.2193278 ], [ -49.5730338, -25.2164179 ], [ -49.5710453, -25.2130167 ], [ -49.5682337, -25.2136967 ], [ -49.5668896, -25.2130068 ], [ -49.5661609, -25.21183 ], [ -49.5679065, -25.2099099 ], [ -49.5678502, -25.2088631 ], [ -49.5653741, -25.2068681 ], [ -49.56694, -25.2059013 ], [ -49.5695386, -25.2060799 ], [ -49.5736848, -25.2042099 ], [ -49.5763312, -25.2002714 ], [ -49.5734198, -25.2006719 ], [ -49.5730003, -25.1990997 ], [ -49.5714613, -25.1977924 ], [ -49.5714224, -25.1953315 ], [ -49.5734788, -25.1927665 ], [ -49.572667, -25.1900212 ], [ -49.5713369, -25.1878561 ], [ -49.5680236, -25.1853316 ], [ -49.5676455, -25.183111 ], [ -49.5684391, -25.1816743 ], [ -49.567443, -25.1801254 ], [ -49.5652701, -25.1810894 ], [ -49.5621334, -25.1805991 ], [ -49.5616718, -25.1796717 ], [ -49.5625997, -25.1754342 ], [ -49.5603414, -25.1749503 ], [ -49.556314, -25.1783571 ], [ -49.5524194, -25.1791413 ], [ -49.5484717, -25.178494 ], [ -49.5441511, -25.1755776 ], [ -49.5380193, -25.1777231 ], [ -49.5368536, -25.1789035 ], [ -49.5351868, -25.1784217 ], [ -49.5356862, -25.1765961 ], [ -49.5350821, -25.1765031 ], [ -49.5303044, -25.1799126 ], [ -49.5280584, -25.1784674 ], [ -49.5268413, -25.1787451 ], [ -49.5260824, -25.1795214 ], [ -49.5263356, -25.1823121 ], [ -49.5252984, -25.1849422 ], [ -49.5215882, -25.1833094 ], [ -49.5214702, -25.1824382 ], [ -49.5236569, -25.1797004 ], [ -49.5208859, -25.1791501 ], [ -49.5183481, -25.1822322 ], [ -49.5155558, -25.1822334 ], [ -49.5115122, -25.1842544 ], [ -49.5066973, -25.1905657 ], [ -49.5060979, -25.1901817 ], [ -49.5036392, -25.1915802 ], [ -49.5042738, -25.1944627 ], [ -49.5033976, -25.1944532 ], [ -49.5015346, -25.1968427 ], [ -49.5002177, -25.1958604 ], [ -49.4979407, -25.1967958 ], [ -49.4902433, -25.1974339 ], [ -49.4900211, -25.196892 ], [ -49.4917295, -25.1955232 ], [ -49.4908855, -25.1935353 ], [ -49.4925937, -25.1923034 ], [ -49.4895208, -25.1891991 ], [ -49.4894962, -25.1874694 ], [ -49.4877694, -25.1864628 ], [ -49.4882389, -25.18555 ], [ -49.4874997, -25.1840626 ], [ -49.4814216, -25.1798243 ], [ -49.479648, -25.182691 ], [ -49.4773258, -25.1817923 ], [ -49.4753193, -25.1830113 ], [ -49.4739334, -25.1821843 ], [ -49.4743437, -25.180459 ], [ -49.4732471, -25.1803444 ], [ -49.4704373, -25.1835551 ], [ -49.4667413, -25.1846106 ], [ -49.4655616, -25.1874314 ], [ -49.463073, -25.1870832 ], [ -49.4615551, -25.1894413 ], [ -49.4630113, -25.1919039 ], [ -49.4620091, -25.1952057 ], [ -49.4569803, -25.1947697 ], [ -49.4534113, -25.1982422 ], [ -49.4538051, -25.1997453 ], [ -49.4506011, -25.1998605 ], [ -49.4495243, -25.2016905 ], [ -49.4516167, -25.2027133 ], [ -49.4489101, -25.2056257 ], [ -49.4483551, -25.2074105 ], [ -49.4490265, -25.2102284 ], [ -49.4519605, -25.2135293 ], [ -49.4511983, -25.2144545 ], [ -49.4515886, -25.2157845 ], [ -49.4557537, -25.2212565 ], [ -49.4527312, -25.2249854 ], [ -49.4474551, -25.2276603 ], [ -49.4457002, -25.230673 ], [ -49.4483829, -25.232096 ], [ -49.4490858, -25.234468 ], [ -49.4506558, -25.2352153 ], [ -49.451741, -25.2379631 ], [ -49.4504548, -25.2402848 ], [ -49.4522392, -25.2421802 ], [ -49.4524492, -25.2436065 ], [ -49.4465076, -25.2449274 ], [ -49.440752, -25.2479133 ], [ -49.4397461, -25.2513066 ], [ -49.4387919, -25.2519376 ], [ -49.4342966, -25.2521521 ], [ -49.4324018, -25.2532855 ], [ -49.4320065, -25.2557228 ], [ -49.4328142, -25.2570432 ], [ -49.431141, -25.2588582 ], [ -49.4310628, -25.2613693 ], [ -49.4292798, -25.2606557 ], [ -49.4269886, -25.2610461 ], [ -49.4256834, -25.263031 ], [ -49.4164784, -25.2647776 ], [ -49.4160841, -25.2660428 ], [ -49.4187246, -25.2687308 ], [ -49.4128845, -25.2716371 ], [ -49.4117514, -25.2715227 ], [ -49.409359, -25.2742205 ], [ -49.4099935, -25.2846622 ], [ -49.406985, -25.2894335 ], [ -49.4066422, -25.2914083 ], [ -49.4051786, -25.2923844 ], [ -49.4060718, -25.2969102 ], [ -49.4028857, -25.3012668 ], [ -49.3999436, -25.3042868 ], [ -49.3950992, -25.3071845 ], [ -49.3885346, -25.3098958 ], [ -49.3851462, -25.3089531 ], [ -49.3825501, -25.3098323 ], [ -49.3848149, -25.313465 ], [ -49.3847962, -25.3147427 ], [ -49.3863255, -25.3157904 ], [ -49.3882836, -25.3152543 ], [ -49.3895692, -25.3173312 ], [ -49.3914344, -25.316939 ], [ -49.3948399, -25.320009 ], [ -49.3971615, -25.3202408 ], [ -49.3966226, -25.3257805 ], [ -49.3900848, -25.3298547 ], [ -49.3896449, -25.3323039 ], [ -49.3884491, -25.3334881 ], [ -49.3834914, -25.3345664 ], [ -49.3810799, -25.3386241 ], [ -49.3742181, -25.3395578 ], [ -49.3707297, -25.3426753 ], [ -49.3684141, -25.3417829 ], [ -49.3618598, -25.3412682 ], [ -49.3573856, -25.3439814 ], [ -49.3558657, -25.3417509 ], [ -49.3541943, -25.3410641 ], [ -49.3513773, -25.3415105 ], [ -49.3507977, -25.3428615 ], [ -49.3465544, -25.3446137 ], [ -49.3427167, -25.3448399 ], [ -49.3407166, -25.3472536 ], [ -49.3408628, -25.3482482 ], [ -49.3398147, -25.3488614 ], [ -49.3413388, -25.3507949 ], [ -49.3407796, -25.3545093 ], [ -49.3418234, -25.3550512 ], [ -49.3414857, -25.3565476 ], [ -49.34283, -25.3586871 ], [ -49.3413259, -25.3598521 ], [ -49.3433443, -25.3605671 ], [ -49.3438497, -25.3619055 ], [ -49.3432586, -25.3641731 ], [ -49.3440872, -25.3644451 ], [ -49.3442719, -25.3655887 ], [ -49.3461525, -25.3659074 ], [ -49.3456374, -25.3688648 ], [ -49.3464417, -25.3710133 ], [ -49.349166, -25.3724847 ], [ -49.34785, -25.3759483 ], [ -49.3522276, -25.3804336 ], [ -49.353524, -25.3796583 ], [ -49.3548788, -25.3834286 ], [ -49.3594062, -25.3832639 ], [ -49.3602763, -25.3844038 ], [ -49.3598369, -25.386815 ], [ -49.3627864, -25.3889373 ], [ -49.3651216, -25.3932374 ], [ -49.36404, -25.3948132 ], [ -49.3671545, -25.3968118 ], [ -49.3682628, -25.3963062 ], [ -49.3693814, -25.3964899 ], [ -49.3694005, -25.3971608 ], [ -49.3707631, -25.3963739 ], [ -49.3741645, -25.3979202 ], [ -49.3735939, -25.3993995 ], [ -49.3751096, -25.4001992 ], [ -49.3744694, -25.4018862 ], [ -49.3765794, -25.4044693 ], [ -49.3751765, -25.4066215 ], [ -49.375841, -25.4073721 ], [ -49.3752639, -25.4084719 ], [ -49.3782749, -25.4089501 ], [ -49.3766121, -25.4119707 ], [ -49.3784393, -25.4132135 ], [ -49.3786994, -25.41549 ], [ -49.3803795, -25.4153769 ], [ -49.3818244, -25.4191859 ] ] ] } },
{ "type": "Feature", "properties": { "municipio": "Agudos do Sul", "municipio_norm": "AGUDOS DO SUL", "uf": "Paraná", "uf_sigla": "PR", "uf_norm": "PARANA", "cod_municipio": "4100301" }, "geometry": { "type": "Polygon", "coordinates": [ [ [ -49.3526829, -26.0699174 ], [ -49.3566303, -26.0629784 ], [ -49.3564589, -26.0615955 ], [ -49.3581997, -26.0611947 ], [ -49.3629827, -26.0613453 ], [ -49.3653887, -26.0596181 ], [ -49.3763507, -26.0592274 ], [ -49.3762457, -26.056963 ], [ -49.3736652, -26.0534737 ], [ -49.3731831, -26.051191 ], [ -49.3739185, -26.0492985 ], [ -49.3736588, -26.0461401 ], [ -49.3720723, -26.0431347 ], [ -49.3725601, -26.0397561 ], [ -49.3712681, -26.0388735 ], [ -49.3693624, -26.0349382 ], [ -49.3695223, -26.0312311 ], [ -49.372165, -26.0301779 ], [ -49.3720235, -26.0280033 ], [ -49.3747992, -26.0271245 ], [ -49.3745281, -26.025553 ], [ -49.3754911, -26.0239154 ], [ -49.3742548, -26.023222 ], [ -49.3753313, -26.0213917 ], [ -49.3734895, -26.0210743 ], [ -49.3733235, -26.018735 ], [ -49.3745451, -26.0171292 ], [ -49.3737919, -26.0158701 ], [ -49.3740833, -26.0143048 ], [ -49.3752829, -26.0124181 ], [ -49.376477, -26.013012 ], [ -49.3766943, -26.0119587 ], [ -49.3752507, -26.010284 ], [ -49.3767121, -26.006767 ], [ -49.3740697, -26.0046216 ], [ -49.3735492, -26.0023503 ], [ -49.3721846, -26.0016185 ], [ -49.3720677, -25.9990727 ], [ -49.3732578, -25.9979577 ], [ -49.3730502, -25.9969836 ], [ -49.3746146, -25.9965444 ], [ -49.3742545, -25.9947682 ], [ -49.3765431, -25.9928072 ], [ -49.3760406, -25.9902806 ], [ -49.3774528, -25.9884421 ], [ -49.3728778, -25.989051 ], [ -49.3742884, -25.9860828 ], [ -49.3730318, -25.9850501 ], [ -49.3717669, -25.9818866 ], [ -49.3741862, -25.9781165 ], [ -49.3737029, -25.9761958 ], [ -49.3729925, -25.9761939 ], [ -49.3733236, -25.9752919 ], [ -49.3718931, -25.9752832 ], [ -49.3724759, -25.9746641 ], [ -49.3719943, -25.9742821 ], [ -49.3735354, -25.9732052 ], [ -49.372273, -25.9723479 ], [ -49.3734568, -25.9719218 ], [ -49.3731105, -25.9712216 ], [ -49.3753291, -25.9691214 ], [ -49.3723325, -25.9666 ], [ -49.3678762, -25.9661416 ], [ -49.3707796, -25.9630139 ], [ -49.3721705, -25.958729 ], [ -49.3707799, -25.9577307 ], [ -49.3696706, -25.9582493 ], [ -49.3691661, -25.9577116 ], [ -49.3682238, -25.9586076 ], [ -49.3651854, -25.9547425 ], [ -49.3627431, -25.9554951 ], [ -49.3617913, -25.9536027 ], [ -49.360718, -25.9534594 ], [ -49.3609528, -25.9507114 ], [ -49.3601362, -25.9515861 ], [ -49.359017, -25.9511107 ], [ -49.3598134, -25.9518694 ], [ -49.3591171, -25.9535974 ], [ -49.3582776, -25.9524842 ], [ -49.3578598, -25.9544463 ], [ -49.3571648, -25.954515 ], [ -49.3567489, -25.9534036 ], [ -49.3554322, -25.9545461 ], [ -49.3545014, -25.9543091 ], [ -49.3545111, -25.9535789 ], [ -49.353519, -25.9540371 ], [ -49.3533033, -25.9552544 ], [ -49.3521028, -25.9555736 ], [ -49.3526509, -25.9546948 ], [ -49.3520419, -25.9544051 ], [ -49.3492681, -25.9563691 ], [ -49.3469433, -25.9540345 ], [ -49.3465105, -25.9519606 ], [ -49.3451619, -25.9529199 ], [ -49.3447895, -25.9515442 ], [ -49.3444412, -25.9538165 ], [ -49.3439494, -25.9531386 ], [ -49.3431346, -25.9539881 ], [ -49.3425225, -25.9533217 ], [ -49.3399299, -25.9536258 ], [ -49.3405262, -25.9540359 ], [ -49.3383634, -25.9551437 ], [ -49.3373327, -25.9571608 ], [ -49.335531, -25.9558022 ], [ -49.3335723, -25.956068 ], [ -49.3332748, -25.9551252 ], [ -49.3298376, -25.9549084 ], [ -49.3282051, -25.9561701 ], [ -49.3245183, -25.9551911 ], [ -49.3246584, -25.9539985 ], [ -49.3270835, -25.9531065 ], [ -49.3266395, -25.9514005 ], [ -49.3271834, -25.9508352 ], [ -49.3252114, -25.9511095 ], [ -49.3248637, -25.9500237 ], [ -49.3244395, -25.9519836 ], [ -49.3225829, -25.9513113 ], [ -49.3216367, -25.9495721 ], [ -49.3185887, -25.9504025 ], [ -49.3179081, -25.9492996 ], [ -49.3192449, -25.9480123 ], [ -49.3181045, -25.9472702 ], [ -49.3143132, -25.9486288 ], [ -49.3126098, -25.9452329 ], [ -49.3113246, -25.9448914 ], [ -49.3092317, -25.9426025 ], [ -49.3056423, -25.945269 ], [ -49.3043321, -25.9476937 ], [ -49.3054058, -25.9504145 ], [ -49.3039051, -25.9511712 ], [ -49.3037595, -25.9553361 ], [ -49.3045271, -25.9563842 ], [ -49.3040063, -25.9576212 ], [ -49.3006588, -25.9611221 ], [ -49.2975189, -25.9628444 ], [ -49.2962555, -25.962254 ], [ -49.2949488, -25.9631016 ], [ -49.2946923, -25.9655505 ], [ -49.2931998, -25.9681737 ], [ -49.2587084, -25.9768217 ], [ -49.2518568, -25.9708763 ], [ -49.2470978, -25.9689308 ], [ -49.2454885, -25.9708542 ], [ -49.2457784, -25.9727363 ], [ -49.2437858, -25.9728133 ], [ -49.2426367, -25.9745464 ], [ -49.2427808, -25.9771442 ], [ -49.2415479, -25.9778811 ], [ -49.2378549, -25.9779941 ], [ -49.2369255, -25.9787877 ], [ -49.2362203, -25.9825151 ], [ -49.2367111, -25.9890937 ], [ -49.236007, -25.9905666 ], [ -49.2366889, -25.9934019 ], [ -49.2340289, -25.9984565 ], [ -49.2349555, -26.0002595 ], [ -49.2335879, -26.0009838 ], [ -49.2340981, -26.0028253 ], [ -49.2328605, -26.0038934 ], [ -49.2341023, -26.0041297 ], [ -49.2334217, -26.0062537 ], [ -49.2342073, -26.0078359 ], [ -49.23425, -26.0139692 ], [ -49.2316164, -26.017416 ], [ -49.2328681, -26.0203502 ], [ -49.2321292, -26.0230946 ], [ -49.2336805, -26.0257658 ], [ -49.232898, -26.0287465 ], [ -49.234478, -26.0306614 ], [ -49.2370822, -26.0303695 ], [ -49.2385088, -26.0312139 ], [ -49.2365597, -26.0321517 ], [ -49.2391766, -26.0333954 ], [ -49.239861, -26.0349863 ], [ -49.2392165, -26.0364224 ], [ -49.2365032, -26.0370743 ], [ -49.2378808, -26.0379436 ], [ -49.2384957, -26.0372389 ], [ -49.2386498, -26.0392111 ], [ -49.2397386, -26.0393796 ], [ -49.2408071, -26.0409261 ], [ -49.2432343, -26.0410145 ], [ -49.2419093, -26.0416804 ], [ -49.2426961, -26.0440256 ], [ -49.2439639, -26.0427433 ], [ -49.2439891, -26.0438183 ], [ -49.2452023, -26.0438858 ], [ -49.244844, -26.0452291 ], [ -49.2471687, -26.0457881 ], [ -49.2490671, -26.0479169 ], [ -49.2522881, -26.0474299 ], [ -49.2516954, -26.0486574 ], [ -49.2530931, -26.0497417 ], [ -49.2529753, -26.0507544 ], [ -49.2541438, -26.0506614 ], [ -49.252623, -26.05165 ], [ -49.2540323, -26.0519037 ], [ -49.2526397, -26.0522596 ], [ -49.2532408, -26.0532481 ], [ -49.2521478, -26.0530996 ], [ -49.2529063, -26.0540042 ], [ -49.2523452, -26.0546167 ], [ -49.2533751, -26.0545978 ], [ -49.2530958, -26.0555448 ], [ -49.2552118, -26.0563496 ], [ -49.2528238, -26.0571903 ], [ -49.2541952, -26.0574866 ], [ -49.2552508, -26.0588764 ], [ -49.252406, -26.0587245 ], [ -49.2534723, -26.0612192 ], [ -49.2527486, -26.0618123 ], [ -49.2537034, -26.06289 ], [ -49.2529294, -26.063236 ], [ -49.2553706, -26.064426 ], [ -49.2573227, -26.0642399 ], [ -49.2550547, -26.0655219 ], [ -49.2563892, -26.0663622 ], [ -49.2555359, -26.0671261 ], [ -49.2565609, -26.0673433 ], [ -49.2557627, -26.0679584 ], [ -49.2589349, -26.0695771 ], [ -49.2581995, -26.067056 ], [ -49.2595883, -26.0690883 ], [ -49.2603236, -26.0686484 ], [ -49.2606673, -26.0693829 ], [ -49.2610719, -26.0684682 ], [ -49.264075, -26.0676765 ], [ -49.2642524, -26.0669909 ], [ -49.2667511, -26.0668771 ], [ -49.267337, -26.0690511 ], [ -49.2655291, -26.0704741 ], [ -49.2651252, -26.0696089 ], [ -49.2645936, -26.0700523 ], [ -49.2656468, -26.0731864 ], [ -49.2664534, -26.0732267 ], [ -49.2671003, -26.0765553 ], [ -49.2687491, -26.0761808 ], [ -49.267317, -26.0772415 ], [ -49.2680713, -26.0781793 ], [ -49.2666117, -26.0776653 ], [ -49.2655797, -26.0782965 ], [ -49.2663889, -26.0807233 ], [ -49.2674519, -26.0814301 ], [ -49.2703016, -26.0803208 ], [ -49.2699955, -26.0783306 ], [ -49.2738074, -26.0790975 ], [ -49.2737401, -26.078248 ], [ -49.2745716, -26.077986 ], [ -49.2739934, -26.0797627 ], [ -49.2755928, -26.0801876 ], [ -49.2742166, -26.080457 ], [ -49.27377, -26.0817835 ], [ -49.2764016, -26.0818848 ], [ -49.2769582, -26.0828956 ], [ -49.2775518, -26.0813638 ], [ -49.2788432, -26.0812526 ], [ -49.2778312, -26.0800577 ], [ -49.2793466, -26.0805658 ], [ -49.2797418, -26.0790355 ], [ -49.2809481, -26.0787398 ], [ -49.2820441, -26.0803062 ], [ -49.28355, -26.0796796 ], [ -49.2832102, -26.0783996 ], [ -49.285161, -26.0791646 ], [ -49.2864622, -26.0784081 ], [ -49.287183, -26.0808831 ], [ -49.28886, -26.0815333 ], [ -49.2875916, -26.0824934 ], [ -49.289979, -26.081875 ], [ -49.2902914, -26.0844653 ], [ -49.2919503, -26.0833955 ], [ -49.2928831, -26.0843129 ], [ -49.2934125, -26.0823822 ], [ -49.2936172, -26.0844616 ], [ -49.2947459, -26.0850769 ], [ -49.2941314, -26.0855889 ], [ -49.2961787, -26.0867113 ], [ -49.2958517, -26.0881773 ], [ -49.2938986, -26.0880446 ], [ -49.2946722, -26.0909075 ], [ -49.2956456, -26.0914828 ], [ -49.2930605, -26.0914526 ], [ -49.2927751, -26.0926987 ], [ -49.2941824, -26.0925428 ], [ -49.2945201, -26.093861 ], [ -49.2912554, -26.0933801 ], [ -49.2942276, -26.0942088 ], [ -49.2934744, -26.0953272 ], [ -49.2947076, -26.095348 ], [ -49.2939091, -26.0972157 ], [ -49.2946916, -26.0980639 ], [ -49.2924625, -26.0987183 ], [ -49.2922688, -26.0966424 ], [ -49.2917495, -26.098938 ], [ -49.2903747, -26.0991278 ], [ -49.2891378, -26.1024695 ], [ -49.2906614, -26.1024254 ], [ -49.2907172, -26.1034743 ], [ -49.2896207, -26.1034658 ], [ -49.2898515, -26.1039455 ], [ -49.2928806, -26.1026316 ], [ -49.2925745, -26.1035489 ], [ -49.2931976, -26.10379 ], [ -49.2940681, -26.1032447 ], [ -49.2936363, -26.1021508 ], [ -49.2943216, -26.1014645 ], [ -49.2957833, -26.1028115 ], [ -49.2952351, -26.1035797 ], [ -49.2977745, -26.102418 ], [ -49.2988795, -26.1048058 ], [ -49.2999501, -26.1039266 ], [ -49.2986196, -26.107039 ], [ -49.2998293, -26.1086502 ], [ -49.2977844, -26.1093719 ], [ -49.2997677, -26.1101111 ], [ -49.3000682, -26.1112838 ], [ -49.3012231, -26.110771 ], [ -49.3022167, -26.1112867 ], [ -49.3023671, -26.1132907 ], [ -49.3033662, -26.1134265 ], [ -49.3032128, -26.1110643 ], [ -49.3047525, -26.1099841 ], [ -49.3050106, -26.1112806 ], [ -49.3065018, -26.1100189 ], [ -49.3065197, -26.1110422 ], [ -49.3086308, -26.1108107 ], [ -49.309651, -26.1117505 ], [ -49.310326, -26.1106402 ], [ -49.3115484, -26.1105227 ], [ -49.3102506, -26.1096528 ], [ -49.3107863, -26.1091766 ], [ -49.3130152, -26.1103934 ], [ -49.31468, -26.108929 ], [ -49.3178778, -26.1095051 ], [ -49.3185437, -26.110755 ], [ -49.320477, -26.1110109 ], [ -49.3217042, -26.1099799 ], [ -49.3236852, -26.1120414 ], [ -49.324075, -26.1138289 ], [ -49.3251776, -26.1135565 ], [ -49.3260147, -26.1151543 ], [ -49.3270593, -26.1149543 ], [ -49.3257965, -26.1156195 ], [ -49.3267984, -26.1161425 ], [ -49.3259597, -26.1167468 ], [ -49.3276104, -26.1168533 ], [ -49.3283079, -26.1158673 ], [ -49.3290549, -26.1177247 ], [ -49.3297225, -26.117133 ], [ -49.3311332, -26.1186764 ], [ -49.3333557, -26.1192131 ], [ -49.3340451, -26.1206133 ], [ -49.3335516, -26.122135 ], [ -49.3345991, -26.1223149 ], [ -49.3342703, -26.1231223 ], [ -49.3355666, -26.1229689 ], [ -49.333957, -26.1245657 ], [ -49.3356924, -26.1261858 ], [ -49.3372866, -26.1251003 ], [ -49.3397405, -26.1253293 ], [ -49.340096, -26.1261007 ], [ -49.3387662, -26.1268968 ], [ -49.3416394, -26.1292311 ], [ -49.3438687, -26.1287155 ], [ -49.3438873, -26.127963 ], [ -49.3448443, -26.1287922 ], [ -49.3446803, -26.1271315 ], [ -49.3460864, -26.1278635 ], [ -49.34642, -26.1290365 ], [ -49.3470939, -26.1279918 ], [ -49.3474393, -26.1303219 ], [ -49.3484492, -26.1308594 ], [ -49.3494105, -26.1296352 ], [ -49.3507163, -26.1311406 ], [ -49.34999, -26.1318559 ], [ -49.3512809, -26.1315123 ], [ -49.3520773, -26.1321935 ], [ -49.3516414, -26.1331021 ], [ -49.3508081, -26.1327347 ], [ -49.3507686, -26.1338158 ], [ -49.3530058, -26.1327374 ], [ -49.355291, -26.1339009 ], [ -49.3540336, -26.1347638 ], [ -49.3531203, -26.1342931 ], [ -49.3535557, -26.1363515 ], [ -49.355371, -26.1357579 ], [ -49.3562366, -26.1367322 ], [ -49.3562004, -26.1346491 ], [ -49.3586455, -26.1367737 ], [ -49.3571814, -26.1372835 ], [ -49.3572977, -26.1388779 ], [ -49.3595464, -26.138143 ], [ -49.3599209, -26.1369633 ], [ -49.3610225, -26.1373822 ], [ -49.3621422, -26.1340213 ], [ -49.3609363, -26.1300335 ], [ -49.3599997, -26.1298079 ], [ -49.3603683, -26.1288118 ], [ -49.3594685, -26.1273542 ], [ -49.3573975, -26.1264923 ], [ -49.3558765, -26.1242491 ], [ -49.3555317, -26.1209078 ], [ -49.3537729, -26.1197703 ], [ -49.353012, -26.1181938 ], [ -49.355129, -26.1171305 ], [ -49.3527507, -26.1150173 ], [ -49.3524924, -26.1124724 ], [ -49.351142, -26.1101455 ], [ -49.3524001, -26.1088699 ], [ -49.3518286, -26.1074869 ], [ -49.3534164, -26.1058922 ], [ -49.3525614, -26.1058836 ], [ -49.354217, -26.1020436 ], [ -49.353618, -26.1003462 ], [ -49.3524966, -26.0999174 ], [ -49.3527469, -26.0978681 ], [ -49.3516354, -26.0961542 ], [ -49.3525622, -26.096166 ], [ -49.3529008, -26.094687 ], [ -49.3523466, -26.0941071 ], [ -49.3529463, -26.0941453 ], [ -49.3523172, -26.0935873 ], [ -49.3527659, -26.0930171 ], [ -49.3519375, -26.0929724 ], [ -49.3524841, -26.0921523 ], [ -49.3513107, -26.091221 ], [ -49.3515864, -26.0906732 ], [ -49.3501473, -26.09039 ], [ -49.3505499, -26.0886599 ], [ -49.3517289, -26.0883384 ], [ -49.3508117, -26.0875559 ], [ -49.349591, -26.0830208 ], [ -49.3511071, -26.0829489 ], [ -49.3501387, -26.0813125 ], [ -49.3502773, -26.0784948 ], [ -49.3492282, -26.0783179 ], [ -49.3473281, -26.0724314 ], [ -49.3526829, -26.0699174 ] ] ] } },
{ "type": "Feature", "properties": { "municipio": "Tunas do Paraná", "municipio_norm": "TUNAS DO PARANA", "uf": "Paraná", "uf_sigla": "PR", "uf_norm": "PARANA", "cod_municipio": "4127882" }, "geometry": { "type": "Polygon", "coordinates": [ [ [ -48.8159665, -25.0134724 ], [ -48.8179227, -25.0162964 ], [ -48.8199269, -25.0161203 ], [ -48.8198872, -25.0168761 ], [ -48.8214472, -25.0165341 ], [ -48.8218609, -25.0172355 ], [ -48.8263348, -25.0171774 ], [ -48.8274187, -25.0190112 ], [ -48.8274216, -25.0218457 ], [ -48.8263889, -25.0230389 ], [ -48.8270633, -25.0242606 ], [ -48.8266982, -25.0271427 ], [ -48.8231908, -25.0259018 ], [ -48.8231842, -25.0274034 ], [ -48.8215377, -25.0299842 ], [ -48.8260046, -25.0307399 ], [ -48.8269312, -25.0318381 ], [ -48.8267713, -25.0331867 ], [ -48.8291751, -25.0341966 ], [ -48.8305275, -25.0368906 ], [ -48.8358436, -25.0374792 ], [ -48.8435488, -25.0403796 ], [ -48.847131, -25.0399192 ], [ -48.8458973, -25.0373905 ], [ -48.8464347, -25.0334375 ], [ -48.8484165, -25.0338248 ], [ -48.8497116, -25.0326846 ], [ -48.8540711, -25.0324831 ], [ -48.8571849, -25.0306016 ], [ -48.8613173, -25.0306811 ], [ -48.8635041, -25.0290322 ], [ -48.8655086, -25.0300863 ], [ -48.8693218, -25.0292614 ], [ -48.871317, -25.0308733 ], [ -48.8786142, -25.0285535 ], [ -48.8800564, -25.0297556 ], [ -48.8858952, -25.0293105 ], [ -48.8884583, -25.0312929 ], [ -48.8944095, -25.0303146 ], [ -48.8996879, -25.0306142 ], [ -48.902091, -25.0293781 ], [ -48.9027596, -25.031047 ], [ -48.9041462, -25.0313952 ], [ -48.9090069, -25.0310327 ], [ -48.9109654, -25.0294446 ], [ -48.9140426, -25.0296486 ], [ -48.9148852, -25.0305409 ], [ -48.91985, -25.0318583 ], [ -48.9227213, -25.0349142 ], [ -48.9253575, -25.033167 ], [ -48.9264232, -25.0334851 ], [ -48.9284042, -25.0383484 ], [ -48.9316074, -25.0411795 ], [ -48.9343096, -25.0476531 ], [ -48.9443116, -25.0467835 ], [ -48.9462263, -25.0446396 ], [ -48.9514237, -25.0431139 ], [ -48.9521311, -25.0439015 ], [ -48.9574422, -25.0434429 ], [ -48.9588742, -25.0438524 ], [ -48.9604634, -25.0456766 ], [ -48.9646385, -25.0460816 ], [ -48.965399, -25.0424738 ], [ -48.9704092, -25.0411284 ], [ -48.9724325, -25.0383511 ], [ -48.9732059, -25.0391759 ], [ -48.9760763, -25.039134 ], [ -48.9816023, -25.0452123 ], [ -48.9816109, -25.0460717 ], [ -48.9857495, -25.0453537 ], [ -48.9863985, -25.0482131 ], [ -48.9884116, -25.0480908 ], [ -48.9911247, -25.0498697 ], [ -48.9929462, -25.0494852 ], [ -48.9963919, -25.0506365 ], [ -48.9984882, -25.0500793 ], [ -48.9995704, -25.0459516 ], [ -49.0074471, -25.0426235 ], [ -49.008819, -25.0411449 ], [ -49.0092696, -25.0382278 ], [ -49.0122578, -25.0370392 ], [ -49.0148165, -25.0371978 ], [ -49.0180658, -25.0392075 ], [ -49.0233319, -25.0387441 ], [ -49.025928, -25.039354 ], [ -49.0334134, -25.0435518 ], [ -49.0374201, -25.043734 ], [ -49.0441744, -25.048078 ], [ -49.0484929, -25.0485476 ], [ -49.054044, -25.0509187 ], [ -49.0532307, -25.0496155 ], [ -49.0524235, -25.0403452 ], [ -49.0532072, -25.0393509 ], [ -49.0562816, -25.038646 ], [ -49.0592515, -25.0356538 ], [ -49.0625315, -25.0357787 ], [ -49.0671953, -25.039323 ], [ -49.0721247, -25.0403291 ], [ -49.0745229, -25.0421231 ], [ -49.0783549, -25.0385663 ], [ -49.088209, -25.0398804 ], [ -49.0912895, -25.0392659 ], [ -49.0929233, -25.0381805 ], [ -49.0954029, -25.0312454 ], [ -49.0951762, -25.0262855 ], [ -49.0968487, -25.0199138 ], [ -49.0996954, -25.0187591 ], [ -49.1000171, -25.0177745 ], [ -49.0943922, -25.0101271 ], [ -49.0942191, -25.0068062 ], [ -49.0964352, -25.0029821 ], [ -49.1002536, -25.0007102 ], [ -49.1008272, -24.9973022 ], [ -49.1035858, -24.9945072 ], [ -49.1087584, -24.9929423 ], [ -49.1159358, -24.9845278 ], [ -49.1160151, -24.9829498 ], [ -49.1135739, -24.9766222 ], [ -49.1125165, -24.9760976 ], [ -49.1080055, -24.9769909 ], [ -49.1061381, -24.9766235 ], [ -49.1060551, -24.972695 ], [ -49.1035215, -24.9699343 ], [ -49.106063, -24.9667971 ], [ -49.1078085, -24.9612848 ], [ -49.1061019, -24.9535646 ], [ -49.1074377, -24.9495078 ], [ -49.111446, -24.9445406 ], [ -49.1105933, -24.9423268 ], [ -49.1084529, -24.9409851 ], [ -49.1077553, -24.93946 ], [ -49.1109754, -24.9355486 ], [ -49.1114038, -24.9327815 ], [ -49.1123596, -24.9318338 ], [ -49.1198904, -24.9289087 ], [ -49.1243291, -24.9243955 ], [ -49.125701, -24.9178124 ], [ -49.1231356, -24.9143648 ], [ -49.1258476, -24.9090602 ], [ -49.1251411, -24.9040621 ], [ -49.1231886, -24.8998221 ], [ -49.1233341, -24.8974591 ], [ -49.1159549, -24.8892397 ], [ -48.9948949, -24.9239418 ], [ -48.9919684, -24.9206893 ], [ -48.9917783, -24.9168224 ], [ -48.988932, -24.9163407 ], [ -48.9855666, -24.9170825 ], [ -48.9729665, -24.9136355 ], [ -48.9716487, -24.9146187 ], [ -48.9713628, -24.9136122 ], [ -48.9700003, -24.9136943 ], [ -48.9669161, -24.9117111 ], [ -48.9648688, -24.9095648 ], [ -48.9614212, -24.9077539 ], [ -48.957106, -24.9023902 ], [ -48.95197, -24.8994101 ], [ -48.9503714, -24.8969105 ], [ -48.9491112, -24.8971363 ], [ -48.9423247, -24.8907333 ], [ -48.941516, -24.8908438 ], [ -48.9400173, -24.8877711 ], [ -48.9316924, -24.882246 ], [ -48.9323091, -24.8807991 ], [ -48.9303909, -24.8794672 ], [ -48.9295277, -24.8801853 ], [ -48.8515579, -24.8273497 ], [ -48.8507683, -24.8304443 ], [ -48.8524726, -24.8304767 ], [ -48.8481759, -24.8341603 ], [ -48.8487104, -24.8353078 ], [ -48.8481329, -24.8365557 ], [ -48.8494193, -24.8393866 ], [ -48.8465508, -24.8420189 ], [ -48.8468755, -24.8436643 ], [ -48.8447753, -24.8448418 ], [ -48.8439761, -24.8469204 ], [ -48.8414752, -24.8476807 ], [ -48.8401743, -24.8498463 ], [ -48.8400899, -24.8522322 ], [ -48.8347598, -24.8534045 ], [ -48.8348304, -24.8552518 ], [ -48.8339961, -24.8555265 ], [ -48.8346422, -24.8570119 ], [ -48.8335051, -24.8566657 ], [ -48.8319756, -24.8582021 ], [ -48.833647, -24.8588207 ], [ -48.8320968, -24.8602123 ], [ -48.8324567, -24.8629574 ], [ -48.8351077, -24.865234 ], [ -48.8378073, -24.8648238 ], [ -48.8366433, -24.866335 ], [ -48.8392337, -24.8666683 ], [ -48.8380139, -24.8684712 ], [ -48.7307662, -24.8683362 ], [ -48.7286222, -24.8712948 ], [ -48.722076, -24.8745789 ], [ -48.7187419, -24.8775448 ], [ -48.7192922, -24.880807 ], [ -48.7202873, -24.8819504 ], [ -48.718442, -24.8830241 ], [ -48.7183983, -24.8842343 ], [ -48.7193171, -24.8866336 ], [ -48.7206851, -24.8867899 ], [ -48.7200765, -24.8881737 ], [ -48.721657, -24.8888534 ], [ -48.7193816, -24.8906025 ], [ -48.7192402, -24.8920136 ], [ -48.7175739, -24.8924383 ], [ -48.7183859, -24.8933717 ], [ -48.7171305, -24.893313 ], [ -48.7164838, -24.8942859 ], [ -48.7174558, -24.8951826 ], [ -48.7168234, -24.8970986 ], [ -48.717885, -24.8986107 ], [ -48.7174506, -24.9005283 ], [ -48.7145752, -24.9016142 ], [ -48.7133415, -24.9039915 ], [ -48.7147024, -24.9057555 ], [ -48.7139647, -24.9067458 ], [ -48.7150298, -24.9084804 ], [ -48.7151035, -24.9115782 ], [ -48.7132712, -24.9128458 ], [ -48.7127629, -24.9159293 ], [ -48.7080482, -24.9169743 ], [ -48.705522, -24.9188709 ], [ -48.7064359, -24.920503 ], [ -48.7040622, -24.9225373 ], [ -48.7021659, -24.9206435 ], [ -48.701446, -24.91467 ], [ -48.6991565, -24.914696 ], [ -48.6970393, -24.9162001 ], [ -48.6954166, -24.9201495 ], [ -48.6943149, -24.9203571 ], [ -48.6937842, -24.9195191 ], [ -48.6917814, -24.9212413 ], [ -48.6905943, -24.921038 ], [ -48.6900575, -24.9188206 ], [ -48.6890203, -24.9188414 ], [ -48.6878179, -24.920357 ], [ -48.684569, -24.9178298 ], [ -48.6759061, -24.9212199 ], [ -48.6702255, -24.9211931 ], [ -48.6690592, -24.9234489 ], [ -48.6726344, -24.9269063 ], [ -48.6724151, -24.9300187 ], [ -48.6691821, -24.9301114 ], [ -48.6670305, -24.934624 ], [ -48.6638547, -24.9361437 ], [ -48.6586352, -24.9332027 ], [ -48.6551045, -24.9347248 ], [ -48.6503149, -24.9439895 ], [ -48.6539984, -24.9454239 ], [ -48.6529769, -24.9474353 ], [ -48.6534584, -24.9480791 ], [ -48.6564849, -24.9472043 ], [ -48.6576165, -24.9491289 ], [ -48.6651014, -24.9537336 ], [ -48.6656073, -24.9553036 ], [ -48.66741, -24.9560828 ], [ -48.6674344, -24.9576743 ], [ -48.668264, -24.9584736 ], [ -48.6754337, -24.9617208 ], [ -48.6846883, -24.9681117 ], [ -48.6879743, -24.968261 ], [ -48.6898442, -24.969902 ], [ -48.6929587, -24.9696139 ], [ -48.6966005, -24.9712395 ], [ -48.6991019, -24.9700445 ], [ -48.7061811, -24.9730072 ], [ -48.708092, -24.9703508 ], [ -48.7106513, -24.9686112 ], [ -48.7122598, -24.9683575 ], [ -48.7187059, -24.9702763 ], [ -48.7213499, -24.9727835 ], [ -48.7218224, -24.976774 ], [ -48.7260426, -24.9816217 ], [ -48.7280266, -24.9827181 ], [ -48.7322417, -24.9817559 ], [ -48.7366697, -24.9826539 ], [ -48.7390966, -24.984432 ], [ -48.7411005, -24.9845305 ], [ -48.7407258, -24.9881563 ], [ -48.7415424, -24.9889278 ], [ -48.7436425, -24.9896554 ], [ -48.7443467, -24.9879507 ], [ -48.7457694, -24.9874544 ], [ -48.7474546, -24.9884752 ], [ -48.7470031, -24.9903013 ], [ -48.7475496, -24.9909454 ], [ -48.7505424, -24.9906626 ], [ -48.751959, -24.9966652 ], [ -48.7510667, -24.9977169 ], [ -48.7522942, -24.9981058 ], [ -48.7553526, -24.9954683 ], [ -48.7561403, -24.9977837 ], [ -48.755673, -25.000145 ], [ -48.757002, -25.0038127 ], [ -48.7588709, -25.0034111 ], [ -48.7600602, -25.0011121 ], [ -48.7805768, -25.0009489 ], [ -48.7814724, -25.002437 ], [ -48.7856732, -25.0052839 ], [ -48.7895131, -25.0051804 ], [ -48.7929244, -25.0038203 ], [ -48.7967773, -25.0048172 ], [ -48.7995971, -25.0079326 ], [ -48.7991521, -25.0090326 ], [ -48.802083, -25.011021 ], [ -48.8012294, -25.0122194 ], [ -48.8022825, -25.0136462 ], [ -48.8039548, -25.0131814 ], [ -48.8097457, -25.014946 ], [ -48.8110141, -25.0143716 ], [ -48.8104096, -25.0129073 ], [ -48.8111224, -25.0118499 ], [ -48.8159665, -25.0134724 ] ] ] } },
{ "type": "Feature", "properties": { "municipio": "Rio Branco do Sul", "municipio_norm": "RIO BRANCO DO SUL", "uf": "Paraná", "uf_sigla": "PR", "uf_norm": "PARANA", "cod_municipio": "4122206" }, "geometry": { "type": "Polygon", "coordinates": [ [ [ -49.3011832, -25.224603 ], [ -49.3052012, -25.2284662 ], [ -49.3072286, -25.2287759 ], [ -49.3111692, -25.2278875 ], [ -49.3123028, -25.2289021 ], [ -49.3122438, -25.2317037 ], [ -49.3132464, -25.2327063 ], [ -49.3192329, -25.2306715 ], [ -49.3216953, -25.2308263 ], [ -49.3272615, -25.2255744 ], [ -49.3281757, -25.2236243 ], [ -49.3277997, -25.217037 ], [ -49.324777, -25.2120938 ], [ -49.3255603, -25.2112257 ], [ -49.3244213, -25.2081145 ], [ -49.3304054, -25.2103319 ], [ -49.3378607, -25.1980902 ], [ -49.3518894, -25.1981812 ], [ -49.3564867, -25.1958012 ], [ -49.3573802, -25.1940141 ], [ -49.361942, -25.1931206 ], [ -49.3630707, -25.1917097 ], [ -49.3703029, -25.1927207 ], [ -49.3716889, -25.1916001 ], [ -49.3754897, -25.1907559 ], [ -49.3765548, -25.1876189 ], [ -49.3779998, -25.1870881 ], [ -49.3808898, -25.1875894 ], [ -49.3855393, -25.1858818 ], [ -49.3883979, -25.1834934 ], [ -49.3930162, -25.1816641 ], [ -49.4008601, -25.1752979 ], [ -49.4026393, -25.1746251 ], [ -49.4078484, -25.1752479 ], [ -49.4097947, -25.1743632 ], [ -49.4112692, -25.171945 ], [ -49.4171082, -25.1715322 ], [ -49.4243038, -25.1756018 ], [ -49.4259618, -25.1751419 ], [ -49.4278426, -25.1729477 ], [ -49.4327379, -25.172063 ], [ -49.4357459, -25.1725938 ], [ -49.441113, -25.168996 ], [ -49.4486625, -25.1669907 ], [ -49.4511986, -25.1649854 ], [ -49.4576274, -25.1646905 ], [ -49.4621983, -25.1667548 ], [ -49.4621689, -25.1526881 ], [ -49.458689, -25.1515085 ], [ -49.4560965, -25.1492377 ], [ -49.4549169, -25.1500782 ], [ -49.4511422, -25.1503141 ], [ -49.4502575, -25.1484268 ], [ -49.4457751, -25.1463625 ], [ -49.4451263, -25.1455957 ], [ -49.4456557, -25.1443404 ], [ -49.4436123, -25.1441397 ], [ -49.4374636, -25.1352337 ], [ -49.435768, -25.1343638 ], [ -49.4330991, -25.1310683 ], [ -49.4317573, -25.1269102 ], [ -49.4288231, -25.1269987 ], [ -49.4288083, -25.126173 ], [ -49.4349804, -25.121965 ], [ -49.4429302, -25.1186585 ], [ -49.4439514, -25.1157483 ], [ -49.4436565, -25.1130942 ], [ -49.4450721, -25.1121505 ], [ -49.4461337, -25.1126223 ], [ -49.4472543, -25.1120915 ], [ -49.4479621, -25.1092015 ], [ -49.4521496, -25.1095554 ], [ -49.4559055, -25.1078532 ], [ -49.4568977, -25.1050349 ], [ -49.4637853, -25.101165 ], [ -49.4656489, -25.0976578 ], [ -49.46565, -25.0959884 ], [ -49.469237, -25.0920319 ], [ -49.4757911, -25.0884314 ], [ -49.4795704, -25.0844606 ], [ -49.4815918, -25.0843256 ], [ -49.4825828, -25.0826484 ], [ -49.4829851, -25.0756451 ], [ -49.4818092, -25.0736958 ], [ -49.4818151, -25.0698941 ], [ -49.4846906, -25.0637216 ], [ -49.488348, -25.0591774 ], [ -49.4935161, -25.0582898 ], [ -49.4949639, -25.0569615 ], [ -49.49396, -25.0547824 ], [ -49.4983089, -25.0504498 ], [ -49.4977078, -25.0462025 ], [ -49.5026342, -25.0432837 ], [ -49.5044285, -25.0403611 ], [ -49.5039419, -25.0387554 ], [ -49.5006403, -25.0376988 ], [ -49.5032253, -25.0363868 ], [ -49.5049838, -25.0343055 ], [ -49.5071859, -25.0335656 ], [ -49.5091044, -25.031144 ], [ -49.5020563, -25.0242058 ], [ -49.5012867, -25.020603 ], [ -49.4999299, -25.0185061 ], [ -49.4998991, -25.0157663 ], [ -49.5014444, -25.0132156 ], [ -49.4985005, -25.0116377 ], [ -49.4974978, -25.0104581 ], [ -49.4989774, -25.0102256 ], [ -49.4963572, -25.0090977 ], [ -49.4966288, -25.0085005 ], [ -49.4993857, -25.0074084 ], [ -49.5006827, -25.0088066 ], [ -49.502747, -25.0082168 ], [ -49.5098246, -25.0041472 ], [ -49.5109452, -25.0055627 ], [ -49.5161347, -25.0048756 ], [ -49.5198634, -25.0056977 ], [ -49.5208233, -24.9999 ], [ -49.5362561, -24.9879618 ], [ -49.5444274, -24.9850194 ], [ -49.5459907, -24.9803106 ], [ -49.549596, -24.9768422 ], [ -49.5537719, -24.9762081 ], [ -49.5540136, -24.9740376 ], [ -49.5564051, -24.971905 ], [ -49.5602729, -24.9741816 ], [ -49.5613868, -24.9731867 ], [ -49.5628131, -24.9684611 ], [ -49.5688342, -24.9674498 ], [ -49.571763, -24.9622595 ], [ -49.5744741, -24.9602613 ], [ -49.57585, -24.957199 ], [ -49.5785062, -24.9546548 ], [ -49.5786789, -24.9518218 ], [ -49.5800744, -24.948814 ], [ -49.5759375, -24.9439909 ], [ -49.5718696, -24.9440506 ], [ -49.5716357, -24.9429759 ], [ -49.5731233, -24.9411333 ], [ -49.5728866, -24.9398289 ], [ -49.569355, -24.9381708 ], [ -49.5683737, -24.9385742 ], [ -49.5673242, -24.9412676 ], [ -49.5651846, -24.9409293 ], [ -49.5636357, -24.9392867 ], [ -49.5600432, -24.9409279 ], [ -49.5553462, -24.9409936 ], [ -49.5520618, -24.9400399 ], [ -49.5494032, -24.9409977 ], [ -49.5481349, -24.9384453 ], [ -49.5497848, -24.9373313 ], [ -49.5469466, -24.9355979 ], [ -49.545156, -24.9326721 ], [ -49.5451095, -24.9299479 ], [ -49.5413856, -24.9260293 ], [ -49.5401858, -24.9213633 ], [ -49.5382475, -24.9194098 ], [ -49.538361, -24.9176626 ], [ -49.5394542, -24.9165158 ], [ -49.5327275, -24.9114271 ], [ -49.5309715, -24.9120845 ], [ -49.5297097, -24.9115648 ], [ -49.5293676, -24.9091345 ], [ -49.5273829, -24.9083093 ], [ -49.525996, -24.9083192 ], [ -49.5216345, -24.9112438 ], [ -49.5182401, -24.9117178 ], [ -49.5160538, -24.9131505 ], [ -49.5111019, -24.9122406 ], [ -49.510804, -24.9112802 ], [ -49.5121271, -24.9080035 ], [ -49.509048, -24.904072 ], [ -49.5095518, -24.9009933 ], [ -49.5004403, -24.9054196 ], [ -49.4979025, -24.9049955 ], [ -49.4958948, -24.905763 ], [ -49.4948825, -24.910503 ], [ -49.4963083, -24.9109514 ], [ -49.4980042, -24.9138837 ], [ -49.495875, -24.9147475 ], [ -49.494012, -24.916705 ], [ -49.4913191, -24.9165643 ], [ -49.4900469, -24.915707 ], [ -49.4863111, -24.9163249 ], [ -49.4851346, -24.914856 ], [ -49.4827077, -24.9157304 ], [ -49.4767692, -24.9085406 ], [ -49.4751021, -24.908465 ], [ -49.47319, -24.9067214 ], [ -49.4668775, -24.907823 ], [ -49.4654266, -24.9117422 ], [ -49.4612557, -24.9109651 ], [ -49.458126, -24.9131773 ], [ -49.4534694, -24.9136745 ], [ -49.4510515, -24.9157028 ], [ -49.4470802, -24.9095241 ], [ -49.4445861, -24.9087202 ], [ -49.4402478, -24.9009303 ], [ -49.4369366, -24.9002158 ], [ -49.4324154, -24.9005462 ], [ -49.4304143, -24.9037022 ], [ -49.4281688, -24.9049696 ], [ -49.4256611, -24.9050784 ], [ -49.4239679, -24.9022294 ], [ -49.4205517, -24.9007383 ], [ -49.4180169, -24.897513 ], [ -49.4094224, -24.8963755 ], [ -49.4084909, -24.8951884 ], [ -49.4107751, -24.8914595 ], [ -49.4111018, -24.8891074 ], [ -49.4100758, -24.8854211 ], [ -49.408677, -24.8836196 ], [ -49.406546, -24.8816948 ], [ -49.4024406, -24.8832164 ], [ -49.4013401, -24.882933 ], [ -49.3986993, -24.8796222 ], [ -49.3981976, -24.8767871 ], [ -49.3917299, -24.8767042 ], [ -49.3905521, -24.8778877 ], [ -49.392316, -24.8796906 ], [ -49.390784, -24.8806281 ], [ -49.3903776, -24.8844452 ], [ -49.3937556, -24.8859816 ], [ -49.3926452, -24.8912652 ], [ -49.3906376, -24.8919376 ], [ -49.3907638, -24.8937369 ], [ -49.3897321, -24.8951159 ], [ -49.3910534, -24.8967052 ], [ -49.3931589, -24.8975033 ], [ -49.3973174, -24.8965143 ], [ -49.3980376, -24.8988535 ], [ -49.39712, -24.9002009 ], [ -49.3897658, -24.8993447 ], [ -49.3885776, -24.9036205 ], [ -49.3889116, -24.9055037 ], [ -49.3835174, -24.9080119 ], [ -49.3833266, -24.9091717 ], [ -49.3868302, -24.9117374 ], [ -49.3890114, -24.9114119 ], [ -49.389654, -24.9125073 ], [ -49.3869327, -24.9131864 ], [ -49.385385, -24.9150341 ], [ -49.3827522, -24.9157545 ], [ -49.3829497, -24.9179209 ], [ -49.3822613, -24.9190095 ], [ -49.3781413, -24.9193668 ], [ -49.3778315, -24.9202085 ], [ -49.3785389, -24.9209205 ], [ -49.3762964, -24.9212646 ], [ -49.3761467, -24.9235202 ], [ -49.3743265, -24.9236666 ], [ -49.3736147, -24.9316549 ], [ -49.3744018, -24.9315351 ], [ -49.3761087, -24.9287773 ], [ -49.3784729, -24.9282027 ], [ -49.3815957, -24.9311352 ], [ -49.3751059, -24.9353288 ], [ -49.3732669, -24.9390437 ], [ -49.3742389, -24.94198 ], [ -49.3794898, -24.9394291 ], [ -49.3801725, -24.9419168 ], [ -49.3844276, -24.9427636 ], [ -49.3841877, -24.9451561 ], [ -49.3848967, -24.9459365 ], [ -49.3890835, -24.9471045 ], [ -49.3888706, -24.9498366 ], [ -49.3919619, -24.9531274 ], [ -49.3914585, -24.9537406 ], [ -49.3893113, -24.9526032 ], [ -49.3881407, -24.9534652 ], [ -49.3898557, -24.9635268 ], [ -49.3877079, -24.9653738 ], [ -49.3878781, -24.9663349 ], [ -49.3882215, -24.9670374 ], [ -49.3932115, -24.9675717 ], [ -49.3914911, -24.9709499 ], [ -49.394318, -24.9715381 ], [ -49.3952921, -24.9732906 ], [ -49.393326, -24.9754163 ], [ -49.3871443, -24.9784684 ], [ -49.3856722, -24.9800192 ], [ -49.3823054, -24.9773017 ], [ -49.3777869, -24.9804913 ], [ -49.3751483, -24.9814843 ], [ -49.3731877, -24.9807542 ], [ -49.3728338, -24.9827115 ], [ -49.3715472, -24.9829563 ], [ -49.3698786, -24.9850882 ], [ -49.3722996, -24.987074 ], [ -49.3704236, -24.9889733 ], [ -49.3692168, -24.9899403 ], [ -49.3674949, -24.9892121 ], [ -49.3659022, -24.9919282 ], [ -49.3616673, -24.9944306 ], [ -49.3593578, -24.9928535 ], [ -49.3575201, -24.9964131 ], [ -49.3555373, -24.9975063 ], [ -49.3554612, -25.0008424 ], [ -49.3603552, -25.0006434 ], [ -49.3620945, -25.0032045 ], [ -49.3676213, -25.0006486 ], [ -49.3675024, -25.0021755 ], [ -49.3649874, -25.0050313 ], [ -49.3620012, -25.0064474 ], [ -49.3601465, -25.0052915 ], [ -49.3588311, -25.0078459 ], [ -49.356232, -25.010136 ], [ -49.3493968, -25.0133289 ], [ -49.3460668, -25.0135997 ], [ -49.3446923, -25.0120137 ], [ -49.347877, -25.0092377 ], [ -49.3483114, -25.0075234 ], [ -49.3472844, -25.0058978 ], [ -49.3452595, -25.0077579 ], [ -49.3440037, -25.0070728 ], [ -49.3403553, -25.0077191 ], [ -49.3408191, -25.0098469 ], [ -49.3306368, -25.0169123 ], [ -49.3265689, -25.0222283 ], [ -49.3229932, -25.0221486 ], [ -49.3233676, -25.0246637 ], [ -49.3202641, -25.0273353 ], [ -49.3179978, -25.027701 ], [ -49.3171282, -25.0252523 ], [ -49.3155578, -25.025175 ], [ -49.3136548, -25.0274573 ], [ -49.3123069, -25.033616 ], [ -49.3105898, -25.0332223 ], [ -49.3034658, -25.0399124 ], [ -49.300373, -25.0403868 ], [ -49.2987572, -25.0421167 ], [ -49.2977882, -25.0412411 ], [ -49.2968957, -25.041503 ], [ -49.2961344, -25.0432103 ], [ -49.2971543, -25.0453467 ], [ -49.2949433, -25.0498799 ], [ -49.2916684, -25.0494836 ], [ -49.2906479, -25.0510421 ], [ -49.2893047, -25.0483648 ], [ -49.2901355, -25.0477462 ], [ -49.2890604, -25.0471059 ], [ -49.2862535, -25.0492717 ], [ -49.2838297, -25.0493328 ], [ -49.2822832, -25.0507962 ], [ -49.2789777, -25.0492872 ], [ -49.2704815, -25.0549653 ], [ -49.2673089, -25.0543312 ], [ -49.2673814, -25.0573673 ], [ -49.2637278, -25.0606703 ], [ -49.2618704, -25.0606977 ], [ -49.2608145, -25.0588905 ], [ -49.2591509, -25.0581845 ], [ -49.2593835, -25.0568849 ], [ -49.2619523, -25.0559461 ], [ -49.2617488, -25.0542805 ], [ -49.2538676, -25.055967 ], [ -49.2529151, -25.0571625 ], [ -49.2509154, -25.0575599 ], [ -49.2508211, -25.0588207 ], [ -49.2480885, -25.0598621 ], [ -49.2449653, -25.0636662 ], [ -49.2449926, -25.0665998 ], [ -49.2437194, -25.0684147 ], [ -49.2432264, -25.0710561 ], [ -49.2401119, -25.0746991 ], [ -49.2301069, -25.0731825 ], [ -49.2249178, -25.0745104 ], [ -49.2224158, -25.0738392 ], [ -49.219853, -25.0717736 ], [ -49.2170547, -25.0722205 ], [ -49.2139321, -25.0715698 ], [ -49.2105101, -25.0742483 ], [ -49.2064415, -25.0731103 ], [ -49.205264, -25.075098 ], [ -49.2027889, -25.0749345 ], [ -49.1962279, -25.0779807 ], [ -49.1936334, -25.0802819 ], [ -49.1919393, -25.0795742 ], [ -49.1897926, -25.0815313 ], [ -49.1857363, -25.0791926 ], [ -49.1826279, -25.078711 ], [ -49.1827693, -25.0802377 ], [ -49.1793567, -25.08129 ], [ -49.1788302, -25.0835579 ], [ -49.1759696, -25.0872192 ], [ -49.1749963, -25.0849026 ], [ -49.1699883, -25.0832099 ], [ -49.1686429, -25.0831941 ], [ -49.1656925, -25.0852473 ], [ -49.1634048, -25.0858358 ], [ -49.1519006, -25.086036 ], [ -49.1509444, -25.0896282 ], [ -49.1455617, -25.0960328 ], [ -49.1427959, -25.0978149 ], [ -49.1386288, -25.094549 ], [ -49.1350681, -25.0947866 ], [ -49.1314153, -25.0897667 ], [ -49.1260234, -25.0884823 ], [ -49.118751, -25.0843541 ], [ -49.1138208, -25.0861322 ], [ -49.1134237, -25.0828508 ], [ -49.1108817, -25.0821981 ], [ -49.1089914, -25.0799997 ], [ -49.1048756, -25.0786935 ], [ -49.1024591, -25.0791238 ], [ -49.100297, -25.0767056 ], [ -49.0961918, -25.0758589 ], [ -49.0939106, -25.0741437 ], [ -49.0932342, -25.0790594 ], [ -49.0956978, -25.0834104 ], [ -49.094891, -25.0851076 ], [ -49.0926217, -25.0860712 ], [ -49.0919297, -25.0912953 ], [ -49.0908467, -25.092035 ], [ -49.0889374, -25.0971846 ], [ -49.0871651, -25.0978907 ], [ -49.0853814, -25.0967277 ], [ -49.0855421, -25.0987836 ], [ -49.0830849, -25.1010341 ], [ -49.0819124, -25.1048427 ], [ -49.0784273, -25.1042464 ], [ -49.0737726, -25.1054774 ], [ -49.0713533, -25.1052946 ], [ -49.0682198, -25.1077222 ], [ -49.0649209, -25.1075785 ], [ -49.0635257, -25.109654 ], [ -49.0654787, -25.1132671 ], [ -49.0649199, -25.116379 ], [ -49.0699053, -25.1151296 ], [ -49.0749505, -25.1181661 ], [ -49.0761327, -25.1213421 ], [ -49.0861939, -25.1239878 ], [ -49.090328, -25.1237786 ], [ -49.09637, -25.1218634 ], [ -49.0985973, -25.1220423 ], [ -49.1002519, -25.123618 ], [ -49.1012186, -25.1278053 ], [ -49.1131768, -25.1314295 ], [ -49.116396, -25.1299566 ], [ -49.1224284, -25.1309959 ], [ -49.124951, -25.1333591 ], [ -49.1288272, -25.1345256 ], [ -49.1297174, -25.137544 ], [ -49.1323837, -25.1386698 ], [ -49.1335411, -25.1430317 ], [ -49.1354859, -25.1454632 ], [ -49.1422689, -25.1472668 ], [ -49.1461239, -25.1500335 ], [ -49.1522957, -25.1495606 ], [ -49.1549696, -25.1520373 ], [ -49.1584858, -25.1530427 ], [ -49.1602882, -25.1562025 ], [ -49.1625863, -25.158049 ], [ -49.1642876, -25.1586466 ], [ -49.1678756, -25.1577637 ], [ -49.1694493, -25.1595595 ], [ -49.1783188, -25.1644107 ], [ -49.1789103, -25.1653693 ], [ -49.1761808, -25.1703019 ], [ -49.1719246, -25.1724368 ], [ -49.1663718, -25.1727901 ], [ -49.1582944, -25.1808237 ], [ -49.1576455, -25.1817932 ], [ -49.158101, -25.1825746 ], [ -49.1619176, -25.1859189 ], [ -49.1640887, -25.1899058 ], [ -49.1744995, -25.1925038 ], [ -49.1755853, -25.1938442 ], [ -49.1754658, -25.1957624 ], [ -49.17782, -25.197996 ], [ -49.1812892, -25.1979638 ], [ -49.1838977, -25.1993879 ], [ -49.1871793, -25.1989018 ], [ -49.1938295, -25.2026059 ], [ -49.1999767, -25.2025699 ], [ -49.20135, -25.2042816 ], [ -49.2211091, -25.2098107 ], [ -49.2219747, -25.2304874 ], [ -49.2261208, -25.2313993 ], [ -49.2317094, -25.2300391 ], [ -49.2341512, -25.2323578 ], [ -49.2363469, -25.2309575 ], [ -49.2359267, -25.2281914 ], [ -49.238446, -25.225581 ], [ -49.2405519, -25.2278543 ], [ -49.2419379, -25.2281787 ], [ -49.2452408, -25.2335754 ], [ -49.2514337, -25.2343274 ], [ -49.253684, -25.2339488 ], [ -49.2537339, -25.2330961 ], [ -49.2565649, -25.2315332 ], [ -49.2578636, -25.2319297 ], [ -49.2594495, -25.2312465 ], [ -49.2611948, -25.2332657 ], [ -49.2656773, -25.2316143 ], [ -49.2680365, -25.2328234 ], [ -49.2699239, -25.2327054 ], [ -49.2731088, -25.2298744 ], [ -49.2754385, -25.2305821 ], [ -49.2784759, -25.2299333 ], [ -49.289848, -25.2243339 ], [ -49.2970694, -25.2248095 ], [ -49.2977058, -25.2261052 ], [ -49.3011832, -25.224603 ] ] ] } },
{ "type": "Feature", "properties": { "municipio": "Almirante Tamandaré", "municipio_norm": "ALMIRANTE TAMANDARE", "uf": "Paraná", "uf_sigla": "PR", "uf_norm": "PARANA", "cod_municipio": "4100400" }, "geometry": { "type": "Polygon", "coordinates": [ [ [ -49.2553485, -25.3171185 ], [ -49.2526423, -25.3220908 ], [ -49.2512936, -25.3221558 ], [ -49.2516032, -25.3232469 ], [ -49.2494799, -25.3242348 ], [ -49.2489196, -25.3263176 ], [ -49.2457347, -25.3268484 ], [ -49.242771, -25.3306268 ], [ -49.2441865, -25.3327021 ], [ -49.2420042, -25.3341287 ], [ -49.2420632, -25.3366169 ], [ -49.2405445, -25.3375551 ], [ -49.239782, -25.3409041 ], [ -49.2320555, -25.3444784 ], [ -49.2322328, -25.3464678 ], [ -49.2294964, -25.3498408 ], [ -49.2312114, -25.3504398 ], [ -49.2332213, -25.3498381 ], [ -49.2370416, -25.3512059 ], [ -49.2390814, -25.3502718 ], [ -49.2397122, -25.3511467 ], [ -49.2411776, -25.3512111 ], [ -49.2419381, -25.3495473 ], [ -49.244095, -25.3481277 ], [ -49.2452732, -25.3492513 ], [ -49.2466871, -25.3485806 ], [ -49.2480194, -25.349057 ], [ -49.2491628, -25.348381 ], [ -49.2504227, -25.3488976 ], [ -49.2541678, -25.347905 ], [ -49.2596906, -25.347881 ], [ -49.2630792, -25.3469293 ], [ -49.2645541, -25.3482142 ], [ -49.2738944, -25.3452392 ], [ -49.2752943, -25.3481037 ], [ -49.2775582, -25.3495459 ], [ -49.2780615, -25.3507161 ], [ -49.2795552, -25.3507935 ], [ -49.2803402, -25.3532658 ], [ -49.281873, -25.3542649 ], [ -49.2812487, -25.3550998 ], [ -49.2819484, -25.3616538 ], [ -49.2842099, -25.3629962 ], [ -49.2812755, -25.3641051 ], [ -49.282622, -25.3647302 ], [ -49.2821629, -25.3664626 ], [ -49.2836299, -25.3672575 ], [ -49.2835375, -25.368353 ], [ -49.2856842, -25.3677308 ], [ -49.2856265, -25.3692625 ], [ -49.2875385, -25.3716886 ], [ -49.2858324, -25.3736521 ], [ -49.2863005, -25.376224 ], [ -49.2848364, -25.3771662 ], [ -49.286712, -25.3786695 ], [ -49.292535, -25.3758123 ], [ -49.2936092, -25.3763438 ], [ -49.2954716, -25.3757444 ], [ -49.2958418, -25.3788068 ], [ -49.2976586, -25.3782831 ], [ -49.2990594, -25.3794187 ], [ -49.3002595, -25.3788695 ], [ -49.3027287, -25.3830133 ], [ -49.3016316, -25.3846193 ], [ -49.2995908, -25.3850864 ], [ -49.3017444, -25.3857487 ], [ -49.3026566, -25.3869504 ], [ -49.303785, -25.3863252 ], [ -49.3034868, -25.384188 ], [ -49.3103825, -25.3835913 ], [ -49.311997, -25.382387 ], [ -49.3191101, -25.374912 ], [ -49.319946, -25.372199 ], [ -49.3233509, -25.369255 ], [ -49.326259, -25.368108 ], [ -49.3292509, -25.360073 ], [ -49.3354354, -25.3547862 ], [ -49.3354354, -25.3517552 ], [ -49.3379929, -25.351874 ], [ -49.3396008, -25.3505406 ], [ -49.3402104, -25.3497456 ], [ -49.3398147, -25.3488614 ], [ -49.3427167, -25.3448399 ], [ -49.3465544, -25.3446137 ], [ -49.3507977, -25.3428615 ], [ -49.3513773, -25.3415105 ], [ -49.3541943, -25.3410641 ], [ -49.3558657, -25.3417509 ], [ -49.3573856, -25.3439814 ], [ -49.3618598, -25.3412682 ], [ -49.3684141, -25.3417829 ], [ -49.3707297, -25.3426753 ], [ -49.3742181, -25.3395578 ], [ -49.3810799, -25.3386241 ], [ -49.3834914, -25.3345664 ], [ -49.3884491, -25.3334881 ], [ -49.3896449, -25.3323039 ], [ -49.3900848, -25.3298547 ], [ -49.3962075, -25.3262711 ], [ -49.3972005, -25.3233545 ], [ -49.3971615, -25.3202408 ], [ -49.3948399, -25.320009 ], [ -49.3914344, -25.316939 ], [ -49.3895692, -25.3173312 ], [ -49.3882836, -25.3152543 ], [ -49.3863255, -25.3157904 ], [ -49.3847962, -25.3147427 ], [ -49.3848149, -25.313465 ], [ -49.3825501, -25.3098323 ], [ -49.3851462, -25.3089531 ], [ -49.3885346, -25.3098958 ], [ -49.3950992, -25.3071845 ], [ -49.3999436, -25.3042868 ], [ -49.4028857, -25.3012668 ], [ -49.4060718, -25.2969102 ], [ -49.4051786, -25.2923844 ], [ -49.4066422, -25.2914083 ], [ -49.406985, -25.2894335 ], [ -49.4099935, -25.2846622 ], [ -49.409359, -25.2742205 ], [ -49.4117514, -25.2715227 ], [ -49.4128845, -25.2716371 ], [ -49.4187246, -25.2687308 ], [ -49.4160841, -25.2660428 ], [ -49.4164784, -25.2647776 ], [ -49.4256834, -25.263031 ], [ -49.4269886, -25.2610461 ], [ -49.4292798, -25.2606557 ], [ -49.4310628, -25.2613693 ], [ -49.431141, -25.2588582 ], [ -49.4328142, -25.2570432 ], [ -49.4320065, -25.2557228 ], [ -49.4324018, -25.2532855 ], [ -49.4342966, -25.2521521 ], [ -49.4387919, -25.2519376 ], [ -49.4397461, -25.2513066 ], [ -49.440752, -25.2479133 ], [ -49.4465076, -25.2449274 ], [ -49.4521954, -25.2438347 ], [ -49.4499184, -25.2427891 ], [ -49.449191, -25.2437647 ], [ -49.443234, -25.2451213 ], [ -49.4415383, -25.2441481 ], [ -49.4375572, -25.2444872 ], [ -49.4354487, -25.2424082 ], [ -49.4324112, -25.2443987 ], [ -49.4304649, -25.2436209 ], [ -49.4287397, -25.2439748 ], [ -49.4266901, -25.2460244 ], [ -49.4211165, -25.2472372 ], [ -49.4186099, -25.2498507 ], [ -49.4139062, -25.2492904 ], [ -49.4118714, -25.2526965 ], [ -49.4097334, -25.2508386 ], [ -49.4083621, -25.2512367 ], [ -49.4083873, -25.2531975 ], [ -49.4074185, -25.2544216 ], [ -49.4050003, -25.2555939 ], [ -49.4040861, -25.2551663 ], [ -49.4022135, -25.258694 ], [ -49.4010044, -25.2595492 ], [ -49.3993824, -25.2592543 ], [ -49.399176, -25.2609352 ], [ -49.3905502, -25.2633239 ], [ -49.3894148, -25.2612744 ], [ -49.385935, -25.2608615 ], [ -49.3784151, -25.2581558 ], [ -49.3763508, -25.2558814 ], [ -49.3744339, -25.2550557 ], [ -49.3721485, -25.2557192 ], [ -49.3711016, -25.2544364 ], [ -49.3707956, -25.2517749 ], [ -49.3596728, -25.2457381 ], [ -49.3565469, -25.243202 ], [ -49.3514157, -25.2355346 ], [ -49.3496237, -25.2342321 ], [ -49.3487026, -25.231664 ], [ -49.3475525, -25.2337348 ], [ -49.3433114, -25.2360092 ], [ -49.3411439, -25.2394448 ], [ -49.337148, -25.2413211 ], [ -49.3349805, -25.2406391 ], [ -49.3310141, -25.2373178 ], [ -49.3278587, -25.2379961 ], [ -49.3252046, -25.2373915 ], [ -49.3225358, -25.2345568 ], [ -49.3214594, -25.2311581 ], [ -49.3192329, -25.2306715 ], [ -49.3132464, -25.2327063 ], [ -49.3122438, -25.2317037 ], [ -49.3123028, -25.2289021 ], [ -49.3111692, -25.2278875 ], [ -49.3072286, -25.2287759 ], [ -49.3052012, -25.2284662 ], [ -49.3015371, -25.2245735 ], [ -49.2977058, -25.2261052 ], [ -49.2970694, -25.2248095 ], [ -49.289848, -25.2243339 ], [ -49.2784759, -25.2299333 ], [ -49.2754385, -25.2305821 ], [ -49.2731088, -25.2298744 ], [ -49.2699239, -25.2327054 ], [ -49.2680365, -25.2328234 ], [ -49.2656773, -25.2316143 ], [ -49.2611948, -25.2332657 ], [ -49.2594495, -25.2312465 ], [ -49.2578636, -25.2319297 ], [ -49.2565649, -25.2315332 ], [ -49.2537339, -25.2330961 ], [ -49.2536012, -25.23533 ], [ -49.2522962, -25.2366497 ], [ -49.2523184, -25.2385518 ], [ -49.2512862, -25.2396429 ], [ -49.2527312, -25.2404981 ], [ -49.2554091, -25.2402348 ], [ -49.2572432, -25.2448884 ], [ -49.2589573, -25.2446712 ], [ -49.2610494, -25.2469607 ], [ -49.2656257, -25.2488401 ], [ -49.2657289, -25.2513615 ], [ -49.2683093, -25.2555085 ], [ -49.2529155, -25.2826319 ], [ -49.2573759, -25.2836272 ], [ -49.2589389, -25.2847183 ], [ -49.2586278, -25.2858763 ], [ -49.2610179, -25.289363 ], [ -49.2594844, -25.2905426 ], [ -49.2595287, -25.2922161 ], [ -49.2586732, -25.2932605 ], [ -49.2564617, -25.2929797 ], [ -49.2534166, -25.294465 ], [ -49.2527201, -25.2976708 ], [ -49.2531545, -25.2991939 ], [ -49.2598309, -25.3043844 ], [ -49.258902, -25.3104778 ], [ -49.2571437, -25.3141843 ], [ -49.2544638, -25.3146451 ], [ -49.2553485, -25.3171185 ] ] ] } },
{ "type": "Feature", "properties": { "municipio": "Cerro Azul", "municipio_norm": "CERRO AZUL", "uf": "Paraná", "uf_sigla": "PR", "uf_norm": "PARANA", "cod_municipio": "4105201" }, "geometry": { "type": "Polygon", "coordinates": [ [ [ -49.2704815, -25.0549653 ], [ -49.2789777, -25.0492872 ], [ -49.2822832, -25.0507962 ], [ -49.2838297, -25.0493328 ], [ -49.2862535, -25.0492717 ], [ -49.2890604, -25.0471059 ], [ -49.2901355, -25.0477462 ], [ -49.2893047, -25.0483648 ], [ -49.2906479, -25.0510421 ], [ -49.2916684, -25.0494836 ], [ -49.2949433, -25.0498799 ], [ -49.2971543, -25.0453467 ], [ -49.2961344, -25.0432103 ], [ -49.2968957, -25.041503 ], [ -49.2977882, -25.0412411 ], [ -49.2987572, -25.0421167 ], [ -49.300373, -25.0403868 ], [ -49.3034658, -25.0399124 ], [ -49.3105898, -25.0332223 ], [ -49.3123069, -25.033616 ], [ -49.3136548, -25.0274573 ], [ -49.3155578, -25.025175 ], [ -49.3171282, -25.0252523 ], [ -49.3179978, -25.027701 ], [ -49.3202641, -25.0273353 ], [ -49.3233676, -25.0246637 ], [ -49.3229932, -25.0221486 ], [ -49.3265689, -25.0222283 ], [ -49.3306368, -25.0169123 ], [ -49.3408191, -25.0098469 ], [ -49.3403553, -25.0077191 ], [ -49.3440037, -25.0070728 ], [ -49.3452595, -25.0077579 ], [ -49.3472844, -25.0058978 ], [ -49.3483114, -25.0075234 ], [ -49.347877, -25.0092377 ], [ -49.3446923, -25.0120137 ], [ -49.3460668, -25.0135997 ], [ -49.3493968, -25.0133289 ], [ -49.356232, -25.010136 ], [ -49.3588311, -25.0078459 ], [ -49.3601465, -25.0052915 ], [ -49.3620012, -25.0064474 ], [ -49.3649874, -25.0050313 ], [ -49.3675024, -25.0021755 ], [ -49.3676213, -25.0006486 ], [ -49.3620945, -25.0032045 ], [ -49.3603552, -25.0006434 ], [ -49.3554612, -25.0008424 ], [ -49.3555373, -24.9975063 ], [ -49.3575201, -24.9964131 ], [ -49.3593578, -24.9928535 ], [ -49.3616673, -24.9944306 ], [ -49.3659022, -24.9919282 ], [ -49.3674949, -24.9892121 ], [ -49.3692168, -24.9899403 ], [ -49.3704236, -24.9889733 ], [ -49.3722996, -24.987074 ], [ -49.3698786, -24.9850882 ], [ -49.3715472, -24.9829563 ], [ -49.3728338, -24.9827115 ], [ -49.3731877, -24.9807542 ], [ -49.3751483, -24.9814843 ], [ -49.3777869, -24.9804913 ], [ -49.3823054, -24.9773017 ], [ -49.3856722, -24.9800192 ], [ -49.3951531, -24.973671 ], [ -49.394318, -24.9715381 ], [ -49.3914911, -24.9709499 ], [ -49.3932115, -24.9675717 ], [ -49.3882215, -24.9670374 ], [ -49.3878781, -24.9663349 ], [ -49.3877079, -24.9653738 ], [ -49.3898557, -24.9635268 ], [ -49.3881407, -24.9534652 ], [ -49.3893113, -24.9526032 ], [ -49.3914585, -24.9537406 ], [ -49.3919619, -24.9531274 ], [ -49.3888706, -24.9498366 ], [ -49.3890835, -24.9471045 ], [ -49.3848967, -24.9459365 ], [ -49.3841877, -24.9451561 ], [ -49.3844276, -24.9427636 ], [ -49.3801725, -24.9419168 ], [ -49.3794898, -24.9394291 ], [ -49.3742389, -24.94198 ], [ -49.3732669, -24.9390437 ], [ -49.3751059, -24.9353288 ], [ -49.3815957, -24.9311352 ], [ -49.3784729, -24.9282027 ], [ -49.3761087, -24.9287773 ], [ -49.3744018, -24.9315351 ], [ -49.3736147, -24.9316549 ], [ -49.3743265, -24.9236666 ], [ -49.3761467, -24.9235202 ], [ -49.3762964, -24.9212646 ], [ -49.3785389, -24.9209205 ], [ -49.3778315, -24.9202085 ], [ -49.3781413, -24.9193668 ], [ -49.3822613, -24.9190095 ], [ -49.3829497, -24.9179209 ], [ -49.3827522, -24.9157545 ], [ -49.385385, -24.9150341 ], [ -49.3869327, -24.9131864 ], [ -49.389654, -24.9125073 ], [ -49.3890114, -24.9114119 ], [ -49.3868302, -24.9117374 ], [ -49.3833266, -24.9091717 ], [ -49.3835174, -24.9080119 ], [ -49.3889116, -24.9055037 ], [ -49.3885776, -24.9036205 ], [ -49.3897658, -24.8993447 ], [ -49.39712, -24.9002009 ], [ -49.3980376, -24.8988535 ], [ -49.3973174, -24.8965143 ], [ -49.3931589, -24.8975033 ], [ -49.3910534, -24.8967052 ], [ -49.3897321, -24.8951159 ], [ -49.3907638, -24.8937369 ], [ -49.3906376, -24.8919376 ], [ -49.3926452, -24.8912652 ], [ -49.3937556, -24.8859816 ], [ -49.3903776, -24.8844452 ], [ -49.390784, -24.8806281 ], [ -49.392316, -24.8796906 ], [ -49.3905521, -24.8778877 ], [ -49.3917299, -24.8767042 ], [ -49.3981976, -24.8767871 ], [ -49.3986993, -24.8796222 ], [ -49.4013401, -24.882933 ], [ -49.4024406, -24.8832164 ], [ -49.406546, -24.8816948 ], [ -49.408677, -24.8836196 ], [ -49.4100758, -24.8854211 ], [ -49.4111018, -24.8891074 ], [ -49.4107751, -24.8914595 ], [ -49.4084909, -24.8951884 ], [ -49.4094224, -24.8963755 ], [ -49.4180169, -24.897513 ], [ -49.4205517, -24.9007383 ], [ -49.4239679, -24.9022294 ], [ -49.4256611, -24.9050784 ], [ -49.4281688, -24.9049696 ], [ -49.4304143, -24.9037022 ], [ -49.4324154, -24.9005462 ], [ -49.4369366, -24.9002158 ], [ -49.4402478, -24.9009303 ], [ -49.4445861, -24.9087202 ], [ -49.4470802, -24.9095241 ], [ -49.4510515, -24.9157028 ], [ -49.4534694, -24.9136745 ], [ -49.458126, -24.9131773 ], [ -49.4612557, -24.9109651 ], [ -49.4654266, -24.9117422 ], [ -49.4668775, -24.907823 ], [ -49.47319, -24.9067214 ], [ -49.4751021, -24.908465 ], [ -49.4767692, -24.9085406 ], [ -49.4827077, -24.9157304 ], [ -49.4851346, -24.914856 ], [ -49.4863111, -24.9163249 ], [ -49.4900469, -24.915707 ], [ -49.4913191, -24.9165643 ], [ -49.494012, -24.916705 ], [ -49.495875, -24.9147475 ], [ -49.4977889, -24.9143295 ], [ -49.4963083, -24.9109514 ], [ -49.4948825, -24.910503 ], [ -49.4958948, -24.905763 ], [ -49.4987766, -24.9052804 ], [ -49.5004823, -24.9023288 ], [ -49.5043274, -24.899147 ], [ -49.5020945, -24.8986221 ], [ -49.5020555, -24.8959595 ], [ -49.50003, -24.8947949 ], [ -49.5027572, -24.8931606 ], [ -49.505426, -24.8901019 ], [ -49.5083308, -24.8889981 ], [ -49.509353, -24.8875702 ], [ -49.5095201, -24.8858561 ], [ -49.5085218, -24.8843008 ], [ -49.5102913, -24.8820322 ], [ -49.5092555, -24.8805298 ], [ -49.5100082, -24.8791325 ], [ -49.5085784, -24.8773003 ], [ -49.5106034, -24.8748347 ], [ -49.514653, -24.8724803 ], [ -49.5169496, -24.8720554 ], [ -49.5218673, -24.8675608 ], [ -49.5232486, -24.867776 ], [ -49.5251863, -24.8643976 ], [ -49.5284076, -24.8621234 ], [ -49.5278111, -24.86071 ], [ -49.5255817, -24.8591415 ], [ -49.5260525, -24.8568193 ], [ -49.5278196, -24.8547341 ], [ -49.5263538, -24.8507143 ], [ -49.5261392, -24.8473274 ], [ -49.5264955, -24.8462866 ], [ -49.5288694, -24.8462557 ], [ -49.5304594, -24.8472374 ], [ -49.531552, -24.8463366 ], [ -49.5300217, -24.841523 ], [ -49.5303768, -24.8397415 ], [ -49.5324381, -24.8361252 ], [ -49.5339298, -24.8279428 ], [ -49.5364677, -24.8264786 ], [ -49.5361264, -24.822505 ], [ -49.537445, -24.8210631 ], [ -49.5375067, -24.8182403 ], [ -49.5435406, -24.8186577 ], [ -49.5453301, -24.8195083 ], [ -49.5469495, -24.8183959 ], [ -49.5479181, -24.816055 ], [ -49.5495669, -24.8174348 ], [ -49.5505805, -24.8170432 ], [ -49.5532115, -24.8111053 ], [ -49.5572334, -24.8090243 ], [ -49.5605194, -24.8089811 ], [ -49.5622731, -24.8076995 ], [ -49.5625891, -24.8010053 ], [ -49.5671599, -24.7971094 ], [ -49.5674186, -24.7954871 ], [ -49.5473772, -24.7514555 ], [ -49.5297698, -24.7155786 ], [ -49.5278173, -24.7152629 ], [ -49.526479, -24.7160457 ], [ -49.5264497, -24.7175008 ], [ -49.5243086, -24.7183326 ], [ -49.5229738, -24.7176379 ], [ -49.5226648, -24.7205217 ], [ -49.5211222, -24.7210983 ], [ -49.5199564, -24.7190544 ], [ -49.5199094, -24.7158978 ], [ -49.5185969, -24.7159614 ], [ -49.5181398, -24.7169046 ], [ -49.5169024, -24.7165298 ], [ -49.5168332, -24.7187586 ], [ -49.5150135, -24.718462 ], [ -49.5147202, -24.7207903 ], [ -49.5140241, -24.7197416 ], [ -49.5119436, -24.7194092 ], [ -49.5125274, -24.7179121 ], [ -49.5112047, -24.7151489 ], [ -49.509928, -24.7154811 ], [ -49.5092019, -24.7183497 ], [ -49.5077183, -24.7176144 ], [ -49.5074209, -24.7192858 ], [ -49.5085146, -24.7203582 ], [ -49.5083487, -24.7226057 ], [ -49.5069952, -24.7201785 ], [ -49.5059855, -24.72128 ], [ -49.5034224, -24.7205339 ], [ -49.5018114, -24.72243 ], [ -49.5016829, -24.7214964 ], [ -49.5009728, -24.7217986 ], [ -49.4972846, -24.7201141 ], [ -49.4960683, -24.7176992 ], [ -49.4947394, -24.7190378 ], [ -49.4957213, -24.7201106 ], [ -49.4938526, -24.719004 ], [ -49.4920153, -24.718976 ], [ -49.49095, -24.7200234 ], [ -49.4901626, -24.7188546 ], [ -49.4886008, -24.7210259 ], [ -49.4888944, -24.7197149 ], [ -49.4861774, -24.7201676 ], [ -49.4862374, -24.7185612 ], [ -49.4848972, -24.71731 ], [ -49.4841201, -24.7176074 ], [ -49.4841339, -24.7185908 ], [ -49.4823169, -24.7190407 ], [ -49.4816364, -24.7158751 ], [ -49.4790376, -24.7146473 ], [ -49.4776652, -24.7114203 ], [ -49.475523, -24.7115388 ], [ -49.4743476, -24.7101115 ], [ -49.4713937, -24.709082 ], [ -49.4694069, -24.7092518 ], [ -49.468513, -24.7122259 ], [ -49.4667087, -24.7109346 ], [ -49.4618281, -24.7128063 ], [ -49.460752, -24.7118865 ], [ -49.460438, -24.7139698 ], [ -49.4595998, -24.7128175 ], [ -49.4584642, -24.7141084 ], [ -49.4578935, -24.7132686 ], [ -49.4550479, -24.7159503 ], [ -49.4537058, -24.7185368 ], [ -49.454211, -24.7190819 ], [ -49.4532963, -24.7193263 ], [ -49.4539723, -24.719908 ], [ -49.4529684, -24.7199398 ], [ -49.4516776, -24.7214945 ], [ -49.4528433, -24.7223163 ], [ -49.4528039, -24.7232358 ], [ -49.4521914, -24.7229731 ], [ -49.4517916, -24.7240683 ], [ -49.4507905, -24.7232866 ], [ -49.4499716, -24.7245934 ], [ -49.4471697, -24.7235959 ], [ -49.4482484, -24.7211312 ], [ -49.4440179, -24.7202094 ], [ -49.4406635, -24.7214825 ], [ -49.4373728, -24.7208214 ], [ -49.4364664, -24.7225948 ], [ -49.4313406, -24.7258959 ], [ -49.4279899, -24.7229561 ], [ -49.4243898, -24.7224547 ], [ -49.422475, -24.7191415 ], [ -49.4197177, -24.7183935 ], [ -49.4172793, -24.7201102 ], [ -49.4163691, -24.7218455 ], [ -49.4172582, -24.7226789 ], [ -49.4179113, -24.7223187 ], [ -49.4184482, -24.7235332 ], [ -49.4176789, -24.7233152 ], [ -49.4175845, -24.7240835 ], [ -49.4169147, -24.7234964 ], [ -49.4172752, -24.7250722 ], [ -49.4160714, -24.7249977 ], [ -49.4134212, -24.7271754 ], [ -49.4125542, -24.7269769 ], [ -49.4126393, -24.7278371 ], [ -49.4113421, -24.7288227 ], [ -49.4120279, -24.7291328 ], [ -49.4095223, -24.7310563 ], [ -49.4030978, -24.7304374 ], [ -49.4021904, -24.7313637 ], [ -49.4021073, -24.7306125 ], [ -49.4010331, -24.7308031 ], [ -49.4016498, -24.7321859 ], [ -49.4002485, -24.7320457 ], [ -49.3991592, -24.7303944 ], [ -49.3979269, -24.7304224 ], [ -49.3970407, -24.7286269 ], [ -49.3964783, -24.7287511 ], [ -49.3959788, -24.7300655 ], [ -49.3941147, -24.7293651 ], [ -49.3918979, -24.7301287 ], [ -49.3912564, -24.7317261 ], [ -49.3893791, -24.7329343 ], [ -49.3895495, -24.7341034 ], [ -49.3871931, -24.7334221 ], [ -49.3841788, -24.737024 ], [ -49.3802937, -24.7382307 ], [ -49.3803485, -24.7407287 ], [ -49.3817314, -24.7426756 ], [ -49.3830028, -24.7431471 ], [ -49.3822058, -24.7439415 ], [ -49.379911, -24.7440773 ], [ -49.3805461, -24.7452769 ], [ -49.3802706, -24.7476404 ], [ -49.3767112, -24.7475183 ], [ -49.3753193, -24.7464566 ], [ -49.3740306, -24.7476799 ], [ -49.3713675, -24.7482762 ], [ -49.3692087, -24.7506312 ], [ -49.3665762, -24.7513329 ], [ -49.3649415, -24.7513752 ], [ -49.3590198, -24.7487313 ], [ -49.3555182, -24.7498995 ], [ -49.3539093, -24.7493021 ], [ -49.3457944, -24.7565566 ], [ -49.3431763, -24.7571556 ], [ -49.3408155, -24.7566662 ], [ -49.3358835, -24.7588003 ], [ -49.3313229, -24.7622916 ], [ -49.3269286, -24.7613947 ], [ -49.3244554, -24.7634778 ], [ -49.3172669, -24.7648041 ], [ -49.3136551, -24.7705882 ], [ -49.3115282, -24.7706884 ], [ -49.3098587, -24.7724874 ], [ -49.3082085, -24.7726178 ], [ -49.3033528, -24.7761304 ], [ -49.3007643, -24.7749847 ], [ -49.2989454, -24.7758871 ], [ -49.2978066, -24.7776692 ], [ -49.296772, -24.7832406 ], [ -49.2921528, -24.7830435 ], [ -49.2824833, -24.7867673 ], [ -49.2769416, -24.7915572 ], [ -49.2767616, -24.7968967 ], [ -49.2762183, -24.7978623 ], [ -49.2741925, -24.7981787 ], [ -49.2702934, -24.7934979 ], [ -49.2707727, -24.787994 ], [ -49.2686869, -24.7854934 ], [ -49.2650223, -24.7849635 ], [ -49.2615996, -24.7865264 ], [ -49.2595835, -24.7863573 ], [ -49.257468, -24.785605 ], [ -49.2544658, -24.7824665 ], [ -49.2515527, -24.7829643 ], [ -49.2366062, -24.7799047 ], [ -49.2317605, -24.7793734 ], [ -49.2251055, -24.780331 ], [ -49.2124115, -24.785513 ], [ -49.2112613, -24.788509 ], [ -49.2090967, -24.7909115 ], [ -49.2075471, -24.791452 ], [ -49.2036574, -24.7900108 ], [ -49.2036322, -24.7878393 ], [ -49.2055018, -24.784951 ], [ -49.203477, -24.7795415 ], [ -49.206963, -24.7747538 ], [ -49.2065189, -24.7718186 ], [ -49.2091285, -24.7674299 ], [ -49.2082964, -24.7643697 ], [ -49.2106168, -24.7601887 ], [ -49.2112768, -24.7565807 ], [ -49.2138136, -24.7533767 ], [ -49.2117529, -24.7508547 ], [ -49.2114977, -24.7487443 ], [ -49.2139687, -24.7439753 ], [ -49.2193283, -24.7405322 ], [ -49.2210445, -24.7385944 ], [ -49.2222104, -24.7308527 ], [ -49.2220591, -24.7279079 ], [ -49.2208654, -24.7260974 ], [ -49.215843, -24.725381 ], [ -49.2142094, -24.7235672 ], [ -49.2148061, -24.7204895 ], [ -49.2136202, -24.7183765 ], [ -49.2142055, -24.7161091 ], [ -49.2131649, -24.7114714 ], [ -49.2143356, -24.7069339 ], [ -49.2048454, -24.6975047 ], [ -49.2043425, -24.6959215 ], [ -49.2059592, -24.6916657 ], [ -49.2060114, -24.6872377 ], [ -49.2038463, -24.6850916 ], [ -49.1944598, -24.6830575 ], [ -49.1915292, -24.6780191 ], [ -49.187123, -24.6736981 ], [ -49.1805445, -24.671653 ], [ -49.1748425, -24.6721351 ], [ -49.1698477, -24.6756039 ], [ -49.1625231, -24.6713832 ], [ -49.1594325, -24.6721819 ], [ -49.1539457, -24.6720054 ], [ -49.1501017, -24.6735939 ], [ -49.1481512, -24.6752766 ], [ -49.1360713, -24.6752471 ], [ -49.1334879, -24.6765966 ], [ -49.1322377, -24.6797625 ], [ -49.129819, -24.6819267 ], [ -49.1315789, -24.6830214 ], [ -49.1325454, -24.6862329 ], [ -49.1336676, -24.6865898 ], [ -49.1354221, -24.6897511 ], [ -49.1366892, -24.6902468 ], [ -49.139157, -24.6947497 ], [ -49.1387484, -24.7013663 ], [ -49.1370294, -24.7042478 ], [ -49.1382701, -24.7060099 ], [ -49.1363152, -24.7065394 ], [ -49.136802, -24.7091481 ], [ -49.1359997, -24.710275 ], [ -49.1327042, -24.7126722 ], [ -49.12664, -24.7148536 ], [ -49.1280587, -24.7172485 ], [ -49.1274146, -24.7188263 ], [ -49.1226377, -24.719917 ], [ -49.120848, -24.7193258 ], [ -49.1164112, -24.7206471 ], [ -49.1130963, -24.7223848 ], [ -49.1088922, -24.726772 ], [ -49.1089695, -24.7280309 ], [ -49.1132394, -24.7323442 ], [ -49.1126929, -24.7371061 ], [ -49.1105774, -24.7440641 ], [ -49.1080624, -24.7460672 ], [ -49.1066209, -24.7489464 ], [ -49.1074132, -24.7515453 ], [ -49.1038056, -24.7554446 ], [ -49.1067151, -24.7602317 ], [ -49.1090188, -24.7615514 ], [ -49.1088852, -24.7631159 ], [ -49.1073235, -24.7640612 ], [ -49.1067101, -24.7679166 ], [ -49.1023674, -24.7714226 ], [ -49.1008466, -24.7740911 ], [ -49.095954, -24.7745636 ], [ -49.095873, -24.7764459 ], [ -49.0946551, -24.7774725 ], [ -49.0911237, -24.7772976 ], [ -49.0868486, -24.7783421 ], [ -49.0845164, -24.7804236 ], [ -49.0833448, -24.7794477 ], [ -49.0809314, -24.7794011 ], [ -49.0800609, -24.782123 ], [ -49.0786168, -24.7818595 ], [ -49.0771858, -24.7801384 ], [ -49.0736192, -24.7817749 ], [ -49.0715347, -24.7805663 ], [ -49.0704061, -24.778384 ], [ -49.0692481, -24.7781163 ], [ -49.0675874, -24.7816714 ], [ -49.06625, -24.7822866 ], [ -49.0668649, -24.7836983 ], [ -49.0637921, -24.7854038 ], [ -49.0651538, -24.786849 ], [ -49.0620173, -24.7874402 ], [ -49.0630025, -24.789943 ], [ -49.0617009, -24.7900028 ], [ -49.0612602, -24.7908097 ], [ -49.0631057, -24.7940269 ], [ -49.0610387, -24.7970858 ], [ -49.0615748, -24.799961 ], [ -49.0603336, -24.8017582 ], [ -49.0610443, -24.8038728 ], [ -49.0629788, -24.8057755 ], [ -49.0628171, -24.8109206 ], [ -49.0648382, -24.8126641 ], [ -49.0634373, -24.8136951 ], [ -49.0645853, -24.8145704 ], [ -49.0649966, -24.8185708 ], [ -49.0675486, -24.8217529 ], [ -49.0677841, -24.824448 ], [ -49.0709801, -24.8279465 ], [ -49.0726319, -24.8314222 ], [ -49.0751304, -24.8327688 ], [ -49.0747235, -24.8357904 ], [ -49.0740596, -24.8358577 ], [ -49.0732033, -24.8374534 ], [ -49.0735409, -24.8387244 ], [ -49.0723593, -24.8400626 ], [ -49.0730392, -24.8410666 ], [ -49.0726242, -24.8426659 ], [ -49.0738884, -24.8432397 ], [ -49.0743399, -24.8445352 ], [ -49.0759951, -24.8451129 ], [ -49.07432, -24.8477074 ], [ -49.0742975, -24.8491476 ], [ -49.075647, -24.8513408 ], [ -49.0754319, -24.8527684 ], [ -49.0786318, -24.8536165 ], [ -49.0794196, -24.8562956 ], [ -49.0841455, -24.8624362 ], [ -49.0851139, -24.8660335 ], [ -49.0869288, -24.8668343 ], [ -49.0896195, -24.8700729 ], [ -49.0917196, -24.8743287 ], [ -49.09061, -24.8763412 ], [ -49.0920243, -24.8798369 ], [ -49.0930346, -24.8806311 ], [ -49.0944788, -24.8803713 ], [ -49.0951094, -24.8826795 ], [ -49.0977593, -24.8832842 ], [ -49.0981783, -24.884983 ], [ -49.1010473, -24.8874347 ], [ -49.1007807, -24.8885428 ], [ -49.1029296, -24.8911754 ], [ -49.1053929, -24.8922728 ], [ -49.1159549, -24.8892397 ], [ -49.1233341, -24.8974591 ], [ -49.1231886, -24.8998221 ], [ -49.1251411, -24.9040621 ], [ -49.1258476, -24.9090602 ], [ -49.1231356, -24.9143648 ], [ -49.125701, -24.9178124 ], [ -49.1243291, -24.9243955 ], [ -49.1198904, -24.9289087 ], [ -49.1123596, -24.9318338 ], [ -49.1114038, -24.9327815 ], [ -49.1109754, -24.9355486 ], [ -49.1077553, -24.93946 ], [ -49.1084529, -24.9409851 ], [ -49.1105933, -24.9423268 ], [ -49.111446, -24.9445406 ], [ -49.1074377, -24.9495078 ], [ -49.1061019, -24.9535646 ], [ -49.1078085, -24.9612848 ], [ -49.106063, -24.9667971 ], [ -49.1035215, -24.9699343 ], [ -49.1060551, -24.972695 ], [ -49.1061381, -24.9766235 ], [ -49.1080055, -24.9769909 ], [ -49.1125165, -24.9760976 ], [ -49.1135739, -24.9766222 ], [ -49.1160151, -24.9829498 ], [ -49.1159358, -24.9845278 ], [ -49.1087584, -24.9929423 ], [ -49.1035858, -24.9945072 ], [ -49.1008272, -24.9973022 ], [ -49.1002536, -25.0007102 ], [ -49.0964352, -25.0029821 ], [ -49.0942191, -25.0068062 ], [ -49.0943922, -25.0101271 ], [ -49.1000171, -25.0177745 ], [ -49.0996954, -25.0187591 ], [ -49.0968487, -25.0199138 ], [ -49.0951762, -25.0262855 ], [ -49.0954029, -25.0312454 ], [ -49.0929233, -25.0381805 ], [ -49.088209, -25.0398804 ], [ -49.0783549, -25.0385663 ], [ -49.0745229, -25.0421231 ], [ -49.0721247, -25.0403291 ], [ -49.0671953, -25.039323 ], [ -49.0625315, -25.0357787 ], [ -49.0592515, -25.0356538 ], [ -49.0562816, -25.038646 ], [ -49.0532072, -25.0393509 ], [ -49.0524235, -25.0403452 ], [ -49.0532307, -25.0496155 ], [ -49.054044, -25.0509187 ], [ -49.0592304, -25.0523498 ], [ -49.0671856, -25.0580314 ], [ -49.0747938, -25.0595477 ], [ -49.077371, -25.0627499 ], [ -49.0900518, -25.0724467 ], [ -49.0961918, -25.0758589 ], [ -49.100297, -25.0767056 ], [ -49.1024591, -25.0791238 ], [ -49.1048756, -25.0786935 ], [ -49.1089914, -25.0799997 ], [ -49.1108817, -25.0821981 ], [ -49.1134237, -25.0828508 ], [ -49.1138208, -25.0861322 ], [ -49.118751, -25.0843541 ], [ -49.1260234, -25.0884823 ], [ -49.1314153, -25.0897667 ], [ -49.1350681, -25.0947866 ], [ -49.1386288, -25.094549 ], [ -49.1427959, -25.0978149 ], [ -49.1455617, -25.0960328 ], [ -49.1509444, -25.0896282 ], [ -49.1519006, -25.086036 ], [ -49.1634048, -25.0858358 ], [ -49.1656925, -25.0852473 ], [ -49.1686429, -25.0831941 ], [ -49.1699883, -25.0832099 ], [ -49.1749963, -25.0849026 ], [ -49.1759696, -25.0872192 ], [ -49.1788302, -25.0835579 ], [ -49.1793567, -25.08129 ], [ -49.1827693, -25.0802377 ], [ -49.1826279, -25.078711 ], [ -49.1857363, -25.0791926 ], [ -49.1897926, -25.0815313 ], [ -49.1919393, -25.0795742 ], [ -49.1936334, -25.0802819 ], [ -49.1962279, -25.0779807 ], [ -49.2027889, -25.0749345 ], [ -49.205264, -25.075098 ], [ -49.2064415, -25.0731103 ], [ -49.2105101, -25.0742483 ], [ -49.2139321, -25.0715698 ], [ -49.2170547, -25.0722205 ], [ -49.219853, -25.0717736 ], [ -49.2224158, -25.0738392 ], [ -49.2249178, -25.0745104 ], [ -49.2301069, -25.0731825 ], [ -49.2401119, -25.0746991 ], [ -49.2432264, -25.0710561 ], [ -49.2437194, -25.0684147 ], [ -49.2449926, -25.0665998 ], [ -49.2449653, -25.0636662 ], [ -49.2480885, -25.0598621 ], [ -49.2508211, -25.0588207 ], [ -49.2509154, -25.0575599 ], [ -49.2529151, -25.0571625 ], [ -49.2538676, -25.055967 ], [ -49.2617488, -25.0542805 ], [ -49.2619523, -25.0559461 ], [ -49.2593835, -25.0568849 ], [ -49.2591509, -25.0581845 ], [ -49.2608145, -25.0588905 ], [ -49.2618704, -25.0606977 ], [ -49.2637278, -25.0606703 ], [ -49.2673814, -25.0573673 ], [ -49.2673089, -25.0543312 ], [ -49.2704815, -25.0549653 ] ] ] } },
{ "type": "Feature", "properties": { "municipio": "Campina Grande do Sul", "municipio_norm": "CAMPINA GRANDE DO SUL", "uf": "Paraná", "uf_sigla": "PR", "uf_norm": "PARANA", "cod_municipio": "4104006" }, "geometry": { "type": "Polygon", "coordinates": [ [ [ -49.0165793, -25.312644 ], [ -49.0193757, -25.3182914 ], [ -49.0226486, -25.320345 ], [ -49.0366099, -25.3373011 ], [ -49.0449453, -25.3456151 ], [ -49.0479116, -25.347305 ], [ -49.0590881, -25.3509695 ], [ -49.0681908, -25.356415 ], [ -49.0866009, -25.3643341 ], [ -49.1238543, -25.3706271 ], [ -49.1249387, -25.364933 ], [ -49.1244535, -25.363708 ], [ -49.1268793, -25.3625862 ], [ -49.1278601, -25.3602583 ], [ -49.1276286, -25.3567338 ], [ -49.1259818, -25.3536105 ], [ -49.1305743, -25.3502822 ], [ -49.1354755, -25.340825 ], [ -49.134901, -25.3381717 ], [ -49.1327776, -25.3354764 ], [ -49.122806, -25.2995845 ], [ -49.1144786, -25.2929935 ], [ -49.1142924, -25.2895389 ], [ -49.1120792, -25.2828255 ], [ -49.1102023, -25.280258 ], [ -49.1053038, -25.2793782 ], [ -49.1030039, -25.2809088 ], [ -49.1014777, -25.2787653 ], [ -49.1001285, -25.2783468 ], [ -49.0999037, -25.2772172 ], [ -49.0968995, -25.2753651 ], [ -49.0938758, -25.2751082 ], [ -49.0922054, -25.2772602 ], [ -49.0903935, -25.2772784 ], [ -49.0865012, -25.2756002 ], [ -49.0838071, -25.2712401 ], [ -49.0816926, -25.2713986 ], [ -49.0792236, -25.2730528 ], [ -49.0804265, -25.2702055 ], [ -49.0767819, -25.2714767 ], [ -49.0767756, -25.2704264 ], [ -49.0736105, -25.2672113 ], [ -49.0704927, -25.2681801 ], [ -49.069703, -25.2692822 ], [ -49.0652866, -25.2693692 ], [ -49.0660893, -25.2673597 ], [ -49.0637383, -25.2644085 ], [ -49.06225, -25.2652702 ], [ -49.0613123, -25.2672761 ], [ -49.0588847, -25.2675129 ], [ -49.0576433, -25.2658892 ], [ -49.0531713, -25.2693538 ], [ -49.0527284, -25.2685663 ], [ -49.0509836, -25.2687691 ], [ -49.0500573, -25.2670694 ], [ -49.0482456, -25.2672087 ], [ -49.0462061, -25.2690397 ], [ -49.0419024, -25.2687506 ], [ -49.0412738, -25.2697931 ], [ -49.0399763, -25.2687473 ], [ -49.0372106, -25.2690392 ], [ -49.0370794, -25.267285 ], [ -49.0292365, -25.269057 ], [ -49.0249674, -25.2670207 ], [ -49.022233, -25.2694376 ], [ -49.0212403, -25.2691764 ], [ -49.0208657, -25.2699554 ], [ -49.019786, -25.2689312 ], [ -49.0153953, -25.2707663 ], [ -49.0137532, -25.2673448 ], [ -49.0146858, -25.2655076 ], [ -49.0142156, -25.2638897 ], [ -49.0124212, -25.261496 ], [ -49.0090791, -25.259323 ], [ -49.0057415, -25.2614275 ], [ -49.0056728, -25.2641673 ], [ -49.003009, -25.2637181 ], [ -49.0018535, -25.2651028 ], [ -49.0007562, -25.264367 ], [ -49.0014057, -25.2634271 ], [ -49.000227, -25.2635368 ], [ -48.9989898, -25.2657238 ], [ -48.9944287, -25.2675184 ], [ -48.9920195, -25.2640437 ], [ -48.9896149, -25.2642982 ], [ -48.9904215, -25.2633818 ], [ -48.9898968, -25.2623474 ], [ -48.9909061, -25.2615756 ], [ -48.9897304, -25.2613953 ], [ -48.9892959, -25.260318 ], [ -48.9882149, -25.2622778 ], [ -48.9874552, -25.2607257 ], [ -48.9864763, -25.2624009 ], [ -48.9842464, -25.2615257 ], [ -48.9850889, -25.2624412 ], [ -48.9831552, -25.2619237 ], [ -48.9838216, -25.2627963 ], [ -48.9826474, -25.2638317 ], [ -48.9829499, -25.2647839 ], [ -48.9814451, -25.2653813 ], [ -48.9811011, -25.2670256 ], [ -48.9800503, -25.2669963 ], [ -48.980493, -25.2695102 ], [ -48.9818081, -25.2693252 ], [ -48.9808129, -25.2706917 ], [ -48.9797229, -25.2708394 ], [ -48.9805655, -25.2719224 ], [ -48.9802333, -25.27299 ], [ -48.9807214, -25.2734901 ], [ -48.9820219, -25.2729101 ], [ -48.9830477, -25.2737905 ], [ -48.9835595, -25.2731361 ], [ -48.9863737, -25.274711 ], [ -48.9858439, -25.2759483 ], [ -48.9842462, -25.2767947 ], [ -48.9855041, -25.277347 ], [ -48.9849157, -25.2780502 ], [ -48.9839672, -25.2785007 ], [ -48.9817167, -25.277686 ], [ -48.9803317, -25.279277 ], [ -48.9808653, -25.2799011 ], [ -48.9792526, -25.2801454 ], [ -48.9800044, -25.2811885 ], [ -48.9796514, -25.2819419 ], [ -48.9790277, -25.2813588 ], [ -48.978337, -25.2821324 ], [ -48.9754107, -25.2822581 ], [ -48.9738017, -25.2810193 ], [ -48.9724499, -25.2817541 ], [ -48.9735968, -25.2824198 ], [ -48.9707227, -25.282315 ], [ -48.9701269, -25.2800003 ], [ -48.9687306, -25.2795296 ], [ -48.9705444, -25.2780487 ], [ -48.9696915, -25.2748634 ], [ -48.9707204, -25.2716017 ], [ -48.9696388, -25.271257 ], [ -48.9697402, -25.270558 ], [ -48.9682045, -25.2704104 ], [ -48.9672795, -25.2687526 ], [ -48.9671448, -25.2700898 ], [ -48.9663864, -25.2695462 ], [ -48.9673208, -25.267659 ], [ -48.9656392, -25.2665447 ], [ -48.9668451, -25.2649153 ], [ -48.9660463, -25.2639552 ], [ -48.9653519, -25.2648924 ], [ -48.9646585, -25.264243 ], [ -48.9648413, -25.2615279 ], [ -48.9662616, -25.2605983 ], [ -48.9664039, -25.2615297 ], [ -48.9675982, -25.260515 ], [ -48.9676089, -25.2597751 ], [ -48.9665645, -25.2600476 ], [ -48.9684876, -25.2578842 ], [ -48.9663763, -25.2563564 ], [ -48.9675744, -25.2550545 ], [ -48.9663724, -25.2539258 ], [ -48.9672248, -25.2530111 ], [ -48.9677954, -25.25413 ], [ -48.9693455, -25.253492 ], [ -48.9674859, -25.2522923 ], [ -48.9693073, -25.2516987 ], [ -48.9664936, -25.2478903 ], [ -48.9684981, -25.2472173 ], [ -48.9686122, -25.2457759 ], [ -48.9659316, -25.2449779 ], [ -48.961537, -25.245204 ], [ -48.9644811, -25.2437832 ], [ -48.9643425, -25.2412247 ], [ -48.9649036, -25.2401209 ], [ -48.9665603, -25.2399998 ], [ -48.9665838, -25.2385157 ], [ -48.9646299, -25.2388599 ], [ -48.9644454, -25.2377244 ], [ -48.9625014, -25.2374908 ], [ -48.9605529, -25.2348681 ], [ -48.9610984, -25.233372 ], [ -48.9579971, -25.2319689 ], [ -48.9577146, -25.2299872 ], [ -48.9591457, -25.2296982 ], [ -48.9585961, -25.2272581 ], [ -48.9576557, -25.2267516 ], [ -48.9579235, -25.2255811 ], [ -48.9572524, -25.2251188 ], [ -48.9559989, -25.2269978 ], [ -48.9550973, -25.226778 ], [ -48.9532446, -25.2252075 ], [ -48.9534517, -25.2235613 ], [ -48.9524508, -25.223918 ], [ -48.9509694, -25.2217757 ], [ -48.9491422, -25.2227805 ], [ -48.9487586, -25.224011 ], [ -48.9474876, -25.2241991 ], [ -48.9463931, -25.2233379 ], [ -48.9458395, -25.2211452 ], [ -48.9436077, -25.219188 ], [ -48.9461559, -25.2173659 ], [ -48.9452317, -25.2156802 ], [ -48.9520962, -25.2113658 ], [ -48.9491452, -25.2090573 ], [ -48.9471857, -25.208516 ], [ -48.9479273, -25.2047764 ], [ -48.9453472, -25.2012117 ], [ -48.9476466, -25.1985292 ], [ -48.9475712, -25.197664 ], [ -48.9459031, -25.1986481 ], [ -48.9435158, -25.1979148 ], [ -48.9402585, -25.1991274 ], [ -48.9390226, -25.1999371 ], [ -48.9385776, -25.2021938 ], [ -48.9369766, -25.2031603 ], [ -48.9361224, -25.1974203 ], [ -48.9348678, -25.1966202 ], [ -48.9312124, -25.19867 ], [ -48.9263431, -25.1989123 ], [ -48.9273225, -25.2012203 ], [ -48.9261964, -25.203469 ], [ -48.9248829, -25.2036564 ], [ -48.9241144, -25.2022244 ], [ -48.9255313, -25.2013383 ], [ -48.9251348, -25.2006313 ], [ -48.9221818, -25.2013731 ], [ -48.9205129, -25.1997203 ], [ -48.918883, -25.1997825 ], [ -48.9184538, -25.1983325 ], [ -48.9194585, -25.1938007 ], [ -48.9188916, -25.1927007 ], [ -48.9160232, -25.1949211 ], [ -48.9122006, -25.1961866 ], [ -48.9116579, -25.2001552 ], [ -48.9103217, -25.2014123 ], [ -48.909212, -25.1999965 ], [ -48.9085697, -25.1939928 ], [ -48.9054131, -25.1960482 ], [ -48.9014877, -25.1941584 ], [ -48.9003892, -25.1909088 ], [ -48.9022795, -25.188792 ], [ -48.9011637, -25.1839354 ], [ -48.9012403, -25.1795295 ], [ -48.8988433, -25.1781154 ], [ -48.8910532, -25.1797554 ], [ -48.887814, -25.1786372 ], [ -48.8871159, -25.1758885 ], [ -48.8892281, -25.171551 ], [ -48.8885684, -25.1703064 ], [ -48.8849201, -25.1680089 ], [ -48.8773122, -25.167137 ], [ -48.8727694, -25.1616524 ], [ -48.8758396, -25.1567944 ], [ -48.8758483, -25.1550443 ], [ -48.8745262, -25.153007 ], [ -48.8758102, -25.1493173 ], [ -48.8740048, -25.1478269 ], [ -48.8716994, -25.1476312 ], [ -48.8701013, -25.1485134 ], [ -48.8690875, -25.1508671 ], [ -48.8671703, -25.148965 ], [ -48.8665144, -25.1462402 ], [ -48.8669625, -25.1442658 ], [ -48.8766985, -25.1371752 ], [ -48.874452, -25.1351051 ], [ -48.8691701, -25.134451 ], [ -48.8688755, -25.1317486 ], [ -48.8664812, -25.1291592 ], [ -48.8667114, -25.1274546 ], [ -48.8688488, -25.1268648 ], [ -48.8683501, -25.1243444 ], [ -48.8696243, -25.1226119 ], [ -48.8692072, -25.1175714 ], [ -48.8687139, -25.1170295 ], [ -48.8668366, -25.1176913 ], [ -48.8653817, -25.1155674 ], [ -48.8665109, -25.1092622 ], [ -48.8620811, -25.107692 ], [ -48.8596138, -25.1039484 ], [ -48.8549213, -25.104601 ], [ -48.8507387, -25.10209 ], [ -48.8475975, -25.1031562 ], [ -48.8461566, -25.1023824 ], [ -48.8445357, -25.1011963 ], [ -48.8461854, -25.0995013 ], [ -48.843474, -25.0960083 ], [ -48.8443285, -25.0935934 ], [ -48.8396589, -25.0906205 ], [ -48.8385208, -25.0909313 ], [ -48.8392573, -25.0940128 ], [ -48.8337478, -25.1000089 ], [ -48.8316557, -25.1006368 ], [ -48.828687, -25.0999853 ], [ -48.8250084, -25.0968519 ], [ -48.8258214, -25.0930545 ], [ -48.8229138, -25.0912391 ], [ -48.8270066, -25.0886839 ], [ -48.8276645, -25.0872905 ], [ -48.8188393, -25.0851819 ], [ -48.8186047, -25.0830786 ], [ -48.8140012, -25.0814263 ], [ -48.8108642, -25.0823272 ], [ -48.8102895, -25.0842132 ], [ -48.8064036, -25.0826947 ], [ -48.8039629, -25.0826582 ], [ -48.8039428, -25.0812574 ], [ -48.8013371, -25.0790965 ], [ -48.8028395, -25.0759446 ], [ -48.799013, -25.0712517 ], [ -48.7994488, -25.0685478 ], [ -48.7960169, -25.0656684 ], [ -48.7950363, -25.0635318 ], [ -48.7893079, -25.0632622 ], [ -48.7872334, -25.0613367 ], [ -48.784357, -25.0604275 ], [ -48.7837435, -25.063035 ], [ -48.7811018, -25.0641903 ], [ -48.7792199, -25.0619581 ], [ -48.7784501, -25.0595561 ], [ -48.7771896, -25.0590644 ], [ -48.7722015, -25.0638502 ], [ -48.7733599, -25.0661138 ], [ -48.7726368, -25.0684931 ], [ -48.7714809, -25.0698751 ], [ -48.7697633, -25.0698913 ], [ -48.7692049, -25.0695394 ], [ -48.7697192, -25.0660571 ], [ -48.7689507, -25.0636064 ], [ -48.7671802, -25.0628159 ], [ -48.764458, -25.0571517 ], [ -48.7636064, -25.0592844 ], [ -48.7610048, -25.0606829 ], [ -48.7536135, -25.0607585 ], [ -48.7542164, -25.058646 ], [ -48.7530916, -25.0559091 ], [ -48.752943, -25.0528383 ], [ -48.750576, -25.0513208 ], [ -48.7515042, -25.0499742 ], [ -48.751966, -25.0458014 ], [ -48.7538559, -25.0430428 ], [ -48.7521367, -25.042569 ], [ -48.7517947, -25.0440055 ], [ -48.747878, -25.0419058 ], [ -48.7468229, -25.0403264 ], [ -48.7419323, -25.0371433 ], [ -48.7394444, -25.0397825 ], [ -48.7374486, -25.036435 ], [ -48.7362011, -25.0355096 ], [ -48.7345718, -25.035651 ], [ -48.7322523, -25.0327107 ], [ -48.7312037, -25.0331156 ], [ -48.7300796, -25.0366941 ], [ -48.728784, -25.0382796 ], [ -48.7263827, -25.038616 ], [ -48.7218352, -25.0414071 ], [ -48.7184267, -25.0399557 ], [ -48.7179718, -25.0412873 ], [ -48.7144864, -25.0441166 ], [ -48.7108787, -25.0449456 ], [ -48.7094633, -25.0480147 ], [ -48.705994, -25.0488044 ], [ -48.7069887, -25.0464315 ], [ -48.7056317, -25.045195 ], [ -48.7012669, -25.0466513 ], [ -48.7000662, -25.0492905 ], [ -48.6988455, -25.0493101 ], [ -48.6988218, -25.0481587 ], [ -48.6966167, -25.0479848 ], [ -48.696206, -25.049046 ], [ -48.6973013, -25.0508747 ], [ -48.6960899, -25.0527932 ], [ -48.6950168, -25.0534131 ], [ -48.692617, -25.05281 ], [ -48.6883573, -25.0506524 ], [ -48.6887058, -25.0465795 ], [ -48.6866839, -25.0469423 ], [ -48.6837959, -25.0492843 ], [ -48.6818826, -25.0477297 ], [ -48.6812579, -25.0460546 ], [ -48.6831668, -25.0430754 ], [ -48.6830594, -25.0400558 ], [ -48.6808447, -25.0402225 ], [ -48.6779537, -25.044102 ], [ -48.6770684, -25.0438876 ], [ -48.6773548, -25.0420839 ], [ -48.6753063, -25.0417766 ], [ -48.6737391, -25.0361518 ], [ -48.673931, -25.0344464 ], [ -48.6760866, -25.0327086 ], [ -48.6751769, -25.0306334 ], [ -48.6719624, -25.0297804 ], [ -48.6704215, -25.032435 ], [ -48.6635228, -25.0327995 ], [ -48.661854, -25.0290497 ], [ -48.6650667, -25.0288911 ], [ -48.6674762, -25.0244995 ], [ -48.6701186, -25.0222129 ], [ -48.6704838, -25.0180606 ], [ -48.6652054, -25.0179151 ], [ -48.6638552, -25.0200363 ], [ -48.6621668, -25.0201245 ], [ -48.6594483, -25.0177199 ], [ -48.659562, -25.0153951 ], [ -48.6580778, -25.0149602 ], [ -48.6568981, -25.012924 ], [ -48.6546955, -25.0134852 ], [ -48.6440118, -25.0107416 ], [ -48.6450246, -25.0076281 ], [ -48.6475694, -25.0077465 ], [ -48.6480898, -25.0068811 ], [ -48.6501956, -25.0068801 ], [ -48.6511363, -25.0060407 ], [ -48.6514081, -25.0044381 ], [ -48.649617, -24.9989745 ], [ -48.6485913, -24.9982589 ], [ -48.6435848, -25.0001561 ], [ -48.6421408, -25.0025636 ], [ -48.6386657, -25.0047325 ], [ -48.6320277, -24.9967612 ], [ -48.6286622, -24.998805 ], [ -48.6280195, -25.001721 ], [ -48.6263642, -25.0032602 ], [ -48.6222894, -25.0014237 ], [ -48.6196014, -25.0050653 ], [ -48.6175921, -25.0036956 ], [ -48.614388, -25.0036034 ], [ -48.6112687, -25.0014132 ], [ -48.6121945, -24.9979261 ], [ -48.6113613, -24.9975296 ], [ -48.6085745, -24.9982787 ], [ -48.6072615, -25.0012109 ], [ -48.6027602, -25.0013101 ], [ -48.5980704, -25.0032555 ], [ -48.6000277, -25.0061105 ], [ -48.6008313, -25.0105057 ], [ -48.5996631, -25.0110998 ], [ -48.5987269, -25.0141337 ], [ -48.5972112, -25.0154164 ], [ -48.5977585, -25.0167495 ], [ -48.5994194, -25.0177645 ], [ -48.5992472, -25.019272 ], [ -48.5981875, -25.0200084 ], [ -48.5952665, -25.0187431 ], [ -48.5918495, -25.0199434 ], [ -48.5899871, -25.0192728 ], [ -48.5888695, -25.0197057 ], [ -48.5883168, -25.0239317 ], [ -48.5906867, -25.0265237 ], [ -48.5880042, -25.0277377 ], [ -48.5895837, -25.0296891 ], [ -48.5856951, -25.0303068 ], [ -48.5815386, -25.0348572 ], [ -48.5833709, -25.0384101 ], [ -48.5838052, -25.0415844 ], [ -48.5823817, -25.042269 ], [ -48.5806577, -25.0468223 ], [ -48.5813924, -25.0493019 ], [ -48.583029, -25.050004 ], [ -48.5826617, -25.0516461 ], [ -48.5796328, -25.0531274 ], [ -48.5734753, -25.0509131 ], [ -48.5690701, -25.0510623 ], [ -48.5690178, -25.0543089 ], [ -48.5670354, -25.0552682 ], [ -48.5653143, -25.0583019 ], [ -48.5619569, -25.058928 ], [ -48.5616722, -25.0603647 ], [ -48.5589032, -25.0615423 ], [ -48.5579385, -25.0639725 ], [ -48.5590558, -25.0670306 ], [ -48.5577713, -25.0686191 ], [ -48.5592411, -25.0703273 ], [ -48.5585076, -25.0729157 ], [ -48.5601132, -25.0751802 ], [ -48.5598759, -25.077961 ], [ -48.5565085, -25.0831837 ], [ -48.5573099, -25.0862077 ], [ -48.5565018, -25.0880972 ], [ -48.5495674, -25.0966196 ], [ -48.5475607, -25.0976793 ], [ -48.5453038, -25.1004598 ], [ -48.5437878, -25.1055853 ], [ -48.5461068, -25.1074354 ], [ -48.5499609, -25.1089709 ], [ -48.5533298, -25.10716 ], [ -48.5564521, -25.1077468 ], [ -48.5610542, -25.1058682 ], [ -48.56116, -25.1005308 ], [ -48.5633085, -25.0951302 ], [ -48.5691259, -25.0894063 ], [ -48.5729973, -25.0841755 ], [ -48.5776629, -25.0837298 ], [ -48.5847154, -25.0869903 ], [ -48.5925163, -25.0892137 ], [ -48.5953467, -25.0909953 ], [ -48.6015356, -25.0886472 ], [ -48.6060498, -25.0906517 ], [ -48.6088819, -25.0929624 ], [ -48.6124906, -25.0930688 ], [ -48.6122672, -25.0992152 ], [ -48.6159449, -25.1038555 ], [ -48.6197651, -25.1065862 ], [ -48.6202269, -25.1097886 ], [ -48.6221745, -25.1119177 ], [ -48.6239699, -25.116525 ], [ -48.6279563, -25.1187818 ], [ -48.6330089, -25.1201029 ], [ -48.6417894, -25.1181448 ], [ -48.6457766, -25.1258861 ], [ -48.6435318, -25.1309463 ], [ -48.6468011, -25.1296696 ], [ -48.6512334, -25.1305979 ], [ -48.662262, -25.1264788 ], [ -48.6638466, -25.1280787 ], [ -48.6666725, -25.128226 ], [ -48.6689029, -25.1319294 ], [ -48.6679551, -25.1349634 ], [ -48.6710352, -25.1408785 ], [ -48.6735678, -25.142731 ], [ -48.6743676, -25.1446979 ], [ -48.6797358, -25.1462127 ], [ -48.6828654, -25.1440615 ], [ -48.6844893, -25.1382761 ], [ -48.6829982, -25.1346984 ], [ -48.6840789, -25.1320246 ], [ -48.6827596, -25.1272791 ], [ -48.6829641, -25.1239627 ], [ -48.6819686, -25.122069 ], [ -48.6821023, -25.1204516 ], [ -48.6843326, -25.1188146 ], [ -48.6843194, -25.1167174 ], [ -48.6849503, -25.1165383 ], [ -48.6875224, -25.1190087 ], [ -48.688481, -25.1210235 ], [ -48.6914097, -25.1184048 ], [ -48.6976198, -25.1164496 ], [ -48.699878, -25.1133351 ], [ -48.703862, -25.1129674 ], [ -48.7017321, -25.1066888 ], [ -48.7037003, -25.1048576 ], [ -48.7065382, -25.104233 ], [ -48.712799, -25.1054279 ], [ -48.7135304, -25.1031906 ], [ -48.7181733, -25.1006457 ], [ -48.7260769, -25.1005741 ], [ -48.7265671, -25.0995336 ], [ -48.7256605, -25.0948003 ], [ -48.7277942, -25.0924514 ], [ -48.7276278, -25.0903443 ], [ -48.7291703, -25.0889873 ], [ -48.7353144, -25.0934199 ], [ -48.7381214, -25.0916988 ], [ -48.7421718, -25.0905698 ], [ -48.7471722, -25.0909553 ], [ -48.7493727, -25.0889136 ], [ -48.7527722, -25.0927014 ], [ -48.7569625, -25.0910341 ], [ -48.7605257, -25.0916232 ], [ -48.76337, -25.0945512 ], [ -48.7696096, -25.0970791 ], [ -48.7693889, -25.0993005 ], [ -48.7657493, -25.1031006 ], [ -48.7659046, -25.1045052 ], [ -48.771321, -25.1069924 ], [ -48.7738264, -25.1117144 ], [ -48.7776646, -25.1145745 ], [ -48.7788983, -25.1164049 ], [ -48.7801964, -25.1221541 ], [ -48.7848268, -25.1263438 ], [ -48.7902674, -25.1281975 ], [ -48.7965003, -25.1287849 ], [ -48.8034335, -25.1332159 ], [ -48.8115323, -25.1332891 ], [ -48.8196936, -25.132261 ], [ -48.8230921, -25.1367066 ], [ -48.8277031, -25.1398024 ], [ -48.8284573, -25.1458656 ], [ -48.8299598, -25.1480302 ], [ -48.8361875, -25.1515431 ], [ -48.8400692, -25.1572874 ], [ -48.8456211, -25.1632616 ], [ -48.8449229, -25.1694887 ], [ -48.8394253, -25.1759587 ], [ -48.8392927, -25.1783464 ], [ -48.8445766, -25.1866659 ], [ -48.8451558, -25.189552 ], [ -48.8435193, -25.1901938 ], [ -48.838005, -25.1897004 ], [ -48.8333283, -25.1932994 ], [ -48.8297975, -25.2008305 ], [ -48.8293947, -25.2183782 ], [ -48.8270937, -25.2204867 ], [ -48.8206548, -25.2223489 ], [ -48.8193647, -25.223567 ], [ -48.8258744, -25.2319049 ], [ -48.8302066, -25.2325873 ], [ -48.8291072, -25.2375028 ], [ -48.8296766, -25.2420632 ], [ -48.8319379, -25.2448586 ], [ -48.8348916, -25.2466723 ], [ -48.8339567, -25.2496505 ], [ -48.8311835, -25.252995 ], [ -48.8323557, -25.2543054 ], [ -48.836048, -25.2555957 ], [ -48.8366006, -25.2579794 ], [ -48.838401, -25.2593999 ], [ -48.8401191, -25.263399 ], [ -48.8374091, -25.269229 ], [ -48.8382058, -25.2729078 ], [ -48.8365765, -25.2769324 ], [ -48.8344577, -25.2788879 ], [ -48.8340283, -25.2813732 ], [ -48.8315163, -25.2850022 ], [ -48.833264, -25.2924634 ], [ -48.8357845, -25.2945809 ], [ -48.8324079, -25.2946746 ], [ -48.8310314, -25.2958474 ], [ -48.8320209, -25.2987055 ], [ -48.8305654, -25.3029512 ], [ -48.8315874, -25.3039926 ], [ -48.8336744, -25.3041088 ], [ -48.8378983, -25.3069079 ], [ -48.8417418, -25.3074598 ], [ -48.8439127, -25.3084557 ], [ -48.8448849, -25.3099968 ], [ -48.8557237, -25.305487 ], [ -48.8593793, -25.3047713 ], [ -48.8614521, -25.3054593 ], [ -48.8739097, -25.2961861 ], [ -48.879124, -25.293254 ], [ -48.882142, -25.2928236 ], [ -48.8844939, -25.2902766 ], [ -48.8868564, -25.2913038 ], [ -48.8888081, -25.2911335 ], [ -48.8904147, -25.2926756 ], [ -48.8934305, -25.2933839 ], [ -48.894662, -25.2956262 ], [ -48.8980609, -25.2953058 ], [ -48.9045005, -25.3022901 ], [ -48.9024927, -25.3063989 ], [ -48.9056988, -25.3093332 ], [ -48.9042746, -25.3105906 ], [ -48.9028606, -25.3141157 ], [ -48.9043802, -25.3148749 ], [ -48.9053022, -25.3166581 ], [ -48.9017138, -25.31982 ], [ -48.9015407, -25.3220012 ], [ -48.9027481, -25.3257238 ], [ -48.905716, -25.3295153 ], [ -48.9063657, -25.3330061 ], [ -48.9093938, -25.3332339 ], [ -48.918385, -25.3270971 ], [ -48.9192855, -25.3253397 ], [ -48.9263273, -25.3211577 ], [ -48.9335073, -25.3117448 ], [ -48.9418383, -25.3092656 ], [ -48.9464867, -25.304982 ], [ -48.9489895, -25.3053034 ], [ -48.9639582, -25.3028042 ], [ -48.9816701, -25.3079452 ], [ -48.9949969, -25.3059344 ], [ -48.9973642, -25.3068043 ], [ -49.0028617, -25.3108045 ], [ -49.0131651, -25.3105264 ], [ -49.0165793, -25.312644 ] ] ] } },
{ "type": "Feature", "properties": { "municipio": "Araucária", "municipio_norm": "ARAUCARIA", "uf": "Paraná", "uf_sigla": "PR", "uf_norm": "PARANA", "cod_municipio": "4101804" }, "geometry": { "type": "Polygon", "coordinates": [ [ [ -49.3960247, -25.7733452 ], [ -49.4006456, -25.766105 ], [ -49.4030187, -25.7642673 ], [ -49.4038884, -25.7614778 ], [ -49.4096836, -25.7598946 ], [ -49.4075859, -25.7555505 ], [ -49.4113886, -25.7508704 ], [ -49.4109479, -25.7456614 ], [ -49.4120583, -25.7418415 ], [ -49.4140754, -25.7428877 ], [ -49.4164391, -25.7456573 ], [ -49.4193649, -25.7440303 ], [ -49.4236342, -25.743848 ], [ -49.423832, -25.7428003 ], [ -49.4273055, -25.7399921 ], [ -49.4344866, -25.7393421 ], [ -49.4377408, -25.7359458 ], [ -49.4415039, -25.7341814 ], [ -49.4436174, -25.7310097 ], [ -49.4485628, -25.7303972 ], [ -49.4533077, -25.7312495 ], [ -49.4529881, -25.7229929 ], [ -49.4552459, -25.7188219 ], [ -49.4554389, -25.7144325 ], [ -49.4575423, -25.7129745 ], [ -49.4595256, -25.7086669 ], [ -49.4599154, -25.7047862 ], [ -49.4615282, -25.7048967 ], [ -49.4640737, -25.7028424 ], [ -49.4661667, -25.698048 ], [ -49.4690242, -25.6986934 ], [ -49.4708924, -25.6972215 ], [ -49.4726536, -25.6977554 ], [ -49.4748062, -25.6946383 ], [ -49.4781747, -25.6949768 ], [ -49.478126, -25.6924707 ], [ -49.479609, -25.6907914 ], [ -49.4776533, -25.6864714 ], [ -49.4792586, -25.6848751 ], [ -49.4795576, -25.682188 ], [ -49.4783221, -25.6737426 ], [ -49.4796375, -25.6726148 ], [ -49.4794504, -25.666963 ], [ -49.4806441, -25.6653342 ], [ -49.4810234, -25.6625215 ], [ -49.4797133, -25.6601621 ], [ -49.4799995, -25.6567791 ], [ -49.4786486, -25.6529445 ], [ -49.4798949, -25.6522939 ], [ -49.4808706, -25.6484879 ], [ -49.4793196, -25.6464436 ], [ -49.4801134, -25.6446564 ], [ -49.479427, -25.6423028 ], [ -49.4777187, -25.6411284 ], [ -49.4772809, -25.6388689 ], [ -49.4789837, -25.6376819 ], [ -49.4834225, -25.6381054 ], [ -49.4873803, -25.6369887 ], [ -49.4904536, -25.637505 ], [ -49.4943403, -25.6366346 ], [ -49.4966811, -25.6378706 ], [ -49.5016952, -25.6376202 ], [ -49.5076429, -25.6420471 ], [ -49.510936, -25.642604 ], [ -49.5119224, -25.6446542 ], [ -49.5124164, -25.6465468 ], [ -49.5115284, -25.6514684 ], [ -49.5124174, -25.6528489 ], [ -49.5128438, -25.6564936 ], [ -49.511912, -25.6584858 ], [ -49.5129076, -25.66202 ], [ -49.5196005, -25.6651622 ], [ -49.5221932, -25.6681273 ], [ -49.5246322, -25.6662019 ], [ -49.5337465, -25.6651759 ], [ -49.5358191, -25.6643832 ], [ -49.5371705, -25.6617631 ], [ -49.5359623, -25.660919 ], [ -49.5389759, -25.659045 ], [ -49.5414452, -25.6556787 ], [ -49.5400242, -25.6532172 ], [ -49.540726, -25.6511511 ], [ -49.5400738, -25.6455183 ], [ -49.5405533, -25.6444157 ], [ -49.5391634, -25.6443319 ], [ -49.5379148, -25.6423829 ], [ -49.5391249, -25.6407657 ], [ -49.5388262, -25.6368798 ], [ -49.5397632, -25.6359849 ], [ -49.5394925, -25.634773 ], [ -49.5387448, -25.6347853 ], [ -49.5405864, -25.6295024 ], [ -49.5403047, -25.6183274 ], [ -49.5444604, -25.6144789 ], [ -49.5453185, -25.6111949 ], [ -49.54734, -25.6109464 ], [ -49.545849, -25.6092226 ], [ -49.5476796, -25.6087196 ], [ -49.5459037, -25.6083143 ], [ -49.5465145, -25.6072607 ], [ -49.5454153, -25.6068192 ], [ -49.5474811, -25.6067423 ], [ -49.546785, -25.6053138 ], [ -49.5479956, -25.6053587 ], [ -49.549281, -25.6035463 ], [ -49.5517935, -25.6046371 ], [ -49.5524474, -25.6035767 ], [ -49.550429, -25.6012495 ], [ -49.5515646, -25.5999587 ], [ -49.5557164, -25.5981196 ], [ -49.554537, -25.5956215 ], [ -49.5545419, -25.593635 ], [ -49.551818, -25.5924478 ], [ -49.5518008, -25.5908977 ], [ -49.5530289, -25.5907322 ], [ -49.5556359, -25.592952 ], [ -49.5577113, -25.5919076 ], [ -49.5591714, -25.5933609 ], [ -49.5622939, -25.5940042 ], [ -49.5630943, -25.5970323 ], [ -49.5622883, -25.5991405 ], [ -49.5626658, -25.6001907 ], [ -49.5654841, -25.6010103 ], [ -49.5673019, -25.6024925 ], [ -49.5708141, -25.6017085 ], [ -49.5729699, -25.6044261 ], [ -49.5749995, -25.6043811 ], [ -49.573629, -25.6059173 ], [ -49.5740002, -25.6066556 ], [ -49.5784662, -25.6046957 ], [ -49.5794219, -25.6035208 ], [ -49.5810285, -25.6060641 ], [ -49.5827371, -25.6060823 ], [ -49.5830366, -25.604793 ], [ -49.5812376, -25.6036585 ], [ -49.5813117, -25.6028913 ], [ -49.5851259, -25.6020152 ], [ -49.5854373, -25.6011317 ], [ -49.5844572, -25.5996705 ], [ -49.5865811, -25.5993092 ], [ -49.5836378, -25.5982015 ], [ -49.58584, -25.5976038 ], [ -49.5847841, -25.5968494 ], [ -49.5848661, -25.5960023 ], [ -49.5864248, -25.5951906 ], [ -49.5854374, -25.5947662 ], [ -49.5842348, -25.5959427 ], [ -49.5836319, -25.5946532 ], [ -49.5819906, -25.5943524 ], [ -49.5820374, -25.5930546 ], [ -49.580876, -25.5917573 ], [ -49.5821826, -25.5900019 ], [ -49.5807777, -25.5887468 ], [ -49.5821181, -25.5886413 ], [ -49.5819771, -25.5879 ], [ -49.5830042, -25.5875129 ], [ -49.582295, -25.5865681 ], [ -49.5830671, -25.5840974 ], [ -49.5848646, -25.5837461 ], [ -49.5841513, -25.5831029 ], [ -49.5847616, -25.582078 ], [ -49.5832092, -25.580422 ], [ -49.584669, -25.5797768 ], [ -49.5847493, -25.5764536 ], [ -49.5855669, -25.5759106 ], [ -49.5850894, -25.5750034 ], [ -49.5863042, -25.5740579 ], [ -49.5863211, -25.5720248 ], [ -49.5835566, -25.5707829 ], [ -49.5853105, -25.5699618 ], [ -49.5861902, -25.567725 ], [ -49.5831813, -25.5664712 ], [ -49.5820705, -25.5678956 ], [ -49.5812114, -25.5671849 ], [ -49.5823914, -25.5663717 ], [ -49.5805773, -25.5636051 ], [ -49.5786145, -25.5649092 ], [ -49.5789454, -25.5627883 ], [ -49.5766071, -25.5632044 ], [ -49.5770768, -25.5611562 ], [ -49.575409, -25.5615618 ], [ -49.5756824, -25.5604366 ], [ -49.5735266, -25.5596021 ], [ -49.573436, -25.5569496 ], [ -49.5745972, -25.5564837 ], [ -49.5732414, -25.556286 ], [ -49.5742751, -25.5528998 ], [ -49.5730321, -25.5496395 ], [ -49.5716944, -25.5498991 ], [ -49.5697288, -25.5480126 ], [ -49.5641461, -25.548454 ], [ -49.5628818, -25.5477778 ], [ -49.5625345, -25.5486908 ], [ -49.5612288, -25.5485414 ], [ -49.560243, -25.5497856 ], [ -49.5586607, -25.5494152 ], [ -49.5590497, -25.5511469 ], [ -49.5559863, -25.5511181 ], [ -49.5568104, -25.552499 ], [ -49.5552832, -25.5522807 ], [ -49.5538401, -25.5540948 ], [ -49.5525696, -25.5526435 ], [ -49.5530655, -25.5516981 ], [ -49.5503248, -25.5484338 ], [ -49.5508553, -25.5476588 ], [ -49.5530968, -25.5476475 ], [ -49.5511587, -25.5457805 ], [ -49.5522223, -25.5442658 ], [ -49.5511228, -25.5425251 ], [ -49.5532863, -25.5420645 ], [ -49.552879, -25.541071 ], [ -49.5506108, -25.539895 ], [ -49.548814, -25.5403496 ], [ -49.5480332, -25.5383924 ], [ -49.5448665, -25.5378513 ], [ -49.5420149, -25.5343159 ], [ -49.5404785, -25.533198 ], [ -49.538868, -25.5333526 ], [ -49.5390064, -25.5314198 ], [ -49.5361516, -25.5311709 ], [ -49.5364622, -25.5302568 ], [ -49.5350775, -25.5304472 ], [ -49.5353456, -25.5298742 ], [ -49.5333988, -25.5286852 ], [ -49.5315124, -25.5304288 ], [ -49.5296534, -25.5296632 ], [ -49.5288014, -25.5275705 ], [ -49.5272785, -25.5268439 ], [ -49.5277795, -25.5256284 ], [ -49.525002, -25.5252087 ], [ -49.5247422, -25.5220195 ], [ -49.5237191, -25.5217208 ], [ -49.5230899, -25.5181897 ], [ -49.5208945, -25.5175912 ], [ -49.5197615, -25.5201397 ], [ -49.5169741, -25.5190267 ], [ -49.5158381, -25.5156927 ], [ -49.5147939, -25.5171375 ], [ -49.5134668, -25.5172781 ], [ -49.5130766, -25.5147669 ], [ -49.513666, -25.5139363 ], [ -49.5111435, -25.5106843 ], [ -49.5080871, -25.511481 ], [ -49.5080517, -25.5099213 ], [ -49.5066309, -25.5107626 ], [ -49.5026118, -25.5082296 ], [ -49.5026149, -25.5070522 ], [ -49.5011733, -25.507545 ], [ -49.5015847, -25.5036954 ], [ -49.500765, -25.5020072 ], [ -49.5015735, -25.5017571 ], [ -49.5012814, -25.5011301 ], [ -49.4951535, -25.500792 ], [ -49.492479, -25.499682 ], [ -49.4894767, -25.5008701 ], [ -49.4867552, -25.499637 ], [ -49.4873467, -25.4986425 ], [ -49.4862095, -25.4984761 ], [ -49.4866659, -25.4977685 ], [ -49.485824, -25.4965705 ], [ -49.4865707, -25.4971484 ], [ -49.4874618, -25.4946649 ], [ -49.4833622, -25.4929498 ], [ -49.4815371, -25.4902928 ], [ -49.4786934, -25.4891936 ], [ -49.4786315, -25.4882439 ], [ -49.4775731, -25.4884456 ], [ -49.4777696, -25.4877165 ], [ -49.4772054, -25.4879812 ], [ -49.4760074, -25.4863848 ], [ -49.4756536, -25.4873812 ], [ -49.4745306, -25.485988 ], [ -49.4745596, -25.4866736 ], [ -49.4728306, -25.4859447 ], [ -49.4719439, -25.4873507 ], [ -49.4706578, -25.4872021 ], [ -49.4707256, -25.4861664 ], [ -49.4696257, -25.4859874 ], [ -49.4701134, -25.4846358 ], [ -49.4687788, -25.4843226 ], [ -49.4685136, -25.4831171 ], [ -49.4694899, -25.4828211 ], [ -49.4684088, -25.4817995 ], [ -49.4675735, -25.4823692 ], [ -49.4663197, -25.4815747 ], [ -49.4635941, -25.4821834 ], [ -49.4625707, -25.4833077 ], [ -49.4632507, -25.4839071 ], [ -49.4599233, -25.486598 ], [ -49.4550717, -25.4852887 ], [ -49.4522599, -25.4867279 ], [ -49.4497731, -25.4869662 ], [ -49.4466366, -25.4853556 ], [ -49.4433402, -25.4866859 ], [ -49.4425272, -25.4859481 ], [ -49.4430827, -25.483442 ], [ -49.4397779, -25.4826017 ], [ -49.4378721, -25.4797652 ], [ -49.4359077, -25.4806348 ], [ -49.4281263, -25.480712 ], [ -49.4245094, -25.4832499 ], [ -49.423651, -25.4865465 ], [ -49.4213285, -25.4899227 ], [ -49.4012383, -25.4928441 ], [ -49.3994147, -25.4958517 ], [ -49.3955394, -25.4973113 ], [ -49.3946247, -25.4985898 ], [ -49.3888175, -25.4971051 ], [ -49.3873321, -25.5000583 ], [ -49.3855192, -25.5008013 ], [ -49.3827795, -25.5052888 ], [ -49.3828309, -25.5069345 ], [ -49.3817043, -25.5074504 ], [ -49.3808505, -25.5105341 ], [ -49.3813035, -25.5140886 ], [ -49.3793594, -25.5151562 ], [ -49.379428, -25.5141729 ], [ -49.3759759, -25.5146678 ], [ -49.3752313, -25.5132193 ], [ -49.367337, -25.5180089 ], [ -49.3614768, -25.5178843 ], [ -49.3590101, -25.5202107 ], [ -49.3534663, -25.5202269 ], [ -49.352918, -25.518608 ], [ -49.3508551, -25.5184243 ], [ -49.3506253, -25.5177651 ], [ -49.3492451, -25.5186876 ], [ -49.3478842, -25.5168728 ], [ -49.3427705, -25.514935 ], [ -49.3422, -25.5153738 ], [ -49.339514, -25.512089 ], [ -49.3396111, -25.5134995 ], [ -49.3379633, -25.5158444 ], [ -49.3403205, -25.5184228 ], [ -49.3389842, -25.5207397 ], [ -49.3401554, -25.5270598 ], [ -49.3441757, -25.531646 ], [ -49.3406404, -25.5361759 ], [ -49.342423, -25.5373325 ], [ -49.346283, -25.54227 ], [ -49.345586, -25.548323 ], [ -49.3418659, -25.5550971 ], [ -49.34443, -25.560344 ], [ -49.345144, -25.568456 ], [ -49.342688, -25.574013 ], [ -49.3436646, -25.5770177 ], [ -49.3427348, -25.580158 ], [ -49.3446452, -25.5801407 ], [ -49.3462849, -25.5811365 ], [ -49.3453622, -25.5855027 ], [ -49.346001, -25.589549 ], [ -49.350504, -25.594757 ], [ -49.352282, -25.60482 ], [ -49.3574814, -25.6078715 ], [ -49.3576428, -25.6164113 ], [ -49.359739, -25.6189928 ], [ -49.3593639, -25.6265609 ], [ -49.3627319, -25.6289907 ], [ -49.3658508, -25.6336657 ], [ -49.3638098, -25.6356956 ], [ -49.3641739, -25.6384096 ], [ -49.365837, -25.641296 ], [ -49.3599164, -25.6431647 ], [ -49.3599839, -25.645203 ], [ -49.3592703, -25.6457722 ], [ -49.3599183, -25.646689 ], [ -49.36393, -25.6468981 ], [ -49.3631654, -25.6474207 ], [ -49.3638121, -25.6485275 ], [ -49.3623678, -25.6490015 ], [ -49.3620257, -25.6504734 ], [ -49.3655057, -25.6506756 ], [ -49.3642919, -25.650883 ], [ -49.3650837, -25.6524386 ], [ -49.3626821, -25.6523346 ], [ -49.3649501, -25.6533649 ], [ -49.3628868, -25.6540202 ], [ -49.3641881, -25.6543335 ], [ -49.3627553, -25.655279 ], [ -49.3652016, -25.65616 ], [ -49.3646914, -25.6576779 ], [ -49.3624394, -25.6589578 ], [ -49.3608884, -25.658941 ], [ -49.3598678, -25.660177 ], [ -49.3601793, -25.6649936 ], [ -49.3608451, -25.6648625 ], [ -49.3621802, -25.6668001 ], [ -49.3601953, -25.6679713 ], [ -49.3588541, -25.6677089 ], [ -49.3583503, -25.6685424 ], [ -49.3594747, -25.6681016 ], [ -49.3593428, -25.6695486 ], [ -49.3557072, -25.6722888 ], [ -49.356061, -25.6731098 ], [ -49.354829, -25.6742156 ], [ -49.3547003, -25.6777589 ], [ -49.3568936, -25.6809823 ], [ -49.3601893, -25.6837947 ], [ -49.3574091, -25.6863917 ], [ -49.3584369, -25.686955 ], [ -49.3574164, -25.6872036 ], [ -49.3584893, -25.6876845 ], [ -49.3574559, -25.6887804 ], [ -49.3584021, -25.6924695 ], [ -49.3575094, -25.6937662 ], [ -49.3580668, -25.6946595 ], [ -49.3590268, -25.6945062 ], [ -49.3583416, -25.6953366 ], [ -49.3603573, -25.6967221 ], [ -49.359592, -25.6976365 ], [ -49.3607679, -25.6979566 ], [ -49.359256, -25.702846 ], [ -49.3594178, -25.704405 ], [ -49.3602019, -25.7048037 ], [ -49.359162, -25.7067786 ], [ -49.3597247, -25.7072829 ], [ -49.3591728, -25.7119144 ], [ -49.36037, -25.7120209 ], [ -49.3591989, -25.7131395 ], [ -49.3600969, -25.7141994 ], [ -49.3595194, -25.7162583 ], [ -49.3586006, -25.7165534 ], [ -49.3594658, -25.7172268 ], [ -49.3586353, -25.7180949 ], [ -49.3585133, -25.7243084 ], [ -49.357351, -25.7276062 ], [ -49.3588477, -25.7311426 ], [ -49.362918, -25.7368677 ], [ -49.3637742, -25.7514943 ], [ -49.3625878, -25.7535077 ], [ -49.3637306, -25.7546926 ], [ -49.3639676, -25.7566495 ], [ -49.3625144, -25.7603632 ], [ -49.3629966, -25.769756 ], [ -49.3643706, -25.7747135 ], [ -49.3666712, -25.7758613 ], [ -49.3682044, -25.7751686 ], [ -49.3708118, -25.7776106 ], [ -49.3691035, -25.7777762 ], [ -49.3654701, -25.7820351 ], [ -49.3651993, -25.7854018 ], [ -49.3697228, -25.7888839 ], [ -49.370796, -25.7876362 ], [ -49.3771162, -25.7861702 ], [ -49.378002, -25.7853515 ], [ -49.381383, -25.7847839 ], [ -49.3834969, -25.7857895 ], [ -49.3875516, -25.7807111 ], [ -49.3881632, -25.7760479 ], [ -49.3914654, -25.7737993 ], [ -49.3960247, -25.7733452 ] ] ] } },
{ "type": "Feature", "properties": { "municipio": "Tijucas do Sul", "municipio_norm": "TIJUCAS DO SUL", "uf": "Paraná", "uf_sigla": "PR", "uf_norm": "PARANA", "cod_municipio": "4127601" }, "geometry": { "type": "Polygon", "coordinates": [ [ [ -49.0430739, -26.0047251 ], [ -49.0438974, -26.0076108 ], [ -49.0429726, -26.0091812 ], [ -49.0431296, -26.0110187 ], [ -49.0448243, -26.011265 ], [ -49.0441743, -26.0127125 ], [ -49.0454277, -26.0136799 ], [ -49.0460164, -26.0179011 ], [ -49.0471569, -26.0191393 ], [ -49.050157, -26.0202558 ], [ -49.0501469, -26.0186412 ], [ -49.0519389, -26.0172139 ], [ -49.0519361, -26.0201061 ], [ -49.0546391, -26.0209527 ], [ -49.0599537, -26.018486 ], [ -49.060223, -26.0153968 ], [ -49.0626869, -26.0135031 ], [ -49.0640625, -26.0137604 ], [ -49.0689799, -26.0092108 ], [ -49.068648, -26.0079864 ], [ -49.0695352, -26.0067194 ], [ -49.0689256, -26.0060403 ], [ -49.0696297, -26.0052501 ], [ -49.0679612, -26.0029927 ], [ -49.0691117, -26.0028545 ], [ -49.0688057, -26.002016 ], [ -49.0699304, -26.0023401 ], [ -49.070188, -26.0008397 ], [ -49.0715359, -26.0012461 ], [ -49.0717076, -26.0003947 ], [ -49.073762, -26.001104 ], [ -49.0732147, -26.0014102 ], [ -49.0741011, -26.0016636 ], [ -49.0737433, -26.0024777 ], [ -49.0746322, -26.0022531 ], [ -49.074401, -26.0028399 ], [ -49.0755719, -26.0032652 ], [ -49.0756329, -26.0050017 ], [ -49.0761515, -26.0044842 ], [ -49.0768558, -26.0062972 ], [ -49.0784629, -26.0058034 ], [ -49.0789986, -26.0069275 ], [ -49.0780785, -26.0068655 ], [ -49.0786273, -26.0072332 ], [ -49.0825281, -26.0044715 ], [ -49.0866073, -26.0049129 ], [ -49.0909351, -26.0032212 ], [ -49.0915485, -26.0049894 ], [ -49.0895868, -26.0067228 ], [ -49.0906136, -26.0074358 ], [ -49.0915035, -26.0101286 ], [ -49.0926286, -26.0096485 ], [ -49.0946872, -26.0104245 ], [ -49.0973949, -26.008121 ], [ -49.0981087, -26.0104567 ], [ -49.1032293, -26.0081473 ], [ -49.1026103, -26.0077333 ], [ -49.1033929, -26.0055467 ], [ -49.1024617, -26.0048597 ], [ -49.1031069, -26.0042954 ], [ -49.1042247, -26.0049674 ], [ -49.1058147, -26.0031772 ], [ -49.1052857, -26.0008148 ], [ -49.1070501, -25.9988422 ], [ -49.1099533, -26.0042987 ], [ -49.111848, -26.0040469 ], [ -49.1125318, -26.0051209 ], [ -49.1143407, -26.0037721 ], [ -49.1146677, -26.0043201 ], [ -49.1149762, -26.0027906 ], [ -49.1188991, -26.0024927 ], [ -49.1216475, -26.0000814 ], [ -49.1210829, -25.9991075 ], [ -49.1222213, -25.9983822 ], [ -49.1222299, -25.9972492 ], [ -49.1257939, -25.9961315 ], [ -49.1262009, -25.9970348 ], [ -49.1282471, -25.9971262 ], [ -49.1287111, -25.998294 ], [ -49.1281642, -25.9987811 ], [ -49.1292724, -25.9983192 ], [ -49.1292904, -25.9971337 ], [ -49.1305788, -25.9983325 ], [ -49.1299948, -25.999541 ], [ -49.1308069, -25.9988102 ], [ -49.1316442, -25.9999546 ], [ -49.1320382, -25.9995627 ], [ -49.1320071, -26.0015272 ], [ -49.1308293, -26.0013697 ], [ -49.1301246, -26.0031075 ], [ -49.1292111, -26.0036896 ], [ -49.1288131, -26.0029446 ], [ -49.1288774, -26.0038154 ], [ -49.129717, -26.0044296 ], [ -49.1299859, -26.0038283 ], [ -49.1311234, -26.0054148 ], [ -49.1310837, -26.0073842 ], [ -49.1321261, -26.0074104 ], [ -49.1319005, -26.0083211 ], [ -49.1329875, -26.0080358 ], [ -49.1335144, -26.0092047 ], [ -49.1341079, -26.0080183 ], [ -49.1347844, -26.0096157 ], [ -49.1356221, -26.0086746 ], [ -49.1375609, -26.0092665 ], [ -49.1366458, -26.0118018 ], [ -49.1382141, -26.0123838 ], [ -49.1384493, -26.0151852 ], [ -49.1400073, -26.0149948 ], [ -49.1402499, -26.0158726 ], [ -49.1427225, -26.014119 ], [ -49.1425288, -26.0109311 ], [ -49.1474411, -26.0098407 ], [ -49.1455539, -26.0120199 ], [ -49.1482371, -26.0136151 ], [ -49.1473491, -26.0119127 ], [ -49.1487047, -26.0114137 ], [ -49.1493557, -26.0123104 ], [ -49.1499286, -26.0115978 ], [ -49.1494158, -26.0126239 ], [ -49.1502047, -26.0125589 ], [ -49.150377, -26.0096917 ], [ -49.1519675, -26.0099385 ], [ -49.1542194, -26.0087646 ], [ -49.1576992, -26.0091435 ], [ -49.1579288, -26.0082291 ], [ -49.1590166, -26.0088545 ], [ -49.1598127, -26.0062823 ], [ -49.1618304, -26.0069054 ], [ -49.1620939, -26.0078738 ], [ -49.1623202, -26.0066888 ], [ -49.1638, -26.0070125 ], [ -49.1629674, -26.0062109 ], [ -49.1627552, -26.0040506 ], [ -49.1644125, -26.0041177 ], [ -49.1654552, -26.0029843 ], [ -49.1656354, -26.0037442 ], [ -49.1667063, -26.0035841 ], [ -49.1663633, -26.0026112 ], [ -49.1672896, -26.0020103 ], [ -49.1660785, -26.0014693 ], [ -49.1673432, -26.0014767 ], [ -49.1676942, -26.000539 ], [ -49.1692504, -26.0015792 ], [ -49.1699399, -26.0001233 ], [ -49.170592, -26.00018 ], [ -49.1703805, -26.0019945 ], [ -49.1715308, -26.0012959 ], [ -49.1723382, -26.0017544 ], [ -49.1737641, -26.0001384 ], [ -49.1745151, -26.0014165 ], [ -49.1753223, -26.0008962 ], [ -49.1749596, -26.0000541 ], [ -49.1756144, -26.0014156 ], [ -49.1742729, -26.0029979 ], [ -49.1750739, -26.0034111 ], [ -49.1744743, -26.004206 ], [ -49.1763303, -26.0039904 ], [ -49.1765815, -26.0028993 ], [ -49.1776877, -26.0025928 ], [ -49.1795583, -26.0032114 ], [ -49.1780186, -26.0042174 ], [ -49.1797154, -26.0041542 ], [ -49.1798944, -26.0049426 ], [ -49.1772051, -26.0056971 ], [ -49.1791847, -26.0067535 ], [ -49.1786197, -26.007878 ], [ -49.1797071, -26.0070721 ], [ -49.1803455, -26.0079985 ], [ -49.1811196, -26.0078092 ], [ -49.1808598, -26.0083469 ], [ -49.1816937, -26.0079657 ], [ -49.1812083, -26.0088321 ], [ -49.1830845, -26.0076775 ], [ -49.1843691, -26.0078432 ], [ -49.1848287, -26.0091056 ], [ -49.1866644, -26.0072615 ], [ -49.1881471, -26.0080229 ], [ -49.1877327, -26.0085213 ], [ -49.188637, -26.0094369 ], [ -49.1899717, -26.0084956 ], [ -49.1925637, -26.0087075 ], [ -49.191508, -26.0107756 ], [ -49.1926352, -26.0120564 ], [ -49.1915423, -26.0134522 ], [ -49.1949779, -26.013792 ], [ -49.1957941, -26.0144128 ], [ -49.1949457, -26.0151198 ], [ -49.1962691, -26.0160613 ], [ -49.1985372, -26.0144176 ], [ -49.1987632, -26.0158598 ], [ -49.2017976, -26.0163887 ], [ -49.2017822, -26.0170971 ], [ -49.2029853, -26.0169352 ], [ -49.2020746, -26.0162472 ], [ -49.2024721, -26.0156719 ], [ -49.2036675, -26.0174148 ], [ -49.2066263, -26.0163221 ], [ -49.2069896, -26.0176661 ], [ -49.2083024, -26.0177356 ], [ -49.2080158, -26.0186622 ], [ -49.2096611, -26.0177393 ], [ -49.2078944, -26.020855 ], [ -49.2085995, -26.0223179 ], [ -49.2103708, -26.0223048 ], [ -49.210278, -26.0231749 ], [ -49.2116753, -26.022931 ], [ -49.2110625, -26.0254222 ], [ -49.2135025, -26.0254304 ], [ -49.2142784, -26.0237904 ], [ -49.2169188, -26.0251572 ], [ -49.2167372, -26.0244786 ], [ -49.2178838, -26.0236735 ], [ -49.2185159, -26.0257838 ], [ -49.2191481, -26.0249601 ], [ -49.2213288, -26.025131 ], [ -49.2224266, -26.0268368 ], [ -49.2219557, -26.0273829 ], [ -49.2233496, -26.0279926 ], [ -49.2224435, -26.0282896 ], [ -49.2226616, -26.0288191 ], [ -49.2245356, -26.0281844 ], [ -49.2264386, -26.0295681 ], [ -49.2251899, -26.0303017 ], [ -49.2258181, -26.0309862 ], [ -49.2277398, -26.0308099 ], [ -49.2281637, -26.0295164 ], [ -49.2305859, -26.0283889 ], [ -49.2314046, -26.0306113 ], [ -49.2334976, -26.0311731 ], [ -49.234478, -26.0306614 ], [ -49.232898, -26.0287465 ], [ -49.2336805, -26.0257658 ], [ -49.2321292, -26.0230946 ], [ -49.2328681, -26.0203502 ], [ -49.2316164, -26.017416 ], [ -49.23425, -26.0139692 ], [ -49.2342073, -26.0078359 ], [ -49.2334217, -26.0062537 ], [ -49.2341023, -26.0041297 ], [ -49.2328605, -26.0038934 ], [ -49.2340981, -26.0028253 ], [ -49.2335879, -26.0009838 ], [ -49.2349555, -26.0002595 ], [ -49.2340289, -25.9984565 ], [ -49.2366889, -25.9934019 ], [ -49.236007, -25.9905666 ], [ -49.2367111, -25.9890937 ], [ -49.2362203, -25.9825151 ], [ -49.2369255, -25.9787877 ], [ -49.2378549, -25.9779941 ], [ -49.2415479, -25.9778811 ], [ -49.2427808, -25.9771442 ], [ -49.2426367, -25.9745464 ], [ -49.2437858, -25.9728133 ], [ -49.2457784, -25.9727363 ], [ -49.2454885, -25.9708542 ], [ -49.2470978, -25.9689308 ], [ -49.2518568, -25.9708763 ], [ -49.2587084, -25.9768217 ], [ -49.2931998, -25.9681737 ], [ -49.2946923, -25.9655505 ], [ -49.2949488, -25.9631016 ], [ -49.2962555, -25.962254 ], [ -49.2975189, -25.9628444 ], [ -49.3006588, -25.9611221 ], [ -49.3045271, -25.9563842 ], [ -49.3037595, -25.9553361 ], [ -49.3039051, -25.9511712 ], [ -49.3054058, -25.9504145 ], [ -49.3043321, -25.9476937 ], [ -49.3056423, -25.945269 ], [ -49.3039606, -25.9438698 ], [ -49.302897, -25.9404701 ], [ -49.3037113, -25.9379266 ], [ -49.2994658, -25.935568 ], [ -49.2991794, -25.9338762 ], [ -49.3001657, -25.9324101 ], [ -49.2970012, -25.9315303 ], [ -49.2999204, -25.9276507 ], [ -49.2962317, -25.9292067 ], [ -49.2958465, -25.9275891 ], [ -49.2970139, -25.9254867 ], [ -49.2947076, -25.9251842 ], [ -49.2938581, -25.9235668 ], [ -49.2906123, -25.9241075 ], [ -49.2896763, -25.9252886 ], [ -49.2854789, -25.9265982 ], [ -49.2841215, -25.9263721 ], [ -49.2834473, -25.92775 ], [ -49.2798412, -25.9275284 ], [ -49.2717741, -25.9246638 ], [ -49.2719524, -25.9211793 ], [ -49.2696116, -25.9235909 ], [ -49.2638859, -25.923326 ], [ -49.261485, -25.9251879 ], [ -49.2586107, -25.920296 ], [ -49.2590685, -25.9189913 ], [ -49.2574303, -25.9130679 ], [ -49.2611843, -25.910581 ], [ -49.260017, -25.9099791 ], [ -49.2608628, -25.9083854 ], [ -49.2592559, -25.9085834 ], [ -49.2604801, -25.9069948 ], [ -49.2625575, -25.9070661 ], [ -49.2628584, -25.9062112 ], [ -49.2648801, -25.9069256 ], [ -49.26643, -25.9063285 ], [ -49.2637714, -25.9037091 ], [ -49.2579586, -25.904795 ], [ -49.2575424, -25.9034177 ], [ -49.2554174, -25.9033898 ], [ -49.2568471, -25.9016305 ], [ -49.2552451, -25.9010621 ], [ -49.2563793, -25.9006695 ], [ -49.2558659, -25.9003222 ], [ -49.2574566, -25.8963128 ], [ -49.2564961, -25.8959608 ], [ -49.2575554, -25.8950676 ], [ -49.2563052, -25.894744 ], [ -49.2554478, -25.8921409 ], [ -49.2532036, -25.8918785 ], [ -49.2552377, -25.8936715 ], [ -49.254162, -25.8941003 ], [ -49.248366, -25.8892543 ], [ -49.2469486, -25.8893656 ], [ -49.2441481, -25.8879617 ], [ -49.2443249, -25.8869416 ], [ -49.2431403, -25.8858562 ], [ -49.2399105, -25.8849273 ], [ -49.2402229, -25.8838369 ], [ -49.238056, -25.8838893 ], [ -49.2379085, -25.8853986 ], [ -49.2369894, -25.885037 ], [ -49.2364582, -25.8832489 ], [ -49.2348416, -25.8828284 ], [ -49.232823, -25.8837116 ], [ -49.2311292, -25.8818592 ], [ -49.2260031, -25.8825503 ], [ -49.2257411, -25.880924 ], [ -49.2213369, -25.8811703 ], [ -49.2213738, -25.8799583 ], [ -49.2203982, -25.8798866 ], [ -49.2193327, -25.8780079 ], [ -49.2177982, -25.8778809 ], [ -49.2189304, -25.876794 ], [ -49.2175156, -25.8767439 ], [ -49.2180911, -25.8758207 ], [ -49.2169159, -25.8748553 ], [ -49.2175617, -25.8730545 ], [ -49.2161723, -25.8723513 ], [ -49.2152985, -25.8731719 ], [ -49.2140259, -25.8723464 ], [ -49.2123806, -25.8726427 ], [ -49.2112404, -25.8691826 ], [ -49.2104207, -25.8690097 ], [ -49.2095041, -25.8702963 ], [ -49.2083504, -25.8694702 ], [ -49.2105666, -25.8670059 ], [ -49.2098337, -25.8668359 ], [ -49.2099801, -25.8659797 ], [ -49.2077379, -25.8650628 ], [ -49.2079729, -25.8625838 ], [ -49.2090776, -25.8618528 ], [ -49.2084341, -25.8610525 ], [ -49.2093164, -25.8608357 ], [ -49.2106916, -25.8575601 ], [ -49.2119996, -25.8570105 ], [ -49.2104643, -25.8566367 ], [ -49.2100328, -25.8548148 ], [ -49.2110934, -25.8547038 ], [ -49.2117051, -25.8533008 ], [ -49.2122148, -25.8543741 ], [ -49.2132049, -25.8519793 ], [ -49.2135552, -25.8537373 ], [ -49.2145376, -25.8533147 ], [ -49.2144197, -25.8524012 ], [ -49.215975, -25.8525487 ], [ -49.2163241, -25.8513928 ], [ -49.2176911, -25.8510865 ], [ -49.213075, -25.8491379 ], [ -49.213568, -25.8468889 ], [ -49.2122642, -25.846547 ], [ -49.212434, -25.8454051 ], [ -49.2117741, -25.845904 ], [ -49.2090547, -25.8437367 ], [ -49.2071467, -25.8436748 ], [ -49.2077959, -25.8410698 ], [ -49.2089859, -25.8401984 ], [ -49.2076261, -25.8398123 ], [ -49.2089914, -25.8371191 ], [ -49.2068853, -25.8372462 ], [ -49.2070904, -25.8355281 ], [ -49.2085348, -25.8341643 ], [ -49.2057134, -25.8323061 ], [ -49.2074515, -25.8322949 ], [ -49.2066243, -25.8314741 ], [ -49.2077944, -25.8303769 ], [ -49.2077955, -25.8290637 ], [ -49.2067572, -25.8291449 ], [ -49.2066334, -25.8279843 ], [ -49.2052382, -25.8269945 ], [ -49.2072583, -25.8272402 ], [ -49.2061077, -25.8264467 ], [ -49.2073576, -25.8261149 ], [ -49.2078678, -25.8249959 ], [ -49.2062313, -25.8249898 ], [ -49.2063433, -25.8238731 ], [ -49.204524, -25.8244887 ], [ -49.2052114, -25.8236782 ], [ -49.2043582, -25.8228359 ], [ -49.2048758, -25.822227 ], [ -49.2033698, -25.8213371 ], [ -49.2045327, -25.8168314 ], [ -49.2027613, -25.8174027 ], [ -49.2024249, -25.8157731 ], [ -49.2014626, -25.8154595 ], [ -49.2020798, -25.8145819 ], [ -49.2013255, -25.8140842 ], [ -49.2019989, -25.8135714 ], [ -49.2011928, -25.8123559 ], [ -49.2027039, -25.8119292 ], [ -49.2023578, -25.8093527 ], [ -49.2009693, -25.8082766 ], [ -49.1995705, -25.8085179 ], [ -49.1994573, -25.8077143 ], [ -49.19679, -25.8080831 ], [ -49.1967016, -25.8065175 ], [ -49.1920125, -25.8033151 ], [ -49.1908503, -25.8047646 ], [ -49.1879184, -25.8047435 ], [ -49.1879558, -25.8064083 ], [ -49.1869196, -25.8058508 ], [ -49.1863454, -25.8071189 ], [ -49.1849605, -25.8066714 ], [ -49.1841567, -25.805084 ], [ -49.1819803, -25.8077951 ], [ -49.1802292, -25.808184 ], [ -49.1794477, -25.8093443 ], [ -49.1769257, -25.8096715 ], [ -49.1764588, -25.8112421 ], [ -49.1756634, -25.8114644 ], [ -49.1756382, -25.8130694 ], [ -49.1752899, -25.8119627 ], [ -49.1733917, -25.8138597 ], [ -49.1715051, -25.8145105 ], [ -49.1710843, -25.8134455 ], [ -49.1695196, -25.8136899 ], [ -49.1679846, -25.8149963 ], [ -49.1670579, -25.813638 ], [ -49.1656366, -25.8132748 ], [ -49.1652974, -25.8116775 ], [ -49.1645058, -25.8116107 ], [ -49.1651198, -25.8106719 ], [ -49.1644072, -25.8097431 ], [ -49.1647682, -25.8087671 ], [ -49.1636395, -25.8085729 ], [ -49.1629444, -25.8054732 ], [ -49.1638715, -25.8035091 ], [ -49.1669271, -25.8024 ], [ -49.1659916, -25.8011612 ], [ -49.1662816, -25.7991596 ], [ -49.1634185, -25.7983352 ], [ -49.1639704, -25.7967377 ], [ -49.1631156, -25.7948883 ], [ -49.1639852, -25.793894 ], [ -49.1640609, -25.7921312 ], [ -49.1627768, -25.7910511 ], [ -49.1632024, -25.7902528 ], [ -49.1623074, -25.7894189 ], [ -49.162126, -25.7874765 ], [ -49.1612454, -25.7874932 ], [ -49.1609198, -25.7852686 ], [ -49.1611586, -25.7830528 ], [ -49.1621266, -25.7819168 ], [ -49.1618751, -25.7797613 ], [ -49.1592351, -25.777387 ], [ -49.1561157, -25.7762297 ], [ -49.1547611, -25.7767423 ], [ -49.1537304, -25.7758398 ], [ -49.1534395, -25.7742864 ], [ -49.1545505, -25.772994 ], [ -49.1553819, -25.7694308 ], [ -49.1547735, -25.7675886 ], [ -49.1551195, -25.7647973 ], [ -49.1533084, -25.7617254 ], [ -49.1485023, -25.7576138 ], [ -49.1479463, -25.7537802 ], [ -49.1470458, -25.752502 ], [ -49.1423918, -25.7504253 ], [ -49.1412975, -25.7478347 ], [ -49.1421812, -25.7457296 ], [ -49.1406781, -25.7429426 ], [ -49.1373874, -25.7437868 ], [ -49.1371785, -25.7450686 ], [ -49.1381828, -25.7457532 ], [ -49.1372254, -25.7471939 ], [ -49.1378887, -25.7478536 ], [ -49.1356848, -25.7496283 ], [ -49.1352237, -25.7511755 ], [ -49.1336412, -25.7513857 ], [ -49.1339288, -25.7532821 ], [ -49.1329076, -25.7547179 ], [ -49.1302191, -25.7546543 ], [ -49.1287914, -25.7522966 ], [ -49.1256191, -25.7518215 ], [ -49.1249193, -25.7489341 ], [ -49.1215414, -25.7500011 ], [ -49.1212686, -25.7489419 ], [ -49.1197865, -25.7489878 ], [ -49.1189011, -25.7479099 ], [ -49.1191183, -25.7468445 ], [ -49.1173114, -25.745644 ], [ -49.1128283, -25.7467116 ], [ -49.1087795, -25.7452882 ], [ -49.1073198, -25.7478753 ], [ -49.1051178, -25.7495694 ], [ -49.0961071, -25.7457664 ], [ -49.0930371, -25.7461325 ], [ -49.0892836, -25.7450273 ], [ -49.0841246, -25.7414144 ], [ -49.08053, -25.7404757 ], [ -49.0821893, -25.7411358 ], [ -49.0852422, -25.7467691 ], [ -49.0836481, -25.7495567 ], [ -49.0795802, -25.7507733 ], [ -49.0783621, -25.7536537 ], [ -49.0787727, -25.7553038 ], [ -49.0777433, -25.7600818 ], [ -49.0798377, -25.7620481 ], [ -49.0803632, -25.7698738 ], [ -49.0800264, -25.7711926 ], [ -49.0788412, -25.7718938 ], [ -49.0794427, -25.7757542 ], [ -49.0807193, -25.777719 ], [ -49.0791372, -25.7839634 ], [ -49.0778265, -25.7850395 ], [ -49.0739083, -25.7860572 ], [ -49.0721145, -25.7885587 ], [ -49.0736502, -25.7909161 ], [ -49.075434, -25.7920273 ], [ -49.0743363, -25.7952836 ], [ -49.0719115, -25.7949738 ], [ -49.0700124, -25.797026 ], [ -49.0675067, -25.7962604 ], [ -49.0630191, -25.796729 ], [ -49.0615762, -25.7959372 ], [ -49.0597965, -25.7911958 ], [ -49.0585783, -25.7918921 ], [ -49.0568627, -25.7905813 ], [ -49.0553704, -25.7936439 ], [ -49.0532816, -25.7933659 ], [ -49.0518526, -25.796654 ], [ -49.0497455, -25.7957369 ], [ -49.0485271, -25.7941321 ], [ -49.0483174, -25.7930345 ], [ -49.0501751, -25.7936631 ], [ -49.0503204, -25.7914175 ], [ -49.0479999, -25.7904031 ], [ -49.0473852, -25.7910297 ], [ -49.0481554, -25.7917024 ], [ -49.0469818, -25.7921381 ], [ -49.0458522, -25.7906787 ], [ -49.04397, -25.7915981 ], [ -49.0431888, -25.7909286 ], [ -49.0407593, -25.7912836 ], [ -49.0362368, -25.790032 ], [ -49.0338976, -25.7925982 ], [ -49.0342863, -25.7939217 ], [ -49.0328871, -25.7939776 ], [ -49.0321464, -25.7950843 ], [ -49.0335778, -25.7974835 ], [ -49.0329938, -25.7984217 ], [ -49.0314173, -25.7979421 ], [ -49.0275281, -25.7943776 ], [ -49.0231741, -25.7935348 ], [ -49.0219706, -25.7936792 ], [ -49.0219901, -25.7966696 ], [ -49.0211658, -25.7973168 ], [ -49.0182571, -25.7961027 ], [ -49.0171261, -25.7916596 ], [ -49.014651, -25.7890787 ], [ -49.0136923, -25.7905994 ], [ -49.0099286, -25.7867956 ], [ -49.0052556, -25.7864538 ], [ -49.0018722, -25.7889467 ], [ -49.0008372, -25.7931067 ], [ -49.0028341, -25.7930778 ], [ -49.0027723, -25.7954738 ], [ -49.0004483, -25.7983946 ], [ -48.9978951, -25.7985754 ], [ -48.9976052, -25.8007222 ], [ -48.9994319, -25.8023679 ], [ -48.9959429, -25.8044166 ], [ -48.9942037, -25.8089386 ], [ -48.9910781, -25.8083477 ], [ -48.9899715, -25.8091246 ], [ -48.9924587, -25.8111309 ], [ -48.9915744, -25.8118425 ], [ -48.9921666, -25.8133009 ], [ -48.9902425, -25.8147927 ], [ -48.9926097, -25.8161896 ], [ -48.9951891, -25.8218614 ], [ -48.9936592, -25.8224725 ], [ -48.9932479, -25.8206303 ], [ -48.9897668, -25.8217164 ], [ -48.9849494, -25.8279748 ], [ -48.9837244, -25.8272726 ], [ -48.981672, -25.8278953 ], [ -48.9806549, -25.8262673 ], [ -48.9765994, -25.8271694 ], [ -48.9753734, -25.8247715 ], [ -48.9733466, -25.8247169 ], [ -48.9713934, -25.8229017 ], [ -48.9684682, -25.8242658 ], [ -48.9642152, -25.8230689 ], [ -48.9625171, -25.8243726 ], [ -48.9629905, -25.8273299 ], [ -48.9643873, -25.8289657 ], [ -48.9627503, -25.830919 ], [ -48.965547, -25.8344285 ], [ -48.9673204, -25.8345528 ], [ -48.9695352, -25.8366284 ], [ -48.9690513, -25.8406251 ], [ -48.9717894, -25.8466088 ], [ -48.9711673, -25.8484486 ], [ -48.9727106, -25.8541713 ], [ -48.9711251, -25.8552115 ], [ -48.9720696, -25.858765 ], [ -48.9733235, -25.859707 ], [ -48.9725176, -25.8603239 ], [ -48.9729084, -25.8624571 ], [ -48.9720184, -25.8645848 ], [ -48.9737963, -25.868548 ], [ -48.973258, -25.8718918 ], [ -48.9744332, -25.8734002 ], [ -48.9747978, -25.8755848 ], [ -48.9723961, -25.8778025 ], [ -48.9734719, -25.8835109 ], [ -48.9747426, -25.8861356 ], [ -48.9749446, -25.8896581 ], [ -48.9736081, -25.8911463 ], [ -48.9709251, -25.8976027 ], [ -48.9767954, -25.902308 ], [ -48.9839363, -25.9061025 ], [ -48.9897945, -25.9062568 ], [ -48.9858783, -25.9103333 ], [ -48.9842902, -25.9131853 ], [ -48.9843877, -25.9143954 ], [ -48.986922, -25.9163216 ], [ -48.9870391, -25.9173981 ], [ -48.9916038, -25.9198535 ], [ -48.9924525, -25.9216532 ], [ -48.9879049, -25.9264995 ], [ -48.9871862, -25.928888 ], [ -48.987671, -25.934016 ], [ -48.9853335, -25.9352599 ], [ -48.9859243, -25.9367805 ], [ -48.9853, -25.9380034 ], [ -48.9812475, -25.9374249 ], [ -48.9792335, -25.938363 ], [ -48.9794963, -25.9412527 ], [ -48.9828649, -25.9454231 ], [ -48.9829259, -25.9481015 ], [ -48.9744928, -25.9492407 ], [ -48.9719329, -25.9471332 ], [ -48.9664798, -25.9475756 ], [ -48.9651213, -25.9492088 ], [ -48.9624711, -25.9504622 ], [ -48.9659174, -25.9564554 ], [ -48.9619686, -25.9591234 ], [ -48.9594517, -25.9595881 ], [ -48.9602695, -25.9617073 ], [ -48.957762, -25.9621362 ], [ -48.9544815, -25.9654314 ], [ -48.9540999, -25.9669471 ], [ -48.9555295, -25.9685222 ], [ -48.9556261, -25.9705867 ], [ -48.9567402, -25.9726236 ], [ -48.960936, -25.9740137 ], [ -48.9615645, -25.9784127 ], [ -48.9638577, -25.978912 ], [ -48.9648401, -25.9811351 ], [ -48.9710946, -25.9835204 ], [ -48.9707236, -25.9848618 ], [ -48.9689101, -25.9853662 ], [ -48.9683469, -25.986785 ], [ -48.974563, -25.9894636 ], [ -48.979317, -25.9888698 ], [ -48.9800119, -25.9894998 ], [ -48.9796438, -25.9917628 ], [ -48.9805293, -25.9925244 ], [ -48.9803725, -25.9955242 ], [ -48.9816226, -25.996132 ], [ -48.9810374, -25.9979229 ], [ -48.9825204, -25.9999981 ], [ -48.9867224, -26.0005411 ], [ -48.9860256, -26.002475 ], [ -48.984305, -26.003346 ], [ -48.9843499, -26.004573 ], [ -48.986988, -26.0052484 ], [ -48.9890951, -26.0042336 ], [ -48.9942518, -26.0093054 ], [ -48.9971889, -26.0093713 ], [ -48.998524, -26.0116247 ], [ -49.0005899, -26.0104297 ], [ -49.0020403, -26.0113924 ], [ -49.0034745, -26.0109378 ], [ -49.0050858, -26.0123802 ], [ -49.005345, -26.0145345 ], [ -49.007105, -26.0160958 ], [ -49.0084517, -26.0161556 ], [ -49.0094886, -26.014384 ], [ -49.0112776, -26.0140941 ], [ -49.0130979, -26.0151031 ], [ -49.0171411, -26.0147046 ], [ -49.0201609, -26.0157474 ], [ -49.0217475, -26.0136618 ], [ -49.0269465, -26.0110407 ], [ -49.0256473, -26.0107136 ], [ -49.0265948, -26.010148 ], [ -49.0256619, -26.0099805 ], [ -49.0253877, -26.0085714 ], [ -49.0275034, -26.0072574 ], [ -49.0284778, -26.0054838 ], [ -49.0279713, -26.005175 ], [ -49.0297156, -26.0041032 ], [ -49.0299815, -26.0048055 ], [ -49.0322612, -26.0038939 ], [ -49.0340697, -26.0044397 ], [ -49.0348363, -26.0057131 ], [ -49.0355046, -26.0045908 ], [ -49.0378868, -26.0041233 ], [ -49.038458, -26.0050751 ], [ -49.0395772, -26.0044812 ], [ -49.0393566, -26.0051833 ], [ -49.0407445, -26.0038718 ], [ -49.0430739, -26.0047251 ] ] ] } },
{ "type": "Feature", "properties": { "municipio": "Lapa", "municipio_norm": "LAPA", "uf": "Paraná", "uf_sigla": "PR", "uf_norm": "PARANA", "cod_municipio": "4113205" }, "geometry": { "type": "Polygon", "coordinates": [ [ [ -49.6062183, -25.7112541 ], [ -49.6044472, -25.7136523 ], [ -49.6035814, -25.717996 ], [ -49.6020923, -25.7187432 ], [ -49.5990198, -25.7237097 ], [ -49.5990563, -25.7249641 ], [ -49.6005217, -25.7263507 ], [ -49.5988951, -25.7293326 ], [ -49.6006409, -25.7335289 ], [ -49.6002206, -25.73765 ], [ -49.6027273, -25.7417403 ], [ -49.6023076, -25.7441964 ], [ -49.6037499, -25.7447832 ], [ -49.6040033, -25.7457017 ], [ -49.6051756, -25.7455775 ], [ -49.6041171, -25.7494569 ], [ -49.6021919, -25.7521451 ], [ -49.6024768, -25.7569118 ], [ -49.6064317, -25.7627946 ], [ -49.6056702, -25.7645935 ], [ -49.6085773, -25.7666056 ], [ -49.6085575, -25.7683583 ], [ -49.6102679, -25.7702037 ], [ -49.6093724, -25.7706588 ], [ -49.6120704, -25.772178 ], [ -49.6126263, -25.7745247 ], [ -49.6136442, -25.7751067 ], [ -49.6125074, -25.7782656 ], [ -49.6148609, -25.7816683 ], [ -49.519363, -25.8070721 ], [ -49.5189761, -25.8076999 ], [ -49.5188292, -25.8103008 ], [ -49.5234291, -25.8123405 ], [ -49.5258831, -25.8118798 ], [ -49.5276227, -25.8134594 ], [ -49.5265752, -25.8140372 ], [ -49.5282737, -25.8162615 ], [ -49.5290573, -25.816254 ], [ -49.5286295, -25.8172526 ], [ -49.5326189, -25.8220059 ], [ -49.5338317, -25.8258207 ], [ -49.535716, -25.8260794 ], [ -49.5351426, -25.827051 ], [ -49.5371869, -25.8294813 ], [ -49.5361668, -25.8326457 ], [ -49.5345831, -25.8335458 ], [ -49.5345058, -25.8353877 ], [ -49.5362612, -25.837356 ], [ -49.5400785, -25.8386884 ], [ -49.5421766, -25.8426681 ], [ -49.5434257, -25.8439055 ], [ -49.545476, -25.8441917 ], [ -49.5460623, -25.8467602 ], [ -49.5471475, -25.8459024 ], [ -49.5482945, -25.8471475 ], [ -49.5495224, -25.845757 ], [ -49.5546225, -25.8457345 ], [ -49.5583608, -25.847191 ], [ -49.5628834, -25.8452631 ], [ -49.5644823, -25.8428351 ], [ -49.5662059, -25.8429966 ], [ -49.5676482, -25.8414963 ], [ -49.5670355, -25.8399181 ], [ -49.5712086, -25.8405253 ], [ -49.5719115, -25.8391538 ], [ -49.572284, -25.8407527 ], [ -49.5685414, -25.8442534 ], [ -49.5713268, -25.8437778 ], [ -49.5713405, -25.8452558 ], [ -49.5731883, -25.8449003 ], [ -49.5751196, -25.8462915 ], [ -49.5761549, -25.8452139 ], [ -49.5766051, -25.8462817 ], [ -49.5759795, -25.8480178 ], [ -49.5767451, -25.8479095 ], [ -49.5772403, -25.846056 ], [ -49.5814183, -25.8449846 ], [ -49.5830414, -25.8467772 ], [ -49.5857058, -25.8471923 ], [ -49.5884388, -25.848933 ], [ -49.5919869, -25.8482134 ], [ -49.5916233, -25.8465275 ], [ -49.5943486, -25.8477768 ], [ -49.5943447, -25.8459468 ], [ -49.5957346, -25.8472493 ], [ -49.5982751, -25.8476433 ], [ -49.5996213, -25.8473263 ], [ -49.5989214, -25.8464186 ], [ -49.6005129, -25.8456756 ], [ -49.6024513, -25.8458883 ], [ -49.6018515, -25.847583 ], [ -49.6025872, -25.8486846 ], [ -49.6037245, -25.8488892 ], [ -49.6044031, -25.8501855 ], [ -49.6059372, -25.8504012 ], [ -49.6048294, -25.851612 ], [ -49.606724, -25.8517954 ], [ -49.6070556, -25.8531109 ], [ -49.6059514, -25.8531983 ], [ -49.6077325, -25.8546171 ], [ -49.6090362, -25.8542898 ], [ -49.6089638, -25.855248 ], [ -49.6071478, -25.8551509 ], [ -49.6074607, -25.8566478 ], [ -49.6146294, -25.857083 ], [ -49.6144072, -25.8581548 ], [ -49.6171683, -25.8582597 ], [ -49.617008, -25.8607326 ], [ -49.618612, -25.8599799 ], [ -49.6198045, -25.8619358 ], [ -49.6218297, -25.8614796 ], [ -49.6203484, -25.860289 ], [ -49.6216617, -25.8591094 ], [ -49.62217, -25.8603465 ], [ -49.6233576, -25.8594875 ], [ -49.6239969, -25.8610718 ], [ -49.6248216, -25.8598487 ], [ -49.6269344, -25.8602393 ], [ -49.629132, -25.8634742 ], [ -49.6301937, -25.8639999 ], [ -49.6306497, -25.8630855 ], [ -49.6328796, -25.8656366 ], [ -49.6343638, -25.8658838 ], [ -49.6354479, -25.8646369 ], [ -49.6361385, -25.8648865 ], [ -49.635365, -25.8662401 ], [ -49.6360954, -25.8677928 ], [ -49.6379118, -25.8677788 ], [ -49.6370238, -25.866843 ], [ -49.6387467, -25.8671173 ], [ -49.6395171, -25.8652239 ], [ -49.640793, -25.8663884 ], [ -49.6419212, -25.8642084 ], [ -49.6418479, -25.8607986 ], [ -49.6426673, -25.8608817 ], [ -49.643245, -25.8599106 ], [ -49.6436922, -25.861107 ], [ -49.6455399, -25.862276 ], [ -49.647832, -25.8608282 ], [ -49.6483606, -25.8615756 ], [ -49.6464681, -25.8628246 ], [ -49.6477742, -25.8638187 ], [ -49.6480421, -25.862177 ], [ -49.6498939, -25.8659275 ], [ -49.6518021, -25.8656692 ], [ -49.651432, -25.8646264 ], [ -49.6520762, -25.8643438 ], [ -49.653919, -25.8667127 ], [ -49.6550541, -25.8654014 ], [ -49.6573904, -25.8654991 ], [ -49.6582201, -25.8664222 ], [ -49.6601587, -25.8666666 ], [ -49.6614482, -25.8681197 ], [ -49.6613469, -25.8663605 ], [ -49.6625819, -25.8654279 ], [ -49.6604209, -25.865476 ], [ -49.6621085, -25.8642046 ], [ -49.6642393, -25.8637788 ], [ -49.6654244, -25.8653297 ], [ -49.6662119, -25.8642962 ], [ -49.6678681, -25.8641005 ], [ -49.6674682, -25.8656213 ], [ -49.6690383, -25.865568 ], [ -49.6705827, -25.8672611 ], [ -49.6714022, -25.8662772 ], [ -49.6717182, -25.8682301 ], [ -49.6731093, -25.8681625 ], [ -49.6723824, -25.8693969 ], [ -49.6727541, -25.8702631 ], [ -49.6745918, -25.8701024 ], [ -49.6756842, -25.8710792 ], [ -49.6778781, -25.8698009 ], [ -49.6778136, -25.8708325 ], [ -49.6762167, -25.8719456 ], [ -49.6773739, -25.8721052 ], [ -49.6783935, -25.8739557 ], [ -49.6796632, -25.8734681 ], [ -49.6805552, -25.8748777 ], [ -49.6789486, -25.8752985 ], [ -49.6806381, -25.876193 ], [ -49.679971, -25.8769913 ], [ -49.6782743, -25.8759128 ], [ -49.6759197, -25.8787198 ], [ -49.6738724, -25.8770415 ], [ -49.671752, -25.8764657 ], [ -49.6725292, -25.875441 ], [ -49.6711045, -25.8755247 ], [ -49.6673494, -25.8776411 ], [ -49.6657655, -25.8777084 ], [ -49.6651957, -25.8793141 ], [ -49.6629859, -25.8788356 ], [ -49.6628417, -25.8773995 ], [ -49.6607496, -25.8779615 ], [ -49.6613757, -25.8784758 ], [ -49.6608354, -25.8790804 ], [ -49.6588351, -25.878226 ], [ -49.6576114, -25.8793888 ], [ -49.6570845, -25.8781044 ], [ -49.6567205, -25.8801623 ], [ -49.6550054, -25.8790992 ], [ -49.6553919, -25.8803469 ], [ -49.6529692, -25.8829253 ], [ -49.6541616, -25.8838683 ], [ -49.6540291, -25.8851132 ], [ -49.6533348, -25.885396 ], [ -49.652937, -25.8844273 ], [ -49.6505181, -25.8847496 ], [ -49.6512201, -25.8856418 ], [ -49.6527487, -25.8855614 ], [ -49.6527632, -25.8878315 ], [ -49.6518737, -25.8885086 ], [ -49.6527522, -25.8893557 ], [ -49.6504339, -25.8890548 ], [ -49.6501702, -25.8903372 ], [ -49.648938, -25.8890353 ], [ -49.6490129, -25.8902305 ], [ -49.6479472, -25.8914618 ], [ -49.6495716, -25.8921447 ], [ -49.6471084, -25.8925242 ], [ -49.6459197, -25.8936248 ], [ -49.6445131, -25.8929934 ], [ -49.6432445, -25.8949628 ], [ -49.6451665, -25.8950466 ], [ -49.6453611, -25.8959732 ], [ -49.6467323, -25.8958575 ], [ -49.6479797, -25.8972888 ], [ -49.6458741, -25.8984511 ], [ -49.6448985, -25.8981533 ], [ -49.6457777, -25.8991438 ], [ -49.645073, -25.9000885 ], [ -49.6469403, -25.9020429 ], [ -49.6484685, -25.9013517 ], [ -49.6485085, -25.9002906 ], [ -49.6506481, -25.9014944 ], [ -49.6496042, -25.9024831 ], [ -49.650118, -25.9042609 ], [ -49.650791, -25.9045892 ], [ -49.6516467, -25.9030137 ], [ -49.6522497, -25.9054663 ], [ -49.6507611, -25.9065165 ], [ -49.6526503, -25.9071722 ], [ -49.653519, -25.9105464 ], [ -49.6549397, -25.9100663 ], [ -49.6557432, -25.9114914 ], [ -49.6568723, -25.9108747 ], [ -49.657787, -25.9118012 ], [ -49.6599671, -25.9103004 ], [ -49.6600503, -25.9092847 ], [ -49.6585904, -25.9093663 ], [ -49.6604391, -25.9072339 ], [ -49.6590804, -25.9061075 ], [ -49.65952, -25.9050647 ], [ -49.660522, -25.9061704 ], [ -49.66218, -25.9054532 ], [ -49.6630379, -25.9062654 ], [ -49.6636728, -25.9054815 ], [ -49.6660796, -25.905884 ], [ -49.670351, -25.9046679 ], [ -49.6713755, -25.9061176 ], [ -49.6721797, -25.9058352 ], [ -49.6735732, -25.9085546 ], [ -49.6753936, -25.9091278 ], [ -49.6741007, -25.9118518 ], [ -49.6760446, -25.9114547 ], [ -49.6749459, -25.9132637 ], [ -49.6755049, -25.9142823 ], [ -49.6745338, -25.916724 ], [ -49.6734371, -25.9157182 ], [ -49.6728623, -25.9189566 ], [ -49.6705124, -25.9182189 ], [ -49.669641, -25.9193534 ], [ -49.6743789, -25.9201956 ], [ -49.6725029, -25.9223374 ], [ -49.6708792, -25.921815 ], [ -49.6726871, -25.9242648 ], [ -49.6722281, -25.925372 ], [ -49.6779576, -25.9234675 ], [ -49.6809641, -25.9245499 ], [ -49.6806435, -25.9230474 ], [ -49.682649, -25.921158 ], [ -49.6833683, -25.9221634 ], [ -49.6844534, -25.9213558 ], [ -49.6830823, -25.9206943 ], [ -49.6839017, -25.9198059 ], [ -49.6828893, -25.9192505 ], [ -49.6844204, -25.9180714 ], [ -49.6845095, -25.9164765 ], [ -49.6879442, -25.9158388 ], [ -49.6865158, -25.917985 ], [ -49.6894851, -25.9184714 ], [ -49.6911088, -25.917132 ], [ -49.6939339, -25.9168599 ], [ -49.693237, -25.9202857 ], [ -49.6967383, -25.9193821 ], [ -49.6968379, -25.9201582 ], [ -49.6947178, -25.9215551 ], [ -49.697402, -25.9229628 ], [ -49.6972979, -25.9244789 ], [ -49.6983737, -25.9253262 ], [ -49.6976908, -25.9266656 ], [ -49.6992788, -25.9263901 ], [ -49.7000143, -25.9276698 ], [ -49.7014073, -25.9272641 ], [ -49.7036134, -25.9282575 ], [ -49.7036759, -25.9291766 ], [ -49.7021745, -25.9294863 ], [ -49.7034721, -25.9304167 ], [ -49.7065633, -25.9296459 ], [ -49.7075332, -25.9306053 ], [ -49.7065557, -25.92793 ], [ -49.7048245, -25.928269 ], [ -49.7062785, -25.9254953 ], [ -49.708047, -25.9258882 ], [ -49.7103287, -25.9241354 ], [ -49.711931, -25.924071 ], [ -49.7126322, -25.9259704 ], [ -49.7130721, -25.9233938 ], [ -49.7116389, -25.9231487 ], [ -49.7113448, -25.9223083 ], [ -49.7135303, -25.9227946 ], [ -49.7157646, -25.921244 ], [ -49.7159026, -25.923307 ], [ -49.7175745, -25.9234996 ], [ -49.7151025, -25.9257658 ], [ -49.716257, -25.9285788 ], [ -49.7189464, -25.9300764 ], [ -49.719122, -25.9320946 ], [ -49.720731, -25.9306336 ], [ -49.7220247, -25.9311772 ], [ -49.7231716, -25.9304785 ], [ -49.7223542, -25.9320349 ], [ -49.7242369, -25.9332518 ], [ -49.7259986, -25.9317358 ], [ -49.7262699, -25.9338748 ], [ -49.7285306, -25.9339729 ], [ -49.7286047, -25.9353781 ], [ -49.7297371, -25.9343887 ], [ -49.7310012, -25.9353413 ], [ -49.7336057, -25.9348809 ], [ -49.7339054, -25.9358493 ], [ -49.7348801, -25.935714 ], [ -49.7338215, -25.9340204 ], [ -49.7342114, -25.9324603 ], [ -49.7374762, -25.9327725 ], [ -49.7368202, -25.9309925 ], [ -49.7386061, -25.9320722 ], [ -49.7399611, -25.9310279 ], [ -49.7377494, -25.9297358 ], [ -49.7410421, -25.9290484 ], [ -49.7421518, -25.931987 ], [ -49.7414553, -25.9337705 ], [ -49.7427411, -25.9348445 ], [ -49.7408373, -25.9359006 ], [ -49.742107, -25.9379175 ], [ -49.7439331, -25.9385775 ], [ -49.7428526, -25.9397362 ], [ -49.7453793, -25.9400238 ], [ -49.7447517, -25.942004 ], [ -49.7467263, -25.9410635 ], [ -49.7485618, -25.9415732 ], [ -49.7477087, -25.9436865 ], [ -49.7531199, -25.9414823 ], [ -49.7552945, -25.9430643 ], [ -49.7543617, -25.9437011 ], [ -49.755531, -25.9443228 ], [ -49.7534939, -25.9449183 ], [ -49.7535919, -25.9456375 ], [ -49.7553487, -25.9457556 ], [ -49.7590989, -25.9439351 ], [ -49.759392, -25.9430336 ], [ -49.7577606, -25.9423443 ], [ -49.7611702, -25.9415509 ], [ -49.759868, -25.9401216 ], [ -49.7646411, -25.9385993 ], [ -49.7650185, -25.9398584 ], [ -49.7637643, -25.9406553 ], [ -49.7648966, -25.9413092 ], [ -49.7659213, -25.9403353 ], [ -49.7655779, -25.9428123 ], [ -49.7667646, -25.9446806 ], [ -49.7696291, -25.9452174 ], [ -49.7703171, -25.9441922 ], [ -49.7729088, -25.9469386 ], [ -49.7733875, -25.9452008 ], [ -49.7741384, -25.9450136 ], [ -49.7742423, -25.9469964 ], [ -49.7776193, -25.9478966 ], [ -49.7778035, -25.9471883 ], [ -49.7765858, -25.9460977 ], [ -49.7784497, -25.9449534 ], [ -49.7766753, -25.9442927 ], [ -49.7762047, -25.9431769 ], [ -49.7756912, -25.9446884 ], [ -49.7750879, -25.9445213 ], [ -49.7747497, -25.9427777 ], [ -49.7764474, -25.9422288 ], [ -49.7760284, -25.9415164 ], [ -49.774599, -25.9418245 ], [ -49.7745744, -25.940892 ], [ -49.7769955, -25.94011 ], [ -49.7775023, -25.9418351 ], [ -49.7794715, -25.9407867 ], [ -49.7797852, -25.941596 ], [ -49.7788646, -25.9427326 ], [ -49.78265, -25.9417333 ], [ -49.7833728, -25.9407081 ], [ -49.7868063, -25.9413647 ], [ -49.7878825, -25.9405688 ], [ -49.7892359, -25.9423364 ], [ -49.7886227, -25.9432017 ], [ -49.7896865, -25.943566 ], [ -49.7886777, -25.944491 ], [ -49.7914375, -25.9463994 ], [ -49.7929327, -25.9456462 ], [ -49.7941327, -25.9460018 ], [ -49.7935723, -25.945161 ], [ -49.7942711, -25.9446667 ], [ -49.7958104, -25.9474165 ], [ -49.795756, -25.945774 ], [ -49.7965275, -25.9453151 ], [ -49.7982171, -25.950805 ], [ -49.7993272, -25.9518645 ], [ -49.8017699, -25.9526452 ], [ -49.8055089, -25.9518018 ], [ -49.8058102, -25.9538669 ], [ -49.8034674, -25.9551094 ], [ -49.8071474, -25.9559583 ], [ -49.8083868, -25.9576865 ], [ -49.8063433, -25.9576743 ], [ -49.8066887, -25.9585818 ], [ -49.8090709, -25.9589867 ], [ -49.8098294, -25.9579642 ], [ -49.8119866, -25.9578986 ], [ -49.8115024, -25.9565086 ], [ -49.8120418, -25.9557212 ], [ -49.814684, -25.9571312 ], [ -49.8160776, -25.9568208 ], [ -49.8169841, -25.9586988 ], [ -49.8154514, -25.960538 ], [ -49.8175786, -25.961714 ], [ -49.818341, -25.9602707 ], [ -49.8204344, -25.9628822 ], [ -49.8210672, -25.961966 ], [ -49.8199298, -25.959948 ], [ -49.8217676, -25.9595909 ], [ -49.8218886, -25.9582039 ], [ -49.8225253, -25.9587593 ], [ -49.8222969, -25.9600783 ], [ -49.8244241, -25.9597296 ], [ -49.8263281, -25.9614821 ], [ -49.8268074, -25.9599054 ], [ -49.8293967, -25.9594275 ], [ -49.8290272, -25.9608677 ], [ -49.8301024, -25.9607751 ], [ -49.8305218, -25.9554867 ], [ -49.8254171, -25.9535934 ], [ -49.8274344, -25.9522249 ], [ -49.8248274, -25.9510578 ], [ -49.825021, -25.9501586 ], [ -49.8272657, -25.9495617 ], [ -49.8271315, -25.9468274 ], [ -49.8279559, -25.9463942 ], [ -49.8282988, -25.9479432 ], [ -49.8294175, -25.9475473 ], [ -49.8295425, -25.9449403 ], [ -49.8278324, -25.9452786 ], [ -49.8272599, -25.9443223 ], [ -49.8282368, -25.9435294 ], [ -49.8293926, -25.9441205 ], [ -49.8299868, -25.9429624 ], [ -49.8321787, -25.9434607 ], [ -49.8347487, -25.9450195 ], [ -49.8365718, -25.9472004 ], [ -49.8367088, -25.9486984 ], [ -49.8399865, -25.9475542 ], [ -49.8415719, -25.9439419 ], [ -49.8426246, -25.9453653 ], [ -49.8405538, -25.9480085 ], [ -49.8420085, -25.9485683 ], [ -49.8428381, -25.9474476 ], [ -49.8437761, -25.9479566 ], [ -49.8422446, -25.9516823 ], [ -49.8456513, -25.9518961 ], [ -49.8466698, -25.9527336 ], [ -49.8466851, -25.9512183 ], [ -49.8479591, -25.950213 ], [ -49.8473989, -25.9486713 ], [ -49.8482702, -25.948352 ], [ -49.8515528, -25.9501365 ], [ -49.8511354, -25.9514141 ], [ -49.852232, -25.9523575 ], [ -49.8524838, -25.9540057 ], [ -49.8519474, -25.9553151 ], [ -49.8560657, -25.9560933 ], [ -49.8568675, -25.9556494 ], [ -49.8565618, -25.9543971 ], [ -49.858164, -25.954113 ], [ -49.8586668, -25.9592892 ], [ -49.8615299, -25.9581192 ], [ -49.8644936, -25.9593843 ], [ -49.8648104, -25.9587508 ], [ -49.8636884, -25.9577014 ], [ -49.8651738, -25.9560756 ], [ -49.8687735, -25.9569199 ], [ -49.8697399, -25.9621652 ], [ -49.8692686, -25.9625573 ], [ -49.8680706, -25.9615076 ], [ -49.867672, -25.9620207 ], [ -49.8707654, -25.9648628 ], [ -49.869868, -25.9654698 ], [ -49.8675365, -25.96435 ], [ -49.8677606, -25.9678547 ], [ -49.8659512, -25.9688566 ], [ -49.86619, -25.9703395 ], [ -49.8681842, -25.9701945 ], [ -49.8675726, -25.9719118 ], [ -49.8690046, -25.9719887 ], [ -49.8689313, -25.9732257 ], [ -49.8675936, -25.9741374 ], [ -49.869426, -25.9743933 ], [ -49.870053, -25.9759468 ], [ -49.8712378, -25.9753236 ], [ -49.8734029, -25.9776958 ], [ -49.8716142, -25.9788164 ], [ -49.8724776, -25.9797557 ], [ -49.8718593, -25.9808934 ], [ -49.87368, -25.9806857 ], [ -49.87334, -25.9826081 ], [ -49.8746344, -25.9824801 ], [ -49.875592, -25.9836131 ], [ -49.8767391, -25.983041 ], [ -49.8772759, -25.9842918 ], [ -49.8783377, -25.9845004 ], [ -49.8781061, -25.9837513 ], [ -49.8799119, -25.983744 ], [ -49.8797444, -25.9855065 ], [ -49.8834646, -25.983899 ], [ -49.8834309, -25.9818848 ], [ -49.8855138, -25.9839311 ], [ -49.8900606, -25.9838861 ], [ -49.8923544, -25.9825174 ], [ -49.8933407, -25.9837484 ], [ -49.8941525, -25.9820709 ], [ -49.8955251, -25.9821926 ], [ -49.8967658, -25.9813103 ], [ -49.8956208, -25.9838941 ], [ -49.8972917, -25.9835404 ], [ -49.8980156, -25.9852217 ], [ -49.9012038, -25.9869837 ], [ -49.9034646, -25.9853245 ], [ -49.9030677, -25.9839516 ], [ -49.9052782, -25.9837103 ], [ -49.9047972, -25.985737 ], [ -49.9071967, -25.9864176 ], [ -49.9053668, -25.9877232 ], [ -49.9051157, -25.989833 ], [ -49.9085895, -25.9911144 ], [ -49.9149898, -25.9916004 ], [ -49.914798, -25.9893781 ], [ -49.9159206, -25.9881795 ], [ -49.9154617, -25.9868022 ], [ -49.9162756, -25.9862952 ], [ -49.9184419, -25.9863238 ], [ -49.9188421, -25.9874066 ], [ -49.918015, -25.9882376 ], [ -49.9198431, -25.9907629 ], [ -49.9216724, -25.991667 ], [ -49.9219044, -25.9896386 ], [ -49.9236501, -25.9898103 ], [ -49.9248906, -25.9886123 ], [ -49.9259123, -25.9898126 ], [ -49.9266622, -25.9896237 ], [ -49.930126, -25.9872354 ], [ -49.9311061, -25.9882534 ], [ -49.931989, -25.9915956 ], [ -49.9341854, -25.9931298 ], [ -49.930755, -25.9942321 ], [ -49.9283926, -25.993425 ], [ -49.9258042, -25.9940416 ], [ -49.9259482, -25.9968728 ], [ -49.9250515, -25.9981264 ], [ -49.9270803, -25.9984962 ], [ -49.9262148, -25.9997146 ], [ -49.9275992, -26.000689 ], [ -49.9268629, -26.0020994 ], [ -49.9276511, -26.0047982 ], [ -49.9287123, -26.0056121 ], [ -49.9256815, -26.007861 ], [ -49.9246625, -26.0061146 ], [ -49.9237704, -26.0063653 ], [ -49.9243463, -26.0078036 ], [ -49.9219295, -26.010815 ], [ -49.9229859, -26.0118829 ], [ -49.9210749, -26.0134756 ], [ -49.9216156, -26.0145155 ], [ -49.9251642, -26.0161448 ], [ -49.9295269, -26.0168632 ], [ -49.9331933, -26.0192282 ], [ -49.9340588, -26.0188779 ], [ -49.9340903, -26.0174813 ], [ -49.938237, -26.0158643 ], [ -49.9399776, -26.0141145 ], [ -49.9410884, -26.0121504 ], [ -49.9411549, -26.0088913 ], [ -49.9421844, -26.0084311 ], [ -49.9447487, -26.0092219 ], [ -49.9494797, -26.0126058 ], [ -49.9535905, -26.0197547 ], [ -49.960632, -26.0208275 ], [ -49.9603505, -26.0219843 ], [ -49.9526605, -26.0249539 ], [ -49.9481068, -26.0291078 ], [ -49.9479528, -26.0303198 ], [ -49.9491967, -26.032096 ], [ -49.9526067, -26.0336924 ], [ -49.9560188, -26.0367998 ], [ -49.9588461, -26.0444562 ], [ -49.9665104, -26.0516649 ], [ -49.9689157, -26.0566944 ], [ -49.9716546, -26.0583804 ], [ -49.9742249, -26.0577273 ], [ -49.9765422, -26.0557916 ], [ -49.9777593, -26.0528319 ], [ -49.9762607, -26.0498872 ], [ -49.9672244, -26.041681 ], [ -49.9649957, -26.0360021 ], [ -49.9645415, -26.0309598 ], [ -49.9631377, -26.0275984 ], [ -49.9641807, -26.0238379 ], [ -49.9686661, -26.0181724 ], [ -49.9758063, -26.0141792 ], [ -49.9784504, -26.0136078 ], [ -49.9840669, -26.0141685 ], [ -49.9934323, -26.01135 ], [ -49.9933486, -26.0073656 ], [ -49.9950974, -26.0046589 ], [ -49.994831, -26.0025894 ], [ -49.9964287, -25.9992403 ], [ -49.9952498, -25.9932883 ], [ -49.9926839, -25.9915185 ], [ -49.9914236, -25.9927616 ], [ -49.9882625, -25.9936294 ], [ -49.9869297, -25.9951814 ], [ -49.9818164, -25.9955634 ], [ -49.9812527, -25.9986192 ], [ -49.9792252, -26.0025149 ], [ -49.9776112, -26.0039229 ], [ -49.9751113, -26.0046132 ], [ -49.9723652, -26.0027101 ], [ -49.9724968, -26.0037727 ], [ -49.971172, -26.0046686 ], [ -49.9677643, -26.0050767 ], [ -49.9679996, -26.0026391 ], [ -49.9665677, -26.0013474 ], [ -49.9664001, -25.998886 ], [ -49.967644, -25.9915566 ], [ -49.9667807, -25.9897147 ], [ -49.9643119, -25.9892395 ], [ -49.9652614, -25.9878303 ], [ -49.9652188, -25.9800181 ], [ -49.9658268, -25.9784533 ], [ -49.9671302, -25.9782021 ], [ -49.9696105, -25.9679725 ], [ -49.9713903, -25.9655283 ], [ -49.9715713, -25.9626511 ], [ -49.9732943, -25.9590849 ], [ -49.9813857, -25.9548869 ], [ -49.982072, -25.953682 ], [ -49.9836573, -25.953415 ], [ -49.9850809, -25.9490004 ], [ -49.9842537, -25.9465351 ], [ -49.986614, -25.9404448 ], [ -49.99242, -25.9395589 ], [ -49.9922511, -25.9384123 ], [ -49.9959016, -25.9347846 ], [ -49.9965645, -25.9330824 ], [ -50.0003984, -25.9335026 ], [ -50.0009804, -25.9322668 ], [ -50.0027131, -25.9316503 ], [ -50.0072742, -25.9318272 ], [ -50.0111624, -25.9310211 ], [ -50.0153178, -25.9347331 ], [ -50.0149221, -25.9095351 ], [ -50.0191356, -25.9077914 ], [ -50.0209832, -25.9022531 ], [ -50.0130515, -25.8946542 ], [ -50.0227684, -25.8910414 ], [ -50.0232885, -25.8892882 ], [ -50.0286594, -25.884468 ], [ -50.0336701, -25.8815666 ], [ -50.0374097, -25.8806403 ], [ -50.0388482, -25.8787876 ], [ -50.0400645, -25.8790155 ], [ -50.0416463, -25.8821987 ], [ -50.0449734, -25.8843568 ], [ -50.0470263, -25.8847056 ], [ -50.0488655, -25.8840373 ], [ -50.0511803, -25.8809583 ], [ -50.0542048, -25.8836353 ], [ -50.0547408, -25.8867557 ], [ -50.0531691, -25.8881461 ], [ -50.0540332, -25.889417 ], [ -50.0603343, -25.8880792 ], [ -50.0616863, -25.8887323 ], [ -50.062928, -25.8916556 ], [ -50.064098, -25.8922272 ], [ -50.0671089, -25.8889837 ], [ -50.0692619, -25.8926103 ], [ -50.0740735, -25.8962096 ], [ -50.0788062, -25.8954181 ], [ -50.0806356, -25.8932637 ], [ -50.0831639, -25.8994104 ], [ -50.0853202, -25.8988746 ], [ -50.0894704, -25.8954955 ], [ -50.0941936, -25.8939848 ], [ -50.1006418, -25.8931765 ], [ -50.1054161, -25.8911071 ], [ -50.1090055, -25.8931637 ], [ -50.1101179, -25.8912105 ], [ -50.1146281, -25.8899999 ], [ -50.120608, -25.8835077 ], [ -50.1216365, -25.8810267 ], [ -50.1237029, -25.8809042 ], [ -50.1253238, -25.8818614 ], [ -50.1244966, -25.8831932 ], [ -50.1251558, -25.8841897 ], [ -50.1262591, -25.8842452 ], [ -50.1255765, -25.885095 ], [ -50.125979, -25.8860972 ], [ -50.1287428, -25.8868154 ], [ -50.1304342, -25.8864395 ], [ -50.1302323, -25.8851326 ], [ -50.1310466, -25.8839185 ], [ -50.1330271, -25.8836737 ], [ -50.1356012, -25.885252 ], [ -50.1373925, -25.8849652 ], [ -50.1386785, -25.8868589 ], [ -50.1433599, -25.8874601 ], [ -50.1448838, -25.8867695 ], [ -50.1455061, -25.8847949 ], [ -50.150165, -25.884428 ], [ -50.15088, -25.8826073 ], [ -50.1524493, -25.8821738 ], [ -50.1534074, -25.8804893 ], [ -50.1550422, -25.8824074 ], [ -50.1556506, -25.8821486 ], [ -50.1561208, -25.8809153 ], [ -50.1582615, -25.8803779 ], [ -50.1577722, -25.8790282 ], [ -50.1592729, -25.8771065 ], [ -50.1620472, -25.8789185 ], [ -50.1631521, -25.8787972 ], [ -50.1638566, -25.879947 ], [ -50.1672297, -25.8800685 ], [ -50.1674735, -25.8778701 ], [ -50.1664773, -25.8756156 ], [ -50.1678291, -25.8720854 ], [ -50.1715318, -25.8735251 ], [ -50.1751739, -25.8724483 ], [ -50.1755988, -25.8710966 ], [ -50.175567, -25.8679959 ], [ -50.176875, -25.8663726 ], [ -50.1761571, -25.8638406 ], [ -50.1773519, -25.8607713 ], [ -50.1765341, -25.8597907 ], [ -50.1738682, -25.8590806 ], [ -50.1737512, -25.8581292 ], [ -50.1789521, -25.8531344 ], [ -50.1807744, -25.848824 ], [ -50.1838186, -25.8475103 ], [ -50.1848472, -25.8454695 ], [ -50.1879478, -25.8438508 ], [ -50.1882743, -25.8401762 ], [ -50.1898739, -25.8394014 ], [ -50.1917435, -25.836739 ], [ -50.1940001, -25.8358524 ], [ -50.1960358, -25.8324831 ], [ -50.1975994, -25.8315801 ], [ -50.1970463, -25.8304362 ], [ -50.1981426, -25.8298844 ], [ -50.1963976, -25.8265739 ], [ -50.1986457, -25.8230126 ], [ -50.1998834, -25.8227474 ], [ -50.2027132, -25.8246475 ], [ -50.204828, -25.8245071 ], [ -50.2050726, -25.8224709 ], [ -50.2067768, -25.8206872 ], [ -50.20666, -25.8197512 ], [ -50.2075186, -25.8195762 ], [ -50.2075669, -25.8181884 ], [ -50.2101951, -25.8162701 ], [ -50.2175593, -25.8168916 ], [ -50.2198971, -25.8161942 ], [ -50.2219518, -25.8144519 ], [ -50.2233093, -25.8149342 ], [ -50.2272915, -25.8134726 ], [ -50.2288455, -25.8113143 ], [ -50.2315202, -25.8106525 ], [ -50.2295568, -25.8090476 ], [ -50.2293591, -25.8064716 ], [ -50.2281038, -25.8053168 ], [ -50.2229755, -25.8060294 ], [ -50.2223359, -25.8030796 ], [ -50.2199578, -25.8022922 ], [ -50.2232567, -25.801069 ], [ -50.2235848, -25.7997821 ], [ -50.2159797, -25.7957267 ], [ -50.2151803, -25.7928231 ], [ -50.2124313, -25.7915357 ], [ -50.2093024, -25.7876431 ], [ -50.2071766, -25.7874309 ], [ -50.2041785, -25.7888312 ], [ -50.2013009, -25.7855778 ], [ -50.1993432, -25.7857269 ], [ -50.1989429, -25.7870785 ], [ -50.199843, -25.7880989 ], [ -50.2027551, -25.7890825 ], [ -50.2052599, -25.7910804 ], [ -50.2052062, -25.792012 ], [ -50.2028874, -25.793191 ], [ -50.1977551, -25.7917285 ], [ -50.1911112, -25.7871317 ], [ -50.1872018, -25.787208 ], [ -50.1813647, -25.7903164 ], [ -50.1807678, -25.7890243 ], [ -50.1818901, -25.7837616 ], [ -50.1882244, -25.7725842 ], [ -50.1897917, -25.7647415 ], [ -50.1880916, -25.7612411 ], [ -50.1858529, -25.7607093 ], [ -50.1853887, -25.7612533 ], [ -50.1866049, -25.7652576 ], [ -50.1852979, -25.7665214 ], [ -50.181949, -25.7669872 ], [ -50.1744391, -25.7654779 ], [ -50.1710762, -25.7655717 ], [ -50.1704072, -25.7646347 ], [ -50.1708053, -25.7637005 ], [ -50.1736498, -25.7637815 ], [ -50.1751498, -25.7604226 ], [ -50.1736957, -25.7599302 ], [ -50.1704253, -25.762023 ], [ -50.1694699, -25.7614363 ], [ -50.1693044, -25.7596968 ], [ -50.1672794, -25.7596841 ], [ -50.1650116, -25.7605565 ], [ -50.1638261, -25.7621614 ], [ -50.1627977, -25.7621064 ], [ -50.1632269, -25.7592765 ], [ -50.1586562, -25.7563808 ], [ -50.1606416, -25.7548926 ], [ -50.1580959, -25.752847 ], [ -50.1592701, -25.7499511 ], [ -50.1584371, -25.7489115 ], [ -50.1542944, -25.7504753 ], [ -50.1533906, -25.7541967 ], [ -50.1513289, -25.7541505 ], [ -50.1505263, -25.7519552 ], [ -50.1518426, -25.7487684 ], [ -50.1483885, -25.7467023 ], [ -50.1478647, -25.7454752 ], [ -50.1489017, -25.7446093 ], [ -50.1512569, -25.7461533 ], [ -50.1527525, -25.7460017 ], [ -50.1532659, -25.7437473 ], [ -50.148862, -25.7400635 ], [ -50.1486583, -25.7389016 ], [ -50.1505357, -25.7375423 ], [ -50.1521521, -25.7401638 ], [ -50.1542539, -25.7398857 ], [ -50.153892, -25.7379977 ], [ -50.15138, -25.7364036 ], [ -50.1512545, -25.7340504 ], [ -50.1523459, -25.7330417 ], [ -50.154649, -25.7342156 ], [ -50.1566051, -25.7339697 ], [ -50.1574629, -25.7336191 ], [ -50.1576323, -25.7324761 ], [ -50.1521883, -25.7320226 ], [ -50.1483268, -25.7290922 ], [ -50.1495319, -25.7284804 ], [ -50.153169, -25.7297751 ], [ -50.1544958, -25.7281705 ], [ -50.1536434, -25.725635 ], [ -50.1502942, -25.726421 ], [ -50.149245, -25.7238695 ], [ -50.146537, -25.7270916 ], [ -50.1457937, -25.7268304 ], [ -50.1430903, -25.7243812 ], [ -50.1392608, -25.7229396 ], [ -50.137704, -25.7190144 ], [ -50.1330997, -25.7190025 ], [ -50.1288752, -25.7179774 ], [ -50.1282173, -25.7129943 ], [ -50.1274399, -25.712377 ], [ -50.1238139, -25.7147244 ], [ -50.1218687, -25.7132621 ], [ -50.1217378, -25.7092809 ], [ -50.1233385, -25.7091936 ], [ -50.1263501, -25.7106635 ], [ -50.1303673, -25.7084462 ], [ -50.1302361, -25.7068654 ], [ -50.1279716, -25.7043671 ], [ -50.1298917, -25.7028181 ], [ -50.1303888, -25.700549 ], [ -50.1344069, -25.70054 ], [ -50.1344815, -25.6975269 ], [ -50.1355973, -25.695568 ], [ -50.1369522, -25.6950928 ], [ -50.1392058, -25.6958617 ], [ -50.139191, -25.6928967 ], [ -50.1443757, -25.6910416 ], [ -50.1458143, -25.6890172 ], [ -50.1462232, -25.6863788 ], [ -50.1503457, -25.6890285 ], [ -50.1513411, -25.6890673 ], [ -50.1524701, -25.6878009 ], [ -50.1517572, -25.6833211 ], [ -50.1493461, -25.679708 ], [ -50.135195, -25.6750475 ], [ -50.1298512, -25.669423 ], [ -50.1295427, -25.6677771 ], [ -50.1315355, -25.6675964 ], [ -50.1321878, -25.6656333 ], [ -50.1357015, -25.6639298 ], [ -50.1363545, -25.6620965 ], [ -50.1357471, -25.6605093 ], [ -50.1316955, -25.6600543 ], [ -50.1269622, -25.6632983 ], [ -50.1247984, -25.6626398 ], [ -50.1208948, -25.6597348 ], [ -50.1189985, -25.6607851 ], [ -50.1137854, -25.6667975 ], [ -50.1116494, -25.6646072 ], [ -50.1091752, -25.6579236 ], [ -50.1015617, -25.6638041 ], [ -50.0988364, -25.6670754 ], [ -50.0968099, -25.6671574 ], [ -50.0959982, -25.6664128 ], [ -50.0945636, -25.6608429 ], [ -50.0970123, -25.65193 ], [ -50.0957717, -25.6515679 ], [ -50.0960402, -25.6536337 ], [ -50.0953981, -25.6539843 ], [ -50.093686, -25.652345 ], [ -50.0917315, -25.6529445 ], [ -50.089392, -25.6515443 ], [ -50.0864958, -25.6514777 ], [ -50.0860417, -25.6502496 ], [ -50.0869374, -25.6495787 ], [ -50.089687, -25.6502885 ], [ -50.0895162, -25.6490212 ], [ -50.0876095, -25.6477624 ], [ -50.0873618, -25.6450049 ], [ -50.08937, -25.6426628 ], [ -50.0929506, -25.6413794 ], [ -50.0941452, -25.6388082 ], [ -50.0972072, -25.6353963 ], [ -50.0944749, -25.6355703 ], [ -50.0928109, -25.6341748 ], [ -50.0882896, -25.6332752 ], [ -50.0859316, -25.6344065 ], [ -50.0875199, -25.6383004 ], [ -50.085983, -25.6394833 ], [ -50.0830239, -25.6385136 ], [ -50.084496, -25.6363303 ], [ -50.0823369, -25.6330781 ], [ -50.0813703, -25.633941 ], [ -50.0821663, -25.6365906 ], [ -50.0805037, -25.6380793 ], [ -50.0788388, -25.6372631 ], [ -50.0772263, -25.6345114 ], [ -50.0744361, -25.6344455 ], [ -50.070257, -25.6441696 ], [ -50.0653167, -25.6509564 ], [ -50.0635165, -25.6518002 ], [ -50.063009, -25.648476 ], [ -50.0619206, -25.6467612 ], [ -50.0539398, -25.644776 ], [ -50.0551937, -25.6433974 ], [ -50.0542538, -25.6412639 ], [ -50.0547259, -25.6397525 ], [ -50.0528651, -25.639111 ], [ -50.0511375, -25.6417765 ], [ -50.0492738, -25.6415864 ], [ -50.0489791, -25.6386186 ], [ -50.0470846, -25.6352532 ], [ -50.0460733, -25.6351998 ], [ -50.0457775, -25.636615 ], [ -50.0425283, -25.6385605 ], [ -50.0415377, -25.6357667 ], [ -50.0355517, -25.6355172 ], [ -50.0371362, -25.6328201 ], [ -50.0355783, -25.6298928 ], [ -50.034364, -25.6308847 ], [ -50.0337035, -25.6332967 ], [ -50.0323433, -25.6324658 ], [ -50.0326383, -25.6294499 ], [ -50.0303959, -25.6291809 ], [ -50.029568, -25.6306258 ], [ -50.0284638, -25.630941 ], [ -50.026017, -25.6303447 ], [ -50.0263987, -25.6291383 ], [ -50.0278873, -25.6297609 ], [ -50.0289939, -25.6292213 ], [ -50.0284382, -25.6254298 ], [ -50.0293778, -25.6234363 ], [ -50.0323927, -25.6242301 ], [ -50.0335868, -25.6235126 ], [ -50.0329559, -25.6219587 ], [ -50.0296501, -25.6225523 ], [ -50.0272942, -25.6216817 ], [ -50.0314267, -25.6205798 ], [ -50.0322036, -25.6188937 ], [ -50.0315416, -25.6174391 ], [ -50.0259787, -25.6176433 ], [ -50.0241744, -25.6166651 ], [ -50.0247836, -25.6158948 ], [ -50.0272737, -25.6156541 ], [ -50.0309629, -25.6096992 ], [ -50.0290069, -25.6077687 ], [ -50.0284021, -25.6079254 ], [ -50.0282938, -25.6099955 ], [ -50.0263111, -25.6094424 ], [ -50.0259402, -25.6069582 ], [ -50.0271609, -25.6051932 ], [ -50.0260906, -25.6035599 ], [ -50.0238396, -25.602419 ], [ -50.0204214, -25.6019729 ], [ -50.0214376, -25.6059599 ], [ -50.0197784, -25.6063456 ], [ -50.0191985, -25.6038026 ], [ -50.017505, -25.6023713 ], [ -50.0159865, -25.5990601 ], [ -50.0148176, -25.5986632 ], [ -50.0136768, -25.5989774 ], [ -50.0108441, -25.6023432 ], [ -50.0069947, -25.6016255 ], [ -50.005282, -25.6020339 ], [ -49.998019, -25.6089811 ], [ -49.9926012, -25.611471 ], [ -49.9916842, -25.6103571 ], [ -49.991739, -25.6079414 ], [ -49.9939617, -25.6055066 ], [ -49.9942594, -25.6038969 ], [ -49.9888375, -25.6023443 ], [ -49.9790101, -25.5944456 ], [ -49.9767126, -25.5967024 ], [ -49.9803949, -25.6043039 ], [ -49.9768371, -25.6081709 ], [ -49.9693475, -25.6078072 ], [ -49.9650219, -25.6085443 ], [ -49.9642117, -25.6068096 ], [ -49.9619969, -25.6060321 ], [ -49.9588935, -25.6072722 ], [ -49.9568738, -25.6072066 ], [ -49.956118, -25.6049551 ], [ -49.958631, -25.6040042 ], [ -49.9595415, -25.6025206 ], [ -49.9583447, -25.6014169 ], [ -49.9530628, -25.6037297 ], [ -49.9467213, -25.6097802 ], [ -49.9419428, -25.611153 ], [ -49.9432336, -25.6076766 ], [ -49.9421537, -25.6072123 ], [ -49.9393231, -25.6091841 ], [ -49.9378681, -25.6087653 ], [ -49.938347, -25.6054457 ], [ -49.9377276, -25.6046201 ], [ -49.9352606, -25.6046184 ], [ -49.9368675, -25.6024585 ], [ -49.9353112, -25.5999469 ], [ -49.9334736, -25.5986269 ], [ -49.9315247, -25.5987972 ], [ -49.9328995, -25.6011074 ], [ -49.9320079, -25.6025255 ], [ -49.9312014, -25.6028411 ], [ -49.9300023, -25.600196 ], [ -49.9280091, -25.5993836 ], [ -49.9272373, -25.5998533 ], [ -49.9273764, -25.6020336 ], [ -49.926248, -25.6027377 ], [ -49.9245157, -25.6021316 ], [ -49.9222666, -25.5997321 ], [ -49.9180327, -25.599972 ], [ -49.9129662, -25.5978399 ], [ -49.9114305, -25.5960821 ], [ -49.9131963, -25.5940035 ], [ -49.9134604, -25.59192 ], [ -49.9093689, -25.5904721 ], [ -49.9060476, -25.5848647 ], [ -49.9061001, -25.5813064 ], [ -49.9073426, -25.5791529 ], [ -49.90936, -25.5789478 ], [ -49.9090284, -25.5807609 ], [ -49.9102355, -25.5815155 ], [ -49.9145522, -25.5782671 ], [ -49.9172423, -25.5772272 ], [ -49.91698, -25.5752769 ], [ -49.9157655, -25.5752674 ], [ -49.9140017, -25.5770919 ], [ -49.9127362, -25.5765916 ], [ -49.9118201, -25.5746293 ], [ -49.9131159, -25.5726881 ], [ -49.9170149, -25.5733105 ], [ -49.919025, -25.5720867 ], [ -49.9174471, -25.5701727 ], [ -49.9166336, -25.5669777 ], [ -49.920054, -25.5657075 ], [ -49.9210562, -25.5643421 ], [ -49.9184896, -25.5621086 ], [ -49.917255, -25.5571815 ], [ -49.9130336, -25.5573892 ], [ -49.9100549, -25.5622143 ], [ -49.9112712, -25.5699826 ], [ -49.9103259, -25.5710494 ], [ -49.9070779, -25.5706983 ], [ -49.8992623, -25.5649834 ], [ -49.8943808, -25.566989 ], [ -49.8993938, -25.5751672 ], [ -49.8924442, -25.5778268 ], [ -49.8909339, -25.5776457 ], [ -49.8886098, -25.5746462 ], [ -49.8857749, -25.5753453 ], [ -49.8843748, -25.5733693 ], [ -49.878393, -25.5711465 ], [ -49.8757118, -25.5681206 ], [ -49.8759284, -25.5621823 ], [ -49.8794291, -25.5579991 ], [ -49.8819035, -25.556478 ], [ -49.8866628, -25.5558266 ], [ -49.8909129, -25.5540234 ], [ -49.8882779, -25.5499076 ], [ -49.8879892, -25.5475771 ], [ -49.8864359, -25.5460402 ], [ -49.8848681, -25.5459801 ], [ -49.8845667, -25.5499613 ], [ -49.8831111, -25.5502548 ], [ -49.8806353, -25.549203 ], [ -49.8763207, -25.5440909 ], [ -49.8687196, -25.5469456 ], [ -49.8621413, -25.5462187 ], [ -49.8557185, -25.5467592 ], [ -49.8539633, -25.5489311 ], [ -49.8528963, -25.5550164 ], [ -49.851756, -25.555432 ], [ -49.8463045, -25.5519019 ], [ -49.8449773, -25.5482164 ], [ -49.8436069, -25.5472241 ], [ -49.8408955, -25.551791 ], [ -49.8370373, -25.5531812 ], [ -49.8333438, -25.5513406 ], [ -49.8275896, -25.5465694 ], [ -49.8253143, -25.5463831 ], [ -49.8237233, -25.548023 ], [ -49.8203391, -25.54961 ], [ -49.8195253, -25.5546333 ], [ -49.8133231, -25.5573113 ], [ -49.8120217, -25.5568587 ], [ -49.810071, -25.5540662 ], [ -49.8087119, -25.5543851 ], [ -49.8082767, -25.5642692 ], [ -49.8074053, -25.5658168 ], [ -49.8010084, -25.5663186 ], [ -49.7983807, -25.5655207 ], [ -49.7941413, -25.5701518 ], [ -49.7890611, -25.5732203 ], [ -49.786199, -25.571754 ], [ -49.7834381, -25.5723973 ], [ -49.7786688, -25.5750229 ], [ -49.7733223, -25.5796431 ], [ -49.7650708, -25.5819074 ], [ -49.7642621, -25.5830663 ], [ -49.7642397, -25.5854536 ], [ -49.7603633, -25.5843107 ], [ -49.7577267, -25.5817338 ], [ -49.7561311, -25.5822183 ], [ -49.7514351, -25.5813912 ], [ -49.7485475, -25.5824519 ], [ -49.745574, -25.5853726 ], [ -49.7453418, -25.5899047 ], [ -49.7470853, -25.5937364 ], [ -49.7491986, -25.5959063 ], [ -49.7458065, -25.6021399 ], [ -49.7470505, -25.6033493 ], [ -49.7485373, -25.602877 ], [ -49.7497083, -25.6035895 ], [ -49.7490801, -25.6073217 ], [ -49.7503326, -25.6100064 ], [ -49.7503433, -25.6120964 ], [ -49.7500136, -25.6129952 ], [ -49.7472608, -25.6124215 ], [ -49.7455317, -25.6135985 ], [ -49.7466253, -25.6168581 ], [ -49.7461847, -25.6197604 ], [ -49.7444083, -25.6197682 ], [ -49.7429629, -25.6179718 ], [ -49.7445304, -25.608015 ], [ -49.7434694, -25.6064496 ], [ -49.7375554, -25.604835 ], [ -49.7336858, -25.6055099 ], [ -49.7301684, -25.6012372 ], [ -49.7291769, -25.6009992 ], [ -49.7245107, -25.6030654 ], [ -49.7233494, -25.6063061 ], [ -49.7220234, -25.6074865 ], [ -49.7196595, -25.6036951 ], [ -49.7153748, -25.6046665 ], [ -49.7142285, -25.6003663 ], [ -49.7122517, -25.5995245 ], [ -49.7106268, -25.6004555 ], [ -49.7093189, -25.6045811 ], [ -49.7097686, -25.6066308 ], [ -49.70884, -25.6070009 ], [ -49.7078539, -25.6048275 ], [ -49.7059134, -25.6038029 ], [ -49.7050316, -25.5997501 ], [ -49.7043301, -25.5992862 ], [ -49.7025137, -25.5993609 ], [ -49.7014962, -25.6013513 ], [ -49.6993582, -25.600173 ], [ -49.6973921, -25.6015597 ], [ -49.6932073, -25.5979964 ], [ -49.6919217, -25.5989327 ], [ -49.6926248, -25.6036236 ], [ -49.6915626, -25.6053828 ], [ -49.6848438, -25.5978901 ], [ -49.6836867, -25.5909863 ], [ -49.6806265, -25.5890949 ], [ -49.6791881, -25.5890201 ], [ -49.6771139, -25.5908647 ], [ -49.6712983, -25.5903776 ], [ -49.6699033, -25.5926612 ], [ -49.6727142, -25.5923774 ], [ -49.6729773, -25.5933115 ], [ -49.6715098, -25.5960308 ], [ -49.6672853, -25.5940047 ], [ -49.6638281, -25.5970174 ], [ -49.6584032, -25.5983327 ], [ -49.6557539, -25.5963214 ], [ -49.6567612, -25.5920452 ], [ -49.65383, -25.5908383 ], [ -49.653232, -25.5892807 ], [ -49.6512332, -25.5903802 ], [ -49.649414, -25.593779 ], [ -49.6470786, -25.5943791 ], [ -49.6440321, -25.5912449 ], [ -49.6370617, -25.589814 ], [ -49.6336322, -25.5880729 ], [ -49.6325504, -25.5890317 ], [ -49.6316633, -25.5883373 ], [ -49.6278666, -25.5915285 ], [ -49.6274823, -25.5951887 ], [ -49.6285495, -25.5977452 ], [ -49.6324622, -25.5969122 ], [ -49.6336149, -25.5979169 ], [ -49.6340039, -25.599845 ], [ -49.6333073, -25.6008947 ], [ -49.6316657, -25.6008178 ], [ -49.6294255, -25.5989345 ], [ -49.627275, -25.6013968 ], [ -49.6242574, -25.601742 ], [ -49.6220435, -25.6036463 ], [ -49.6193836, -25.6028136 ], [ -49.6164878, -25.604402 ], [ -49.612923, -25.604616 ], [ -49.6110359, -25.6019898 ], [ -49.6106018, -25.6039726 ], [ -49.6084168, -25.6033926 ], [ -49.6045709, -25.6043495 ], [ -49.6030335, -25.6069433 ], [ -49.6014886, -25.6075943 ], [ -49.6049512, -25.613352 ], [ -49.6063143, -25.6195693 ], [ -49.6051657, -25.6241074 ], [ -49.6060176, -25.6275279 ], [ -49.6083678, -25.6315764 ], [ -49.6086224, -25.6366179 ], [ -49.6093518, -25.6375408 ], [ -49.6087941, -25.639927 ], [ -49.6106022, -25.6428708 ], [ -49.6093672, -25.6458206 ], [ -49.6096754, -25.651708 ], [ -49.6082636, -25.6558607 ], [ -49.609313, -25.6652013 ], [ -49.6077977, -25.6692337 ], [ -49.6090048, -25.6760149 ], [ -49.6062183, -25.7112541 ] ] ] } },
{ "type": "Feature", "properties": { "municipio": "Colombo", "municipio_norm": "COLOMBO", "uf": "Paraná", "uf_sigla": "PR", "uf_norm": "PARANA", "cod_municipio": "4105805" }, "geometry": { "type": "Polygon", "coordinates": [ [ [ -49.1934846, -25.3903485 ], [ -49.1946707, -25.3871691 ], [ -49.1941546, -25.3842984 ], [ -49.1951877, -25.3819644 ], [ -49.1951445, -25.3781386 ], [ -49.1974726, -25.3772081 ], [ -49.202021, -25.3817343 ], [ -49.2041617, -25.3821213 ], [ -49.205674, -25.3805969 ], [ -49.2055373, -25.3766487 ], [ -49.2081059, -25.3770822 ], [ -49.2090831, -25.3752956 ], [ -49.2088976, -25.3725166 ], [ -49.2068788, -25.3705282 ], [ -49.2075094, -25.3659335 ], [ -49.211518, -25.3633501 ], [ -49.2129191, -25.361528 ], [ -49.2167522, -25.3615241 ], [ -49.2185439, -25.3625212 ], [ -49.2190658, -25.3638721 ], [ -49.2223781, -25.3636737 ], [ -49.2227141, -25.3597164 ], [ -49.2245053, -25.3584847 ], [ -49.2237875, -25.3563843 ], [ -49.2289942, -25.3526485 ], [ -49.229397, -25.3500178 ], [ -49.2323289, -25.3462586 ], [ -49.2320555, -25.3444784 ], [ -49.239782, -25.3409041 ], [ -49.2405445, -25.3375551 ], [ -49.2420632, -25.3366169 ], [ -49.2420042, -25.3341287 ], [ -49.2441865, -25.3327021 ], [ -49.242771, -25.3306268 ], [ -49.2457347, -25.3268484 ], [ -49.2489196, -25.3263176 ], [ -49.2494799, -25.3242348 ], [ -49.2516032, -25.3232469 ], [ -49.2512936, -25.3221558 ], [ -49.2526423, -25.3220908 ], [ -49.2553485, -25.3171185 ], [ -49.2544638, -25.3146451 ], [ -49.2571437, -25.3141843 ], [ -49.2589431, -25.3103694 ], [ -49.259654, -25.304001 ], [ -49.2531545, -25.2991939 ], [ -49.2527201, -25.2976708 ], [ -49.2538203, -25.2938134 ], [ -49.2564617, -25.2929797 ], [ -49.2586732, -25.2932605 ], [ -49.2595287, -25.2922161 ], [ -49.2594844, -25.2905426 ], [ -49.2610179, -25.289363 ], [ -49.2586278, -25.2858763 ], [ -49.2589389, -25.2847183 ], [ -49.2573759, -25.2836272 ], [ -49.2529155, -25.2826319 ], [ -49.2682061, -25.2550072 ], [ -49.2657289, -25.2513615 ], [ -49.2656257, -25.2488401 ], [ -49.2610494, -25.2469607 ], [ -49.2589573, -25.2446712 ], [ -49.2572432, -25.2448884 ], [ -49.2554091, -25.2402348 ], [ -49.2527312, -25.2404981 ], [ -49.2512862, -25.2396429 ], [ -49.2523184, -25.2385518 ], [ -49.2522962, -25.2366497 ], [ -49.2536012, -25.23533 ], [ -49.253684, -25.2339488 ], [ -49.2452408, -25.2335754 ], [ -49.2419379, -25.2281787 ], [ -49.2405519, -25.2278543 ], [ -49.238446, -25.225581 ], [ -49.2359267, -25.2281914 ], [ -49.2363469, -25.2309575 ], [ -49.2341512, -25.2323578 ], [ -49.2317094, -25.2300391 ], [ -49.2261208, -25.2313993 ], [ -49.2223844, -25.2302187 ], [ -49.2200416, -25.2312678 ], [ -49.2101035, -25.231946 ], [ -49.2023476, -25.2313562 ], [ -49.1965058, -25.2332963 ], [ -49.1924685, -25.2338924 ], [ -49.1913774, -25.2333173 ], [ -49.1876027, -25.2347476 ], [ -49.1842629, -25.237527 ], [ -49.1837306, -25.2366039 ], [ -49.1804735, -25.2375491 ], [ -49.177436, -25.2369298 ], [ -49.1763301, -25.2393333 ], [ -49.1755191, -25.2386697 ], [ -49.1740447, -25.2401885 ], [ -49.1721278, -25.2397756 ], [ -49.1692083, -25.2407635 ], [ -49.1664891, -25.2394921 ], [ -49.1622634, -25.2388614 ], [ -49.1592333, -25.2372469 ], [ -49.1573607, -25.2393554 ], [ -49.153645, -25.2413312 ], [ -49.1533722, -25.2425034 ], [ -49.150637, -25.2428573 ], [ -49.1477249, -25.2461012 ], [ -49.146995, -25.2457989 ], [ -49.1471646, -25.2472218 ], [ -49.1455131, -25.2475167 ], [ -49.1460882, -25.2488438 ], [ -49.1478428, -25.2497875 ], [ -49.1480198, -25.2510555 ], [ -49.1497007, -25.2514684 ], [ -49.1512932, -25.2531272 ], [ -49.1520157, -25.2527881 ], [ -49.1517945, -25.2546164 ], [ -49.1528193, -25.256032 ], [ -49.1516397, -25.2558403 ], [ -49.1511383, -25.2569461 ], [ -49.1534754, -25.2587653 ], [ -49.1516227, -25.2622911 ], [ -49.1465748, -25.2645472 ], [ -49.1472309, -25.2655775 ], [ -49.1463094, -25.2668087 ], [ -49.1456753, -25.2666115 ], [ -49.1476954, -25.2675552 ], [ -49.1491256, -25.2671276 ], [ -49.1496417, -25.2683661 ], [ -49.1489068, -25.2694509 ], [ -49.1438469, -25.2673192 ], [ -49.1414951, -25.2676068 ], [ -49.1403155, -25.26442 ], [ -49.1394493, -25.2676777 ], [ -49.1387452, -25.2674059 ], [ -49.1366514, -25.2697651 ], [ -49.1356782, -25.2679957 ], [ -49.1318991, -25.2665814 ], [ -49.1316381, -25.2675773 ], [ -49.1306354, -25.2673764 ], [ -49.1294116, -25.268497 ], [ -49.1292024, -25.2705446 ], [ -49.1300973, -25.2723897 ], [ -49.1292853, -25.273721 ], [ -49.1281804, -25.275088 ], [ -49.1273694, -25.2749111 ], [ -49.126602, -25.2764079 ], [ -49.1258654, -25.2762676 ], [ -49.126293, -25.277226 ], [ -49.1245826, -25.2767984 ], [ -49.1248038, -25.2778011 ], [ -49.1223856, -25.2781549 ], [ -49.122135, -25.2773292 ], [ -49.1229164, -25.2769459 ], [ -49.1192744, -25.2746604 ], [ -49.119938, -25.2740116 ], [ -49.116989, -25.2739969 ], [ -49.1169152, -25.2732744 ], [ -49.1155497, -25.2738172 ], [ -49.1153228, -25.2727435 ], [ -49.1160158, -25.2721832 ], [ -49.1128899, -25.2741001 ], [ -49.1114154, -25.2720653 ], [ -49.1096017, -25.2711658 ], [ -49.1099998, -25.2702811 ], [ -49.1088203, -25.2705023 ], [ -49.1093511, -25.2698904 ], [ -49.107965, -25.2671773 ], [ -49.1086433, -25.2652125 ], [ -49.1079061, -25.2649176 ], [ -49.1068739, -25.2664143 ], [ -49.1057238, -25.2645177 ], [ -49.1045663, -25.2641491 ], [ -49.1026052, -25.2641564 ], [ -49.1026421, -25.2662521 ], [ -49.1010054, -25.2672916 ], [ -49.0997079, -25.2670336 ], [ -49.0984619, -25.270001 ], [ -49.0961617, -25.2696803 ], [ -49.0963755, -25.2718109 ], [ -49.0922174, -25.2723288 ], [ -49.0940015, -25.2740872 ], [ -49.0938758, -25.2751082 ], [ -49.0968995, -25.2753651 ], [ -49.0999037, -25.2772172 ], [ -49.1001285, -25.2783468 ], [ -49.1014777, -25.2787653 ], [ -49.1030039, -25.2809088 ], [ -49.1053038, -25.2793782 ], [ -49.1077007, -25.279317 ], [ -49.1102023, -25.280258 ], [ -49.1120792, -25.2828255 ], [ -49.1142924, -25.2895389 ], [ -49.1144786, -25.2929935 ], [ -49.122806, -25.2995845 ], [ -49.1327776, -25.3354764 ], [ -49.1353781, -25.33956 ], [ -49.1341032, -25.3443851 ], [ -49.1318544, -25.3471191 ], [ -49.1305743, -25.3502822 ], [ -49.1259818, -25.3536105 ], [ -49.1276286, -25.3567338 ], [ -49.1278601, -25.3602583 ], [ -49.1268793, -25.3625862 ], [ -49.1244535, -25.363708 ], [ -49.1249387, -25.364933 ], [ -49.1238014, -25.3709046 ], [ -49.1221435, -25.3728966 ], [ -49.1199475, -25.3784417 ], [ -49.124052, -25.381052 ], [ -49.134357, -25.382972 ], [ -49.1420318, -25.389262 ], [ -49.145553, -25.389222 ], [ -49.163332, -25.392405 ], [ -49.180765, -25.393704 ], [ -49.1920448, -25.389773 ], [ -49.1934846, -25.3903485 ] ] ] } },
{ "type": "Feature", "properties": { "municipio": "Fazenda Rio Grande", "municipio_norm": "FAZENDA RIO GRANDE", "uf": "Paraná", "uf_sigla": "PR", "uf_norm": "PARANA", "cod_municipio": "4107652" }, "geometry": { "type": "Polygon", "coordinates": [ [ [ -49.3129567, -25.7229275 ], [ -49.3146914, -25.7207763 ], [ -49.3174083, -25.7214435 ], [ -49.3183329, -25.7209282 ], [ -49.3209939, -25.7222835 ], [ -49.3210616, -25.7202508 ], [ -49.323638, -25.7188047 ], [ -49.3241376, -25.7196161 ], [ -49.3249697, -25.7183312 ], [ -49.3272986, -25.7197127 ], [ -49.3271766, -25.7189576 ], [ -49.3292669, -25.7183885 ], [ -49.329644, -25.7172619 ], [ -49.3307156, -25.7175998 ], [ -49.3297711, -25.7161806 ], [ -49.3337266, -25.7134722 ], [ -49.3336868, -25.7122963 ], [ -49.3351294, -25.7120712 ], [ -49.334742, -25.710042 ], [ -49.3358798, -25.7098324 ], [ -49.3349852, -25.7088706 ], [ -49.3350872, -25.7067958 ], [ -49.335919, -25.7069421 ], [ -49.336336, -25.7056078 ], [ -49.3354363, -25.7050071 ], [ -49.3380003, -25.7029415 ], [ -49.3373079, -25.7024185 ], [ -49.3380677, -25.7019059 ], [ -49.3375157, -25.701056 ], [ -49.3388215, -25.699732 ], [ -49.338239, -25.6980794 ], [ -49.3392566, -25.6956581 ], [ -49.3420884, -25.6934694 ], [ -49.3439312, -25.6934029 ], [ -49.3432578, -25.6924176 ], [ -49.343869, -25.6920299 ], [ -49.3430373, -25.6918845 ], [ -49.3439928, -25.6912852 ], [ -49.3432666, -25.6907856 ], [ -49.3444002, -25.6905001 ], [ -49.3441571, -25.6889871 ], [ -49.3453123, -25.6889897 ], [ -49.3444951, -25.6877818 ], [ -49.3451594, -25.6877706 ], [ -49.3458155, -25.6860007 ], [ -49.3482357, -25.6856696 ], [ -49.3482978, -25.6839709 ], [ -49.3467123, -25.6836268 ], [ -49.3471568, -25.6814772 ], [ -49.3482288, -25.6805943 ], [ -49.3470414, -25.6789882 ], [ -49.3485341, -25.6777431 ], [ -49.347299, -25.6766472 ], [ -49.34857, -25.6747977 ], [ -49.3491716, -25.6754735 ], [ -49.3509298, -25.67468 ], [ -49.3520511, -25.6752182 ], [ -49.3538527, -25.6736657 ], [ -49.3559392, -25.6733474 ], [ -49.3557072, -25.6722888 ], [ -49.3593428, -25.6695486 ], [ -49.3594747, -25.6681016 ], [ -49.3583503, -25.6685424 ], [ -49.3588541, -25.6677089 ], [ -49.3601953, -25.6679713 ], [ -49.3621802, -25.6668001 ], [ -49.3608451, -25.6648625 ], [ -49.3601793, -25.6649936 ], [ -49.3598678, -25.660177 ], [ -49.3608884, -25.658941 ], [ -49.3624394, -25.6589578 ], [ -49.3646914, -25.6576779 ], [ -49.3652016, -25.65616 ], [ -49.3627553, -25.655279 ], [ -49.3641881, -25.6543335 ], [ -49.3628868, -25.6540202 ], [ -49.3649501, -25.6533649 ], [ -49.3626821, -25.6523346 ], [ -49.3650837, -25.6524386 ], [ -49.3642919, -25.650883 ], [ -49.3655057, -25.6506756 ], [ -49.3620257, -25.6504734 ], [ -49.3623678, -25.6490015 ], [ -49.3638121, -25.6485275 ], [ -49.3631654, -25.6474207 ], [ -49.36393, -25.6468981 ], [ -49.3599183, -25.646689 ], [ -49.3592703, -25.6457722 ], [ -49.3599839, -25.645203 ], [ -49.3599164, -25.6431647 ], [ -49.3576144, -25.6437361 ], [ -49.3557718, -25.6453585 ], [ -49.3547927, -25.6451419 ], [ -49.3547022, -25.643441 ], [ -49.3566422, -25.6426729 ], [ -49.3534384, -25.6417786 ], [ -49.3520449, -25.6358097 ], [ -49.3508358, -25.6356425 ], [ -49.3508895, -25.6372882 ], [ -49.3489666, -25.6367182 ], [ -49.3491335, -25.6383494 ], [ -49.3481839, -25.6385796 ], [ -49.3471122, -25.6366458 ], [ -49.3480701, -25.6358664 ], [ -49.3482097, -25.6340665 ], [ -49.3454912, -25.6336919 ], [ -49.3450586, -25.6344159 ], [ -49.3463399, -25.6352124 ], [ -49.3462534, -25.6360023 ], [ -49.3445831, -25.6363429 ], [ -49.3432025, -25.6376655 ], [ -49.3424942, -25.6369701 ], [ -49.3431866, -25.6360517 ], [ -49.3425278, -25.6344147 ], [ -49.3397065, -25.633353 ], [ -49.3413785, -25.632736 ], [ -49.3391682, -25.6312352 ], [ -49.3363123, -25.6324729 ], [ -49.335802, -25.6310433 ], [ -49.3332976, -25.6315959 ], [ -49.3319877, -25.633299 ], [ -49.3303256, -25.6305166 ], [ -49.3292586, -25.6308474 ], [ -49.3280475, -25.6334931 ], [ -49.3258711, -25.6321986 ], [ -49.3239321, -25.6329663 ], [ -49.3226511, -25.6326254 ], [ -49.3223954, -25.631902 ], [ -49.3244059, -25.6315474 ], [ -49.3245424, -25.6302456 ], [ -49.3262135, -25.6294747 ], [ -49.3246227, -25.6295429 ], [ -49.325133, -25.6282098 ], [ -49.3231474, -25.626779 ], [ -49.3231305, -25.625321 ], [ -49.3221459, -25.6253778 ], [ -49.3218504, -25.6275384 ], [ -49.3193919, -25.6248485 ], [ -49.3185559, -25.6250803 ], [ -49.3185015, -25.6261415 ], [ -49.31703, -25.6259881 ], [ -49.3164968, -25.6233913 ], [ -49.3127746, -25.6245135 ], [ -49.3114555, -25.6241569 ], [ -49.3116268, -25.6227328 ], [ -49.3140987, -25.6218364 ], [ -49.3132868, -25.6203836 ], [ -49.3146466, -25.6205892 ], [ -49.3159851, -25.619507 ], [ -49.3124771, -25.6161205 ], [ -49.3110726, -25.6165502 ], [ -49.3123319, -25.6183831 ], [ -49.3100764, -25.6174146 ], [ -49.3104725, -25.6187244 ], [ -49.3096294, -25.6194685 ], [ -49.3073829, -25.617813 ], [ -49.3043935, -25.6178802 ], [ -49.3038616, -25.6154365 ], [ -49.302328, -25.6140984 ], [ -49.3015276, -25.6144663 ], [ -49.3021155, -25.6158111 ], [ -49.3012338, -25.6166241 ], [ -49.2976359, -25.6150612 ], [ -49.2963696, -25.6155205 ], [ -49.2955938, -25.6168854 ], [ -49.2951413, -25.6140479 ], [ -49.2930267, -25.6137836 ], [ -49.2917938, -25.615296 ], [ -49.289627, -25.6134177 ], [ -49.2888908, -25.61461 ], [ -49.287314, -25.6137162 ], [ -49.2872998, -25.6125583 ], [ -49.2864218, -25.6127426 ], [ -49.2858778, -25.6110218 ], [ -49.2831312, -25.6126205 ], [ -49.282003, -25.6121266 ], [ -49.2810379, -25.6134881 ], [ -49.2779364, -25.6134674 ], [ -49.277479, -25.6109928 ], [ -49.2762892, -25.612265 ], [ -49.2762687, -25.6136722 ], [ -49.2733444, -25.6117845 ], [ -49.2714073, -25.6123273 ], [ -49.269644, -25.6114192 ], [ -49.2694799, -25.6122696 ], [ -49.2691165, -25.6112058 ], [ -49.2660426, -25.6118001 ], [ -49.2656879, -25.6128605 ], [ -49.2628366, -25.6138727 ], [ -49.2626543, -25.6159655 ], [ -49.2603063, -25.616212 ], [ -49.261399, -25.6202493 ], [ -49.26035, -25.6208036 ], [ -49.2608669, -25.6230244 ], [ -49.2598792, -25.6232095 ], [ -49.2608745, -25.6250747 ], [ -49.2593706, -25.6257916 ], [ -49.2602725, -25.6260874 ], [ -49.2591318, -25.6279979 ], [ -49.261045, -25.6302089 ], [ -49.2603805, -25.631743 ], [ -49.2608914, -25.6329854 ], [ -49.2589916, -25.633631 ], [ -49.2613498, -25.6352989 ], [ -49.2608062, -25.6363226 ], [ -49.2613223, -25.6372031 ], [ -49.2603434, -25.6382973 ], [ -49.2604652, -25.6403063 ], [ -49.2591565, -25.6405152 ], [ -49.259688, -25.6416898 ], [ -49.2587197, -25.6419593 ], [ -49.2594224, -25.6443204 ], [ -49.2584619, -25.6439641 ], [ -49.2581396, -25.6449066 ], [ -49.2587524, -25.6448337 ], [ -49.2587548, -25.6473378 ], [ -49.2597668, -25.6479534 ], [ -49.2592611, -25.648871 ], [ -49.2601823, -25.6492882 ], [ -49.258218, -25.6516835 ], [ -49.2594656, -25.651887 ], [ -49.2585629, -25.6528116 ], [ -49.259578, -25.6530994 ], [ -49.2584084, -25.656813 ], [ -49.2594706, -25.6618717 ], [ -49.2567156, -25.6664806 ], [ -49.2577877, -25.6709632 ], [ -49.2556698, -25.6733454 ], [ -49.2565264, -25.6742649 ], [ -49.2545516, -25.6760293 ], [ -49.2562895, -25.6801101 ], [ -49.2554716, -25.6817319 ], [ -49.255657, -25.6835141 ], [ -49.254236, -25.6833527 ], [ -49.2544511, -25.6841109 ], [ -49.2535118, -25.6835661 ], [ -49.2544178, -25.684925 ], [ -49.2538266, -25.6879898 ], [ -49.2547683, -25.6883978 ], [ -49.2521248, -25.6903503 ], [ -49.2533279, -25.6921863 ], [ -49.2529182, -25.6931152 ], [ -49.2502163, -25.693775 ], [ -49.2493481, -25.6950997 ], [ -49.2502507, -25.7070969 ], [ -49.2496548, -25.7080151 ], [ -49.2502314, -25.7084347 ], [ -49.2476941, -25.7108859 ], [ -49.2480913, -25.7136055 ], [ -49.2466406, -25.7168603 ], [ -49.2475127, -25.7180713 ], [ -49.2465204, -25.7241081 ], [ -49.248073, -25.7302889 ], [ -49.2473936, -25.7326735 ], [ -49.2440777, -25.7351776 ], [ -49.2444101, -25.7356451 ], [ -49.2407053, -25.7399919 ], [ -49.2412653, -25.7445254 ], [ -49.2426873, -25.7474027 ], [ -49.2456552, -25.750133 ], [ -49.245038, -25.752453 ], [ -49.2455214, -25.7540378 ], [ -49.2465849, -25.75433 ], [ -49.2509939, -25.7525172 ], [ -49.2522649, -25.7447997 ], [ -49.2563998, -25.739937 ], [ -49.2581051, -25.7413686 ], [ -49.260775, -25.7404105 ], [ -49.2626401, -25.7375959 ], [ -49.2654113, -25.7362446 ], [ -49.2705533, -25.7390054 ], [ -49.2739008, -25.7384868 ], [ -49.2764522, -25.7392566 ], [ -49.2779049, -25.7385596 ], [ -49.279381, -25.7362375 ], [ -49.2827951, -25.7350913 ], [ -49.2869299, -25.7352861 ], [ -49.2942768, -25.7378316 ], [ -49.2951682, -25.7343988 ], [ -49.296615, -25.7340481 ], [ -49.2969526, -25.7327457 ], [ -49.2980588, -25.7321067 ], [ -49.3023147, -25.7339334 ], [ -49.3051703, -25.7341721 ], [ -49.306302, -25.7330105 ], [ -49.3057919, -25.7316817 ], [ -49.3072307, -25.7302921 ], [ -49.3065049, -25.7294761 ], [ -49.3104352, -25.7286547 ], [ -49.313501, -25.7233638 ], [ -49.3129567, -25.7229275 ] ] ] } },
{ "type": "Feature", "properties": { "municipio": "Adrianópolis", "municipio_norm": "ADRIANOPOLIS", "uf": "Paraná", "uf_sigla": "PR", "uf_norm": "PARANA", "cod_municipio": "4100202" }, "geometry": { "type": "Polygon", "coordinates": [ [ [ -48.8524825, -24.8279703 ], [ -48.9295277, -24.8801853 ], [ -48.9303909, -24.8794672 ], [ -48.9323091, -24.8807991 ], [ -48.9316924, -24.882246 ], [ -48.9400173, -24.8877711 ], [ -48.941516, -24.8908438 ], [ -48.9423247, -24.8907333 ], [ -48.9491112, -24.8971363 ], [ -48.9503714, -24.8969105 ], [ -48.95197, -24.8994101 ], [ -48.957106, -24.9023902 ], [ -48.9614212, -24.9077539 ], [ -48.9648688, -24.9095648 ], [ -48.9669161, -24.9117111 ], [ -48.9700003, -24.9136943 ], [ -48.9713628, -24.9136122 ], [ -48.9716487, -24.9146187 ], [ -48.9729665, -24.9136355 ], [ -48.9855666, -24.9170825 ], [ -48.988932, -24.9163407 ], [ -48.9917783, -24.9168224 ], [ -48.9919684, -24.9206893 ], [ -48.9948949, -24.9239418 ], [ -49.1053929, -24.8922728 ], [ -49.1029296, -24.8911754 ], [ -49.1007807, -24.8885428 ], [ -49.1010473, -24.8874347 ], [ -49.0981783, -24.884983 ], [ -49.0977593, -24.8832842 ], [ -49.0951094, -24.8826795 ], [ -49.0944788, -24.8803713 ], [ -49.0930346, -24.8806311 ], [ -49.0920243, -24.8798369 ], [ -49.09061, -24.8763412 ], [ -49.0917196, -24.8743287 ], [ -49.0896195, -24.8700729 ], [ -49.0869288, -24.8668343 ], [ -49.0851139, -24.8660335 ], [ -49.0841455, -24.8624362 ], [ -49.0794196, -24.8562956 ], [ -49.0786318, -24.8536165 ], [ -49.0754319, -24.8527684 ], [ -49.075647, -24.8513408 ], [ -49.0742975, -24.8491476 ], [ -49.07432, -24.8477074 ], [ -49.0759951, -24.8451129 ], [ -49.0743399, -24.8445352 ], [ -49.0738884, -24.8432397 ], [ -49.0726242, -24.8426659 ], [ -49.0730392, -24.8410666 ], [ -49.0723593, -24.8400626 ], [ -49.0735409, -24.8387244 ], [ -49.0732033, -24.8374534 ], [ -49.0740596, -24.8358577 ], [ -49.0747235, -24.8357904 ], [ -49.0751304, -24.8327688 ], [ -49.0726319, -24.8314222 ], [ -49.0709801, -24.8279465 ], [ -49.0677841, -24.824448 ], [ -49.0675486, -24.8217529 ], [ -49.0649966, -24.8185708 ], [ -49.0645853, -24.8145704 ], [ -49.0634373, -24.8136951 ], [ -49.0648382, -24.8126641 ], [ -49.0646822, -24.8119312 ], [ -49.0628171, -24.8109206 ], [ -49.0629788, -24.8057755 ], [ -49.0610443, -24.8038728 ], [ -49.0603336, -24.8017582 ], [ -49.0615748, -24.799961 ], [ -49.0610387, -24.7970858 ], [ -49.0631057, -24.7940269 ], [ -49.0612602, -24.7908097 ], [ -49.0617009, -24.7900028 ], [ -49.0630025, -24.789943 ], [ -49.0620173, -24.7874402 ], [ -49.0651538, -24.786849 ], [ -49.0637921, -24.7854038 ], [ -49.0668649, -24.7836983 ], [ -49.06625, -24.7822866 ], [ -49.0675874, -24.7816714 ], [ -49.0692481, -24.7781163 ], [ -49.0704061, -24.778384 ], [ -49.0715347, -24.7805663 ], [ -49.0736192, -24.7817749 ], [ -49.0771858, -24.7801384 ], [ -49.0786168, -24.7818595 ], [ -49.0800609, -24.782123 ], [ -49.0809314, -24.7794011 ], [ -49.0833448, -24.7794477 ], [ -49.0845164, -24.7804236 ], [ -49.0868486, -24.7783421 ], [ -49.0911237, -24.7772976 ], [ -49.0946551, -24.7774725 ], [ -49.095873, -24.7764459 ], [ -49.095954, -24.7745636 ], [ -49.1008466, -24.7740911 ], [ -49.1023674, -24.7714226 ], [ -49.1067101, -24.7679166 ], [ -49.1073235, -24.7640612 ], [ -49.1088852, -24.7631159 ], [ -49.1090188, -24.7615514 ], [ -49.1067151, -24.7602317 ], [ -49.1038056, -24.7554446 ], [ -49.1074132, -24.7515453 ], [ -49.1066209, -24.7489464 ], [ -49.1080624, -24.7460672 ], [ -49.1105774, -24.7440641 ], [ -49.1126929, -24.7371061 ], [ -49.1132394, -24.7323442 ], [ -49.1089695, -24.7280309 ], [ -49.1088922, -24.726772 ], [ -49.1130963, -24.7223848 ], [ -49.1164112, -24.7206471 ], [ -49.120848, -24.7193258 ], [ -49.1226377, -24.719917 ], [ -49.1274146, -24.7188263 ], [ -49.1280587, -24.7172485 ], [ -49.12664, -24.7148536 ], [ -49.1327042, -24.7126722 ], [ -49.1359997, -24.710275 ], [ -49.136802, -24.7091481 ], [ -49.1363152, -24.7065394 ], [ -49.1382701, -24.7060099 ], [ -49.1370294, -24.7042478 ], [ -49.1387484, -24.7013663 ], [ -49.139157, -24.6947497 ], [ -49.1366892, -24.6902468 ], [ -49.1354221, -24.6897511 ], [ -49.1336676, -24.6865898 ], [ -49.1325454, -24.6862329 ], [ -49.1315789, -24.6830214 ], [ -49.129819, -24.6819267 ], [ -49.1261732, -24.6841763 ], [ -49.1223742, -24.6824507 ], [ -49.1209789, -24.6829512 ], [ -49.1183472, -24.6862388 ], [ -49.1115946, -24.6883523 ], [ -49.1103419, -24.6880225 ], [ -49.1088747, -24.6858485 ], [ -49.1094278, -24.6810584 ], [ -49.1089408, -24.6765485 ], [ -49.1044047, -24.6745183 ], [ -49.1000938, -24.676325 ], [ -49.0980926, -24.6811586 ], [ -49.0970872, -24.6818741 ], [ -49.0852443, -24.6799337 ], [ -49.0843708, -24.6788532 ], [ -49.0844055, -24.6729752 ], [ -49.0832074, -24.672243 ], [ -49.0746749, -24.6734165 ], [ -49.0714056, -24.6777306 ], [ -49.0708464, -24.6823864 ], [ -49.0690677, -24.6848678 ], [ -49.0644047, -24.6860254 ], [ -49.0542077, -24.6823793 ], [ -49.047701, -24.6758893 ], [ -49.0448383, -24.6690381 ], [ -49.0455082, -24.6660999 ], [ -49.0373997, -24.6604197 ], [ -49.0375091, -24.6573875 ], [ -49.0392665, -24.6549958 ], [ -49.0395081, -24.6533647 ], [ -49.0345676, -24.65005 ], [ -49.0328746, -24.6419422 ], [ -49.033744, -24.6408551 ], [ -49.0350678, -24.6408212 ], [ -49.0385153, -24.643767 ], [ -49.0409828, -24.6432817 ], [ -49.0422869, -24.6405734 ], [ -49.0400336, -24.6368465 ], [ -49.0322088, -24.6338314 ], [ -49.0304794, -24.6343264 ], [ -49.0210912, -24.6419876 ], [ -49.0183748, -24.6426165 ], [ -49.0150367, -24.6418767 ], [ -49.0121106, -24.6396537 ], [ -49.0107557, -24.6366956 ], [ -49.0083629, -24.6345631 ], [ -49.0046777, -24.6332389 ], [ -49.0007099, -24.6353496 ], [ -48.9992665, -24.6378551 ], [ -49.000884, -24.638594 ], [ -49.004486, -24.637803 ], [ -49.0054025, -24.6391326 ], [ -49.0069738, -24.643429 ], [ -49.0073335, -24.6492206 ], [ -49.0106767, -24.6559755 ], [ -49.009427, -24.6603693 ], [ -49.0080373, -24.6604899 ], [ -49.0007072, -24.6553425 ], [ -48.9909288, -24.6552439 ], [ -48.989399, -24.6566429 ], [ -48.9889087, -24.6647412 ], [ -48.9878588, -24.6659022 ], [ -48.986348, -24.6649703 ], [ -48.978627, -24.6649743 ], [ -48.9744299, -24.6668335 ], [ -48.9754551, -24.6700826 ], [ -48.9749268, -24.671667 ], [ -48.9684945, -24.6732938 ], [ -48.9632894, -24.6732153 ], [ -48.9622021, -24.6741686 ], [ -48.9606193, -24.679593 ], [ -48.9610329, -24.6845132 ], [ -48.9584529, -24.6852832 ], [ -48.9551018, -24.6840877 ], [ -48.9495988, -24.6748469 ], [ -48.9480903, -24.6737153 ], [ -48.9424746, -24.6722761 ], [ -48.9334594, -24.6742693 ], [ -48.9310236, -24.675652 ], [ -48.922427, -24.6751869 ], [ -48.9152604, -24.6829124 ], [ -48.9126736, -24.6818691 ], [ -48.9101915, -24.6779471 ], [ -48.9112056, -24.6751846 ], [ -48.9127864, -24.6735082 ], [ -48.9122852, -24.6721955 ], [ -48.9099285, -24.6707158 ], [ -48.8906621, -24.6693134 ], [ -48.8849778, -24.6704397 ], [ -48.8784686, -24.6681917 ], [ -48.8695416, -24.6696744 ], [ -48.8653947, -24.6673262 ], [ -48.8595675, -24.6701691 ], [ -48.8538737, -24.6751457 ], [ -48.8519011, -24.6750054 ], [ -48.8478761, -24.6738782 ], [ -48.8472364, -24.6711191 ], [ -48.8481204, -24.6698177 ], [ -48.8563388, -24.6647032 ], [ -48.8591986, -24.6591008 ], [ -48.8585049, -24.6576999 ], [ -48.8550083, -24.6557069 ], [ -48.853309, -24.656163 ], [ -48.8497629, -24.6577894 ], [ -48.8443671, -24.6642131 ], [ -48.8404009, -24.6649768 ], [ -48.8353661, -24.660726 ], [ -48.8322833, -24.6568851 ], [ -48.8273144, -24.6544533 ], [ -48.8228368, -24.6552963 ], [ -48.8207877, -24.6572918 ], [ -48.8191442, -24.6635722 ], [ -48.8178155, -24.6643837 ], [ -48.8163637, -24.6641086 ], [ -48.8119239, -24.6741426 ], [ -48.8096793, -24.6758165 ], [ -48.8037867, -24.6766226 ], [ -48.800781, -24.6748605 ], [ -48.7955935, -24.6764469 ], [ -48.7946981, -24.6784787 ], [ -48.7882067, -24.6811894 ], [ -48.7865382, -24.6837615 ], [ -48.7845906, -24.6844423 ], [ -48.7821763, -24.6880581 ], [ -48.7808429, -24.6932069 ], [ -48.7786516, -24.6967322 ], [ -48.7752915, -24.6952382 ], [ -48.770475, -24.6959623 ], [ -48.7690558, -24.6952786 ], [ -48.7653361, -24.6897695 ], [ -48.7626293, -24.6872503 ], [ -48.7588721, -24.6802759 ], [ -48.7572865, -24.6798543 ], [ -48.7530864, -24.6823934 ], [ -48.7531696, -24.6877147 ], [ -48.7553718, -24.6901161 ], [ -48.7557462, -24.6927868 ], [ -48.75242, -24.6951801 ], [ -48.7502606, -24.6952444 ], [ -48.7447499, -24.6932497 ], [ -48.7419481, -24.6907287 ], [ -48.7399762, -24.686925 ], [ -48.7345363, -24.6844817 ], [ -48.7301199, -24.6870117 ], [ -48.726363, -24.6848167 ], [ -48.7216422, -24.6842822 ], [ -48.7185899, -24.6830148 ], [ -48.7107497, -24.6826874 ], [ -48.7074235, -24.6835942 ], [ -48.703812, -24.6803821 ], [ -48.7011426, -24.6803755 ], [ -48.7000061, -24.6816904 ], [ -48.6993946, -24.685315 ], [ -48.6925615, -24.693354 ], [ -48.6898911, -24.6938522 ], [ -48.6888384, -24.6925376 ], [ -48.6886981, -24.6907227 ], [ -48.6908424, -24.6839838 ], [ -48.6886164, -24.6803584 ], [ -48.6882825, -24.6774649 ], [ -48.6934699, -24.6734489 ], [ -48.6940875, -24.6706835 ], [ -48.6925072, -24.6687823 ], [ -48.6896682, -24.6678721 ], [ -48.684676, -24.670891 ], [ -48.6787241, -24.670888 ], [ -48.6769739, -24.6716112 ], [ -48.6762236, -24.6734212 ], [ -48.676892, -24.6753713 ], [ -48.6714732, -24.679302 ], [ -48.6749501, -24.684053 ], [ -48.6723665, -24.685998 ], [ -48.6721118, -24.6873087 ], [ -48.6728083, -24.6888459 ], [ -48.6770593, -24.6925268 ], [ -48.6736437, -24.6965931 ], [ -48.6718929, -24.6973143 ], [ -48.6715092, -24.6986691 ], [ -48.6760905, -24.6977643 ], [ -48.6771952, -24.6984111 ], [ -48.6750089, -24.7017925 ], [ -48.6712841, -24.7034692 ], [ -48.6685094, -24.7033701 ], [ -48.6644468, -24.7065382 ], [ -48.6604873, -24.7067569 ], [ -48.6593455, -24.7059818 ], [ -48.6611681, -24.7041362 ], [ -48.6608137, -24.6991355 ], [ -48.6577807, -24.6943107 ], [ -48.6584791, -24.6932642 ], [ -48.6581731, -24.692048 ], [ -48.6549788, -24.6909076 ], [ -48.6450606, -24.6898971 ], [ -48.6433691, -24.6891249 ], [ -48.641642, -24.6896675 ], [ -48.6407548, -24.6880345 ], [ -48.6410878, -24.686497 ], [ -48.6447848, -24.6830646 ], [ -48.6453145, -24.6815252 ], [ -48.6410647, -24.6801147 ], [ -48.6378107, -24.6776683 ], [ -48.6310607, -24.6773009 ], [ -48.6315655, -24.6786593 ], [ -48.6308122, -24.6798306 ], [ -48.6281735, -24.6805107 ], [ -48.6251184, -24.6788715 ], [ -48.6213114, -24.6740708 ], [ -48.6184471, -24.672161 ], [ -48.6166197, -24.6686732 ], [ -48.6153648, -24.6684042 ], [ -48.6132574, -24.6705263 ], [ -48.6114519, -24.6708837 ], [ -48.6073106, -24.6685668 ], [ -48.6040298, -24.6682968 ], [ -48.6011683, -24.669103 ], [ -48.5933722, -24.6742934 ], [ -48.5908935, -24.6768725 ], [ -48.590534, -24.6799021 ], [ -48.589253, -24.6805303 ], [ -48.5865283, -24.678579 ], [ -48.5846669, -24.6717862 ], [ -48.5820349, -24.6707016 ], [ -48.580751, -24.6715689 ], [ -48.5790289, -24.6855384 ], [ -48.575197, -24.6895134 ], [ -48.5722028, -24.6906386 ], [ -48.5708866, -24.6922195 ], [ -48.5711959, -24.6939436 ], [ -48.5683137, -24.6956129 ], [ -48.5675053, -24.6981023 ], [ -48.5691973, -24.7008116 ], [ -48.5647293, -24.7062374 ], [ -48.5616958, -24.7071477 ], [ -48.5600103, -24.7094443 ], [ -48.5601134, -24.7107091 ], [ -48.5579855, -24.7109229 ], [ -48.5521109, -24.7096096 ], [ -48.5512795, -24.7110179 ], [ -48.5524116, -24.7151958 ], [ -48.5518104, -24.7166178 ], [ -48.5509182, -24.7174343 ], [ -48.5445846, -24.7179601 ], [ -48.5460026, -24.7205948 ], [ -48.5457507, -24.7218548 ], [ -48.5425922, -24.7259712 ], [ -48.5377522, -24.7262632 ], [ -48.5306392, -24.7301345 ], [ -48.5291747, -24.7315898 ], [ -48.5317828, -24.7367666 ], [ -48.53084, -24.7383894 ], [ -48.5278614, -24.7392891 ], [ -48.5255896, -24.7372002 ], [ -48.5224747, -24.7360679 ], [ -48.5200637, -24.7376011 ], [ -48.5115024, -24.7405661 ], [ -48.5094728, -24.74015 ], [ -48.507675, -24.7383355 ], [ -48.5066181, -24.7358055 ], [ -48.5038059, -24.7349467 ], [ -48.5020887, -24.737388 ], [ -48.5003077, -24.7373481 ], [ -48.4993063, -24.7389676 ], [ -48.5031997, -24.7390928 ], [ -48.5039737, -24.7401382 ], [ -48.5040891, -24.7415375 ], [ -48.5018968, -24.7459757 ], [ -48.5076985, -24.7523722 ], [ -48.5074625, -24.7553173 ], [ -48.5084933, -24.7572269 ], [ -48.5081924, -24.7616925 ], [ -48.5067952, -24.7633141 ], [ -48.507292, -24.7647911 ], [ -48.5120854, -24.7639634 ], [ -48.5142531, -24.767092 ], [ -48.5167008, -24.7685602 ], [ -48.5178093, -24.7743981 ], [ -48.5158141, -24.7768275 ], [ -48.5156728, -24.7784164 ], [ -48.5167241, -24.7801821 ], [ -48.5273041, -24.7832231 ], [ -48.5308073, -24.7864462 ], [ -48.5344205, -24.7866515 ], [ -48.5365072, -24.7895475 ], [ -48.5488908, -24.7972137 ], [ -48.555754, -24.8062038 ], [ -48.5553936, -24.8101144 ], [ -48.5572572, -24.8129912 ], [ -48.559199, -24.8210908 ], [ -48.5557543, -24.8237931 ], [ -48.5613345, -24.8265329 ], [ -48.5622855, -24.8283947 ], [ -48.5622549, -24.8302019 ], [ -48.5644721, -24.8342807 ], [ -48.5639496, -24.8369441 ], [ -48.5661173, -24.8419293 ], [ -48.5668419, -24.8466371 ], [ -48.5678141, -24.8474996 ], [ -48.5644714, -24.8561736 ], [ -48.5646683, -24.8598352 ], [ -48.5666761, -24.8639577 ], [ -48.5651739, -24.8650392 ], [ -48.5637007, -24.8645348 ], [ -48.5497301, -24.8674963 ], [ -48.5486967, -24.8710646 ], [ -48.5468405, -24.8737703 ], [ -48.5493901, -24.8791638 ], [ -48.5470542, -24.8798277 ], [ -48.5454241, -24.877014 ], [ -48.5447856, -24.8789638 ], [ -48.5490052, -24.8823281 ], [ -48.5548636, -24.8817213 ], [ -48.5583439, -24.8845859 ], [ -48.5594349, -24.8892414 ], [ -48.5560909, -24.8928031 ], [ -48.5593072, -24.9011832 ], [ -48.5609235, -24.9006956 ], [ -48.5615654, -24.8976306 ], [ -48.5637247, -24.8949267 ], [ -48.5672841, -24.8939478 ], [ -48.5705628, -24.8941478 ], [ -48.5720602, -24.8950131 ], [ -48.5728345, -24.9028814 ], [ -48.5671436, -24.9038712 ], [ -48.5663982, -24.9112117 ], [ -48.5671711, -24.9143425 ], [ -48.5664292, -24.9167996 ], [ -48.5676805, -24.9164358 ], [ -48.571496, -24.9175131 ], [ -48.5730552, -24.9155759 ], [ -48.5748629, -24.9168243 ], [ -48.5752263, -24.9153396 ], [ -48.5768276, -24.9149242 ], [ -48.5784671, -24.9163059 ], [ -48.5773342, -24.9171317 ], [ -48.5758858, -24.9204952 ], [ -48.5798111, -24.9234333 ], [ -48.5799745, -24.9245869 ], [ -48.5790706, -24.9253166 ], [ -48.5852707, -24.9238957 ], [ -48.5876714, -24.9279667 ], [ -48.5887351, -24.9277738 ], [ -48.5885744, -24.9255383 ], [ -48.5910869, -24.9239549 ], [ -48.5913748, -24.9253453 ], [ -48.594477, -24.9241441 ], [ -48.5976495, -24.9258196 ], [ -48.5997169, -24.9243307 ], [ -48.6023848, -24.9244729 ], [ -48.6035641, -24.9237845 ], [ -48.6029071, -24.9270545 ], [ -48.6052801, -24.9278711 ], [ -48.6079366, -24.926595 ], [ -48.6079728, -24.9238562 ], [ -48.6110209, -24.9255261 ], [ -48.6135965, -24.9253317 ], [ -48.6145413, -24.9263622 ], [ -48.6161142, -24.9253728 ], [ -48.6242475, -24.927193 ], [ -48.6294886, -24.9239363 ], [ -48.6306985, -24.9271691 ], [ -48.6332757, -24.9279881 ], [ -48.6360023, -24.9297909 ], [ -48.6363453, -24.931248 ], [ -48.6390565, -24.9324498 ], [ -48.6386419, -24.9361599 ], [ -48.6418665, -24.938138 ], [ -48.642605, -24.9412162 ], [ -48.6454943, -24.9403052 ], [ -48.6497136, -24.9444649 ], [ -48.6551045, -24.9347248 ], [ -48.6586352, -24.9332027 ], [ -48.6638547, -24.9361437 ], [ -48.6670305, -24.934624 ], [ -48.6691821, -24.9301114 ], [ -48.6724151, -24.9300187 ], [ -48.6726344, -24.9269063 ], [ -48.6690592, -24.9234489 ], [ -48.6702255, -24.9211931 ], [ -48.6759061, -24.9212199 ], [ -48.684569, -24.9178298 ], [ -48.6878179, -24.920357 ], [ -48.6890203, -24.9188414 ], [ -48.6900575, -24.9188206 ], [ -48.6905943, -24.921038 ], [ -48.6917814, -24.9212413 ], [ -48.6937842, -24.9195191 ], [ -48.6943149, -24.9203571 ], [ -48.6954166, -24.9201495 ], [ -48.6970393, -24.9162001 ], [ -48.6991565, -24.914696 ], [ -48.701446, -24.91467 ], [ -48.7021659, -24.9206435 ], [ -48.7040622, -24.9225373 ], [ -48.7064359, -24.920503 ], [ -48.705522, -24.9188709 ], [ -48.7080482, -24.9169743 ], [ -48.7127629, -24.9159293 ], [ -48.7132712, -24.9128458 ], [ -48.7151035, -24.9115782 ], [ -48.7150298, -24.9084804 ], [ -48.7139647, -24.9067458 ], [ -48.7147024, -24.9057555 ], [ -48.7133415, -24.9039915 ], [ -48.7145752, -24.9016142 ], [ -48.7174506, -24.9005283 ], [ -48.717885, -24.8986107 ], [ -48.7168234, -24.8970986 ], [ -48.7174558, -24.8951826 ], [ -48.7164838, -24.8942859 ], [ -48.7171305, -24.893313 ], [ -48.7183859, -24.8933717 ], [ -48.7175739, -24.8924383 ], [ -48.7192402, -24.8920136 ], [ -48.7193816, -24.8906025 ], [ -48.721657, -24.8888534 ], [ -48.7200765, -24.8881737 ], [ -48.7206851, -24.8867899 ], [ -48.7193171, -24.8866336 ], [ -48.7183983, -24.8842343 ], [ -48.718442, -24.8830241 ], [ -48.7202873, -24.8819504 ], [ -48.7192922, -24.880807 ], [ -48.7187419, -24.8775448 ], [ -48.722076, -24.8745789 ], [ -48.7286222, -24.8712948 ], [ -48.7307662, -24.8683362 ], [ -48.8380139, -24.8684712 ], [ -48.8392337, -24.8666683 ], [ -48.8366433, -24.866335 ], [ -48.8378073, -24.8648238 ], [ -48.8351077, -24.865234 ], [ -48.8324567, -24.8629574 ], [ -48.8320968, -24.8602123 ], [ -48.833647, -24.8588207 ], [ -48.8319756, -24.8582021 ], [ -48.8335051, -24.8566657 ], [ -48.8346422, -24.8570119 ], [ -48.8339961, -24.8555265 ], [ -48.8348304, -24.8552518 ], [ -48.8347598, -24.8534045 ], [ -48.8400899, -24.8522322 ], [ -48.8401743, -24.8498463 ], [ -48.8414752, -24.8476807 ], [ -48.8439761, -24.8469204 ], [ -48.8447753, -24.8448418 ], [ -48.8468755, -24.8436643 ], [ -48.8465508, -24.8420189 ], [ -48.8494193, -24.8393866 ], [ -48.8481329, -24.8365557 ], [ -48.8487104, -24.8353078 ], [ -48.8481759, -24.8341603 ], [ -48.8524726, -24.8304767 ], [ -48.8507683, -24.8304443 ], [ -48.8511313, -24.8276826 ], [ -48.8524825, -24.8279703 ] ] ] } },
{ "type": "Feature", "properties": { "municipio": "Quitandinha", "municipio_norm": "QUITANDINHA", "uf": "Paraná", "uf_sigla": "PR", "uf_norm": "PARANA", "cod_municipio": "4121208" }, "geometry": { "type": "Polygon", "coordinates": [ [ [ -49.4658507, -26.0248757 ], [ -49.4667627, -26.0287339 ], [ -49.4691263, -26.0317384 ], [ -49.4720373, -26.0303908 ], [ -49.4740081, -26.0275695 ], [ -49.4739194, -26.0239218 ], [ -49.4758936, -26.0180692 ], [ -49.4800539, -26.0165828 ], [ -49.4828813, -26.0120576 ], [ -49.4836508, -26.012687 ], [ -49.4843952, -26.011703 ], [ -49.4844981, -26.0090954 ], [ -49.4870642, -26.0069718 ], [ -49.4879945, -26.00938 ], [ -49.4915537, -26.0122268 ], [ -49.4922039, -26.0113263 ], [ -49.4954971, -26.0127684 ], [ -49.4967978, -26.0115845 ], [ -49.5017073, -26.0160631 ], [ -49.5038604, -26.0158786 ], [ -49.5053246, -26.0140736 ], [ -49.5064795, -26.0147706 ], [ -49.5079174, -26.0137855 ], [ -49.5085909, -26.0147082 ], [ -49.5132068, -26.0130007 ], [ -49.5142299, -26.0116477 ], [ -49.5156094, -26.0114057 ], [ -49.5157798, -26.0089236 ], [ -49.5167118, -26.0093056 ], [ -49.5190593, -26.0081304 ], [ -49.5197684, -26.0063568 ], [ -49.519273, -26.0057703 ], [ -49.5207963, -26.0028498 ], [ -49.5276265, -25.9965002 ], [ -49.5302612, -25.9922733 ], [ -49.5292817, -25.9846852 ], [ -49.5370283, -25.9736379 ], [ -49.537889, -25.9676786 ], [ -49.5372801, -25.9613488 ], [ -49.5394656, -25.9584249 ], [ -49.5409092, -25.9504599 ], [ -49.5399617, -25.946873 ], [ -49.5422678, -25.9392057 ], [ -49.5465516, -25.9376542 ], [ -49.546776, -25.9406315 ], [ -49.5481856, -25.9417415 ], [ -49.548831, -25.9406513 ], [ -49.5520646, -25.9430893 ], [ -49.5528089, -25.9424769 ], [ -49.5524048, -25.9411888 ], [ -49.5572063, -25.9402123 ], [ -49.5589105, -25.9385617 ], [ -49.5608976, -25.935416 ], [ -49.5603977, -25.9332186 ], [ -49.5619273, -25.9329969 ], [ -49.5617443, -25.9306353 ], [ -49.5646608, -25.9274936 ], [ -49.5679885, -25.928352 ], [ -49.5700233, -25.927332 ], [ -49.5739049, -25.9274306 ], [ -49.5777413, -25.9250247 ], [ -49.5816314, -25.9249179 ], [ -49.5845185, -25.9233227 ], [ -49.588304, -25.9240657 ], [ -49.5888022, -25.9254341 ], [ -49.5911567, -25.9263075 ], [ -49.5911036, -25.9288304 ], [ -49.5933597, -25.9291043 ], [ -49.5955999, -25.9276848 ], [ -49.5959468, -25.9249932 ], [ -49.5968276, -25.9269544 ], [ -49.5982025, -25.9263482 ], [ -49.5978078, -25.9241523 ], [ -49.5991955, -25.9224771 ], [ -49.599981, -25.9228667 ], [ -49.5999996, -25.9212923 ], [ -49.6015354, -25.920546 ], [ -49.6004856, -25.9202268 ], [ -49.6000301, -25.9186984 ], [ -49.6006658, -25.9184167 ], [ -49.6006905, -25.9162759 ], [ -49.5996989, -25.9155755 ], [ -49.6018104, -25.9149754 ], [ -49.6021539, -25.9126937 ], [ -49.6006355, -25.9120342 ], [ -49.6006022, -25.9103231 ], [ -49.6016087, -25.9097625 ], [ -49.6006196, -25.9089406 ], [ -49.6017005, -25.9065929 ], [ -49.6001436, -25.9047691 ], [ -49.6017812, -25.9040708 ], [ -49.6024283, -25.9026723 ], [ -49.6017142, -25.9009027 ], [ -49.6038847, -25.8997818 ], [ -49.6037484, -25.8979928 ], [ -49.6046933, -25.8980944 ], [ -49.604548, -25.8971917 ], [ -49.605929, -25.8960613 ], [ -49.6083373, -25.8970603 ], [ -49.6097073, -25.8967891 ], [ -49.6100134, -25.8977443 ], [ -49.6150714, -25.8972447 ], [ -49.6159437, -25.8992532 ], [ -49.6165317, -25.8984736 ], [ -49.6182138, -25.8985378 ], [ -49.6189746, -25.8965443 ], [ -49.6205466, -25.8971278 ], [ -49.6206683, -25.8957259 ], [ -49.6222469, -25.8956464 ], [ -49.6236515, -25.8925199 ], [ -49.625437, -25.892461 ], [ -49.629676, -25.8948834 ], [ -49.631738, -25.8938768 ], [ -49.6324002, -25.8914081 ], [ -49.6364486, -25.8916604 ], [ -49.6389951, -25.8897798 ], [ -49.6421543, -25.8905908 ], [ -49.6428922, -25.8895561 ], [ -49.6432309, -25.8921296 ], [ -49.6459197, -25.8936248 ], [ -49.6471084, -25.8925242 ], [ -49.6495716, -25.8921447 ], [ -49.6479472, -25.8914618 ], [ -49.6490129, -25.8902305 ], [ -49.648938, -25.8890353 ], [ -49.6501702, -25.8903372 ], [ -49.6504339, -25.8890548 ], [ -49.6527522, -25.8893557 ], [ -49.6518737, -25.8885086 ], [ -49.6527632, -25.8878315 ], [ -49.6527487, -25.8855614 ], [ -49.6512201, -25.8856418 ], [ -49.6505181, -25.8847496 ], [ -49.652937, -25.8844273 ], [ -49.6533348, -25.885396 ], [ -49.6540291, -25.8851132 ], [ -49.6541616, -25.8838683 ], [ -49.6529692, -25.8829253 ], [ -49.6553919, -25.8803469 ], [ -49.6550054, -25.8790992 ], [ -49.6567205, -25.8801623 ], [ -49.6570845, -25.8781044 ], [ -49.6576114, -25.8793888 ], [ -49.6588351, -25.878226 ], [ -49.6608354, -25.8790804 ], [ -49.6613757, -25.8784758 ], [ -49.6607496, -25.8779615 ], [ -49.6628417, -25.8773995 ], [ -49.6629859, -25.8788356 ], [ -49.6651957, -25.8793141 ], [ -49.6657655, -25.8777084 ], [ -49.6673494, -25.8776411 ], [ -49.6711045, -25.8755247 ], [ -49.6725292, -25.875441 ], [ -49.671752, -25.8764657 ], [ -49.6738724, -25.8770415 ], [ -49.6759197, -25.8787198 ], [ -49.6782743, -25.8759128 ], [ -49.679971, -25.8769913 ], [ -49.6806381, -25.876193 ], [ -49.6789486, -25.8752985 ], [ -49.6805552, -25.8748777 ], [ -49.6796632, -25.8734681 ], [ -49.6783935, -25.8739557 ], [ -49.6773739, -25.8721052 ], [ -49.6762167, -25.8719456 ], [ -49.6778136, -25.8708325 ], [ -49.6778781, -25.8698009 ], [ -49.6756842, -25.8710792 ], [ -49.6745918, -25.8701024 ], [ -49.6727541, -25.8702631 ], [ -49.6723824, -25.8693969 ], [ -49.6731093, -25.8681625 ], [ -49.6717182, -25.8682301 ], [ -49.6714022, -25.8662772 ], [ -49.6705827, -25.8672611 ], [ -49.6690383, -25.865568 ], [ -49.6674682, -25.8656213 ], [ -49.6678681, -25.8641005 ], [ -49.6662119, -25.8642962 ], [ -49.6654244, -25.8653297 ], [ -49.6642393, -25.8637788 ], [ -49.6621085, -25.8642046 ], [ -49.6604209, -25.865476 ], [ -49.6625819, -25.8654279 ], [ -49.6613469, -25.8663605 ], [ -49.6614482, -25.8681197 ], [ -49.6601587, -25.8666666 ], [ -49.6582201, -25.8664222 ], [ -49.6573904, -25.8654991 ], [ -49.6550541, -25.8654014 ], [ -49.653919, -25.8667127 ], [ -49.6520762, -25.8643438 ], [ -49.651432, -25.8646264 ], [ -49.6518021, -25.8656692 ], [ -49.6498939, -25.8659275 ], [ -49.6480421, -25.862177 ], [ -49.6477742, -25.8638187 ], [ -49.6464681, -25.8628246 ], [ -49.6483606, -25.8615756 ], [ -49.647832, -25.8608282 ], [ -49.6455399, -25.862276 ], [ -49.6436922, -25.861107 ], [ -49.643245, -25.8599106 ], [ -49.6426673, -25.8608817 ], [ -49.6418479, -25.8607986 ], [ -49.6419212, -25.8642084 ], [ -49.640793, -25.8663884 ], [ -49.6395171, -25.8652239 ], [ -49.6387467, -25.8671173 ], [ -49.6370238, -25.866843 ], [ -49.6379118, -25.8677788 ], [ -49.6360954, -25.8677928 ], [ -49.635365, -25.8662401 ], [ -49.6361385, -25.8648865 ], [ -49.6354479, -25.8646369 ], [ -49.6343638, -25.8658838 ], [ -49.6328796, -25.8656366 ], [ -49.6306497, -25.8630855 ], [ -49.6301937, -25.8639999 ], [ -49.629132, -25.8634742 ], [ -49.6269344, -25.8602393 ], [ -49.6248216, -25.8598487 ], [ -49.6239969, -25.8610718 ], [ -49.6233576, -25.8594875 ], [ -49.62217, -25.8603465 ], [ -49.6216617, -25.8591094 ], [ -49.6203484, -25.860289 ], [ -49.6218297, -25.8614796 ], [ -49.6198045, -25.8619358 ], [ -49.618612, -25.8599799 ], [ -49.617008, -25.8607326 ], [ -49.6171683, -25.8582597 ], [ -49.6144072, -25.8581548 ], [ -49.6146294, -25.857083 ], [ -49.6074607, -25.8566478 ], [ -49.6071478, -25.8551509 ], [ -49.6089638, -25.855248 ], [ -49.6090362, -25.8542898 ], [ -49.6077325, -25.8546171 ], [ -49.6059514, -25.8531983 ], [ -49.6070556, -25.8531109 ], [ -49.606724, -25.8517954 ], [ -49.6048294, -25.851612 ], [ -49.6059372, -25.8504012 ], [ -49.6044031, -25.8501855 ], [ -49.6037245, -25.8488892 ], [ -49.6025872, -25.8486846 ], [ -49.6018515, -25.847583 ], [ -49.6024513, -25.8458883 ], [ -49.6005129, -25.8456756 ], [ -49.5989214, -25.8464186 ], [ -49.5996213, -25.8473263 ], [ -49.5982751, -25.8476433 ], [ -49.5957346, -25.8472493 ], [ -49.5943447, -25.8459468 ], [ -49.5943486, -25.8477768 ], [ -49.5916233, -25.8465275 ], [ -49.5919869, -25.8482134 ], [ -49.5884388, -25.848933 ], [ -49.5857058, -25.8471923 ], [ -49.5830414, -25.8467772 ], [ -49.5814183, -25.8449846 ], [ -49.5772403, -25.846056 ], [ -49.5767451, -25.8479095 ], [ -49.5759795, -25.8480178 ], [ -49.5766051, -25.8462817 ], [ -49.5761549, -25.8452139 ], [ -49.5751196, -25.8462915 ], [ -49.5731883, -25.8449003 ], [ -49.5713405, -25.8452558 ], [ -49.5713268, -25.8437778 ], [ -49.5685414, -25.8442534 ], [ -49.572284, -25.8407527 ], [ -49.5719115, -25.8391538 ], [ -49.5712086, -25.8405253 ], [ -49.5670355, -25.8399181 ], [ -49.5676482, -25.8414963 ], [ -49.5662059, -25.8429966 ], [ -49.5644823, -25.8428351 ], [ -49.5628834, -25.8452631 ], [ -49.5583608, -25.847191 ], [ -49.5546225, -25.8457345 ], [ -49.5495224, -25.845757 ], [ -49.5482945, -25.8471475 ], [ -49.5471475, -25.8459024 ], [ -49.5460623, -25.8467602 ], [ -49.545476, -25.8441917 ], [ -49.5434257, -25.8439055 ], [ -49.5421766, -25.8426681 ], [ -49.5400785, -25.8386884 ], [ -49.5362612, -25.837356 ], [ -49.5345058, -25.8353877 ], [ -49.5345831, -25.8335458 ], [ -49.5361668, -25.8326457 ], [ -49.5371869, -25.8294813 ], [ -49.5351426, -25.827051 ], [ -49.535716, -25.8260794 ], [ -49.5338317, -25.8258207 ], [ -49.5326189, -25.8220059 ], [ -49.5286295, -25.8172526 ], [ -49.5290573, -25.816254 ], [ -49.5282737, -25.8162615 ], [ -49.5265752, -25.8140372 ], [ -49.5276227, -25.8134594 ], [ -49.5269588, -25.8127282 ], [ -49.5258831, -25.8118798 ], [ -49.5234291, -25.8123405 ], [ -49.5188292, -25.8103008 ], [ -49.5190855, -25.8066248 ], [ -49.5155837, -25.8040215 ], [ -49.5141593, -25.8044606 ], [ -49.5128755, -25.8032093 ], [ -49.5126674, -25.8010308 ], [ -49.5115108, -25.8002952 ], [ -49.5092584, -25.800151 ], [ -49.5094175, -25.8009064 ], [ -49.5086851, -25.8007496 ], [ -49.5084082, -25.8015014 ], [ -49.5078173, -25.8007417 ], [ -49.5067597, -25.8014551 ], [ -49.5057013, -25.8006585 ], [ -49.50222, -25.8003213 ], [ -49.4964617, -25.7954579 ], [ -49.491927, -25.7927519 ], [ -49.4909189, -25.793291 ], [ -49.4909175, -25.7953802 ], [ -49.4886323, -25.7969185 ], [ -49.4869404, -25.7963886 ], [ -49.4844342, -25.7969659 ], [ -49.482085, -25.800185 ], [ -49.4805767, -25.7995212 ], [ -49.4768428, -25.8004783 ], [ -49.4747317, -25.7987956 ], [ -49.4734041, -25.7964283 ], [ -49.4722111, -25.7960534 ], [ -49.4719992, -25.7941234 ], [ -49.4708582, -25.7929889 ], [ -49.4692009, -25.7923383 ], [ -49.4675607, -25.7927576 ], [ -49.4659928, -25.7912025 ], [ -49.4662096, -25.7897264 ], [ -49.4640018, -25.7904866 ], [ -49.4639439, -25.7943342 ], [ -49.4618472, -25.795369 ], [ -49.4598966, -25.7934632 ], [ -49.4588915, -25.7939193 ], [ -49.4552729, -25.7865013 ], [ -49.4528793, -25.7893275 ], [ -49.4537304, -25.7904234 ], [ -49.4539097, -25.7933523 ], [ -49.4522243, -25.7942231 ], [ -49.4524691, -25.7958848 ], [ -49.4514902, -25.797974 ], [ -49.4490195, -25.796314 ], [ -49.4480508, -25.7990504 ], [ -49.4449179, -25.794622 ], [ -49.4429338, -25.7940402 ], [ -49.4411855, -25.7913955 ], [ -49.4389443, -25.7924731 ], [ -49.4360837, -25.7920638 ], [ -49.4329874, -25.7884381 ], [ -49.43187, -25.7910381 ], [ -49.4303811, -25.7908401 ], [ -49.4297962, -25.7896255 ], [ -49.4285911, -25.7900669 ], [ -49.427863, -25.7895144 ], [ -49.4274903, -25.7881812 ], [ -49.4236506, -25.7878102 ], [ -49.4227396, -25.7852746 ], [ -49.4214559, -25.7849307 ], [ -49.4197167, -25.7866489 ], [ -49.4189228, -25.7905058 ], [ -49.4179711, -25.7908137 ], [ -49.4180158, -25.7923988 ], [ -49.4162824, -25.7942487 ], [ -49.4152893, -25.7936625 ], [ -49.4144586, -25.7910663 ], [ -49.4133753, -25.7914997 ], [ -49.4119863, -25.7943522 ], [ -49.4120442, -25.7919209 ], [ -49.4104654, -25.7906911 ], [ -49.4084754, -25.7919734 ], [ -49.4063533, -25.7904255 ], [ -49.4059746, -25.7914469 ], [ -49.4050827, -25.7906972 ], [ -49.4043728, -25.7920801 ], [ -49.4006532, -25.7934276 ], [ -49.3965547, -25.7924469 ], [ -49.3943245, -25.7935394 ], [ -49.3908463, -25.7938034 ], [ -49.3897009, -25.7932627 ], [ -49.3873294, -25.7892493 ], [ -49.3850451, -25.7850224 ], [ -49.3850884, -25.7835707 ], [ -49.3834969, -25.7857895 ], [ -49.3804275, -25.7848825 ], [ -49.3699161, -25.7882244 ], [ -49.3709307, -25.7915581 ], [ -49.3697557, -25.7950618 ], [ -49.3713482, -25.7990327 ], [ -49.3701154, -25.8039922 ], [ -49.374762, -25.8107652 ], [ -49.3772179, -25.8130447 ], [ -49.3773484, -25.8139209 ], [ -49.375748, -25.814634 ], [ -49.3758054, -25.8156717 ], [ -49.3767243, -25.8163945 ], [ -49.3796666, -25.8158429 ], [ -49.3807066, -25.8169406 ], [ -49.3809298, -25.8189511 ], [ -49.3833261, -25.8199982 ], [ -49.3844093, -25.8222467 ], [ -49.3878768, -25.8236943 ], [ -49.3883, -25.8267777 ], [ -49.3869828, -25.8276206 ], [ -49.3882423, -25.8298062 ], [ -49.3900965, -25.8288056 ], [ -49.3898606, -25.827863 ], [ -49.3909989, -25.8283612 ], [ -49.3900164, -25.833517 ], [ -49.3911503, -25.8357491 ], [ -49.3888525, -25.8363736 ], [ -49.3887995, -25.8375061 ], [ -49.3906778, -25.8402329 ], [ -49.3950426, -25.8415935 ], [ -49.395484, -25.8432848 ], [ -49.3941762, -25.8447586 ], [ -49.3958687, -25.8479056 ], [ -49.3959703, -25.8523607 ], [ -49.3971798, -25.8528584 ], [ -49.3983012, -25.8519975 ], [ -49.3986655, -25.8541079 ], [ -49.4007308, -25.856219 ], [ -49.3997799, -25.8577006 ], [ -49.400739, -25.8583254 ], [ -49.4026863, -25.8584599 ], [ -49.4046271, -25.8552089 ], [ -49.4078232, -25.8556503 ], [ -49.4103773, -25.8547057 ], [ -49.4103888, -25.8578653 ], [ -49.409745, -25.85789 ], [ -49.4109142, -25.8586818 ], [ -49.4101801, -25.8600333 ], [ -49.4109321, -25.8614191 ], [ -49.4108561, -25.8624536 ], [ -49.4098351, -25.8630925 ], [ -49.4112417, -25.8647944 ], [ -49.4107061, -25.866227 ], [ -49.4136233, -25.8677189 ], [ -49.4137145, -25.8688208 ], [ -49.4160009, -25.8704162 ], [ -49.4168942, -25.8732099 ], [ -49.4178513, -25.872623 ], [ -49.4185136, -25.8738285 ], [ -49.4195145, -25.873969 ], [ -49.4212933, -25.8721413 ], [ -49.4233552, -25.8718234 ], [ -49.4244196, -25.869829 ], [ -49.4267624, -25.8699658 ], [ -49.4281741, -25.8714398 ], [ -49.4283983, -25.873417 ], [ -49.4271843, -25.8746851 ], [ -49.4275577, -25.8760814 ], [ -49.4294875, -25.8762655 ], [ -49.429505, -25.8791001 ], [ -49.430243, -25.8799503 ], [ -49.431673, -25.8802268 ], [ -49.432553, -25.8814345 ], [ -49.434289, -25.8813386 ], [ -49.4338947, -25.8841864 ], [ -49.4352667, -25.8859195 ], [ -49.4339157, -25.8865681 ], [ -49.4337636, -25.8899685 ], [ -49.4353004, -25.8913924 ], [ -49.4348092, -25.8934624 ], [ -49.4366398, -25.8932226 ], [ -49.4390079, -25.8967319 ], [ -49.4415226, -25.8974234 ], [ -49.4408075, -25.8973496 ], [ -49.4413362, -25.8980374 ], [ -49.4405799, -25.8982542 ], [ -49.4413282, -25.8999307 ], [ -49.4400383, -25.9000803 ], [ -49.4400251, -25.9037401 ], [ -49.4431245, -25.9063165 ], [ -49.442495, -25.9093084 ], [ -49.4436816, -25.9088366 ], [ -49.4456313, -25.9101256 ], [ -49.445637, -25.9113014 ], [ -49.4464558, -25.9117973 ], [ -49.4455142, -25.9124669 ], [ -49.4468497, -25.9143285 ], [ -49.4464606, -25.9152793 ], [ -49.4484647, -25.9153664 ], [ -49.4484346, -25.9177312 ], [ -49.4504942, -25.9204253 ], [ -49.4490854, -25.9213487 ], [ -49.4497169, -25.9223279 ], [ -49.4472325, -25.9247797 ], [ -49.4434857, -25.9251775 ], [ -49.4448724, -25.9258399 ], [ -49.4437023, -25.9277725 ], [ -49.4395652, -25.9251833 ], [ -49.4388752, -25.9258246 ], [ -49.4369639, -25.9255286 ], [ -49.4359732, -25.9273631 ], [ -49.4371473, -25.9278946 ], [ -49.4369457, -25.929572 ], [ -49.4357214, -25.9287389 ], [ -49.4361721, -25.929844 ], [ -49.4338355, -25.9306291 ], [ -49.4349234, -25.930884 ], [ -49.4348342, -25.9322118 ], [ -49.4337661, -25.93178 ], [ -49.4320269, -25.9332838 ], [ -49.4332913, -25.9365198 ], [ -49.433164, -25.9379779 ], [ -49.4317124, -25.9396132 ], [ -49.428114, -25.9366749 ], [ -49.4297275, -25.9351185 ], [ -49.4264119, -25.9342745 ], [ -49.4260997, -25.9334621 ], [ -49.4273445, -25.9326833 ], [ -49.4257461, -25.9317573 ], [ -49.4238309, -25.933032 ], [ -49.4247212, -25.9333339 ], [ -49.4248951, -25.9349069 ], [ -49.424441, -25.9369087 ], [ -49.4231873, -25.9370917 ], [ -49.4233848, -25.9382609 ], [ -49.4217949, -25.9379676 ], [ -49.4210584, -25.9394172 ], [ -49.4185385, -25.9378351 ], [ -49.4166081, -25.9389309 ], [ -49.4164097, -25.9376337 ], [ -49.4151133, -25.9381702 ], [ -49.4153957, -25.9371206 ], [ -49.4140447, -25.9364906 ], [ -49.4127825, -25.9371237 ], [ -49.4124016, -25.9360496 ], [ -49.411438, -25.9359119 ], [ -49.410827, -25.936034 ], [ -49.4110483, -25.9368932 ], [ -49.4100647, -25.9370135 ], [ -49.4100595, -25.9385357 ], [ -49.4089153, -25.938523 ], [ -49.4092332, -25.9400329 ], [ -49.4075545, -25.9397888 ], [ -49.4067078, -25.941398 ], [ -49.4049989, -25.9393873 ], [ -49.4034869, -25.9400178 ], [ -49.4033939, -25.9389167 ], [ -49.4016111, -25.9383441 ], [ -49.4021742, -25.9377872 ], [ -49.4006883, -25.9364393 ], [ -49.401632, -25.9354468 ], [ -49.398986, -25.9338784 ], [ -49.3993245, -25.9326505 ], [ -49.398321, -25.9326403 ], [ -49.3968359, -25.9353272 ], [ -49.3955002, -25.9334346 ], [ -49.3950895, -25.9360042 ], [ -49.3919787, -25.932959 ], [ -49.3910981, -25.9332571 ], [ -49.3910756, -25.9349085 ], [ -49.3902154, -25.9349641 ], [ -49.3887197, -25.9324646 ], [ -49.3873558, -25.9332959 ], [ -49.3864126, -25.9315355 ], [ -49.3834647, -25.9336894 ], [ -49.382692, -25.9325802 ], [ -49.3818264, -25.9330544 ], [ -49.382023, -25.9317302 ], [ -49.3806044, -25.9321184 ], [ -49.378704, -25.9296023 ], [ -49.377013, -25.9302637 ], [ -49.3779461, -25.9313591 ], [ -49.3756805, -25.9346064 ], [ -49.3701073, -25.9324228 ], [ -49.3701716, -25.9343516 ], [ -49.3741102, -25.9369544 ], [ -49.3734529, -25.9392008 ], [ -49.3740097, -25.9403391 ], [ -49.3730071, -25.9403297 ], [ -49.373058, -25.9417861 ], [ -49.3716026, -25.9421406 ], [ -49.373096, -25.943034 ], [ -49.3726399, -25.9442752 ], [ -49.3701332, -25.9435683 ], [ -49.3699027, -25.9421071 ], [ -49.3683916, -25.9426075 ], [ -49.3667085, -25.9414062 ], [ -49.3673904, -25.9438123 ], [ -49.3658729, -25.9448314 ], [ -49.3643272, -25.9439227 ], [ -49.3647098, -25.9447375 ], [ -49.3637395, -25.9450497 ], [ -49.3634647, -25.9467317 ], [ -49.3618732, -25.946634 ], [ -49.3635749, -25.9478189 ], [ -49.3624078, -25.9493283 ], [ -49.3639986, -25.9496223 ], [ -49.3616951, -25.9504054 ], [ -49.360718, -25.9534594 ], [ -49.3617913, -25.9536027 ], [ -49.3627431, -25.9554951 ], [ -49.3651854, -25.9547425 ], [ -49.3682238, -25.9586076 ], [ -49.3691661, -25.9577116 ], [ -49.3696706, -25.9582493 ], [ -49.3707799, -25.9577307 ], [ -49.3721705, -25.958729 ], [ -49.3707796, -25.9630139 ], [ -49.3678762, -25.9661416 ], [ -49.3723325, -25.9666 ], [ -49.3753291, -25.9691214 ], [ -49.3731105, -25.9712216 ], [ -49.3734568, -25.9719218 ], [ -49.372273, -25.9723479 ], [ -49.3735354, -25.9732052 ], [ -49.3719943, -25.9742821 ], [ -49.3724759, -25.9746641 ], [ -49.3718931, -25.9752832 ], [ -49.3733236, -25.9752919 ], [ -49.3729925, -25.9761939 ], [ -49.3737029, -25.9761958 ], [ -49.3741862, -25.9781165 ], [ -49.3717669, -25.9818866 ], [ -49.3730318, -25.9850501 ], [ -49.3742884, -25.9860828 ], [ -49.3728778, -25.989051 ], [ -49.3774528, -25.9884421 ], [ -49.3760406, -25.9902806 ], [ -49.3765431, -25.9928072 ], [ -49.3742545, -25.9947682 ], [ -49.3746146, -25.9965444 ], [ -49.3730502, -25.9969836 ], [ -49.3732578, -25.9979577 ], [ -49.3720677, -25.9990727 ], [ -49.3721846, -26.0016185 ], [ -49.3735492, -26.0023503 ], [ -49.3740697, -26.0046216 ], [ -49.3767121, -26.006767 ], [ -49.3752507, -26.010284 ], [ -49.3766943, -26.0119587 ], [ -49.376477, -26.013012 ], [ -49.3752829, -26.0124181 ], [ -49.3740833, -26.0143048 ], [ -49.3737919, -26.0158701 ], [ -49.3745451, -26.0171292 ], [ -49.3733235, -26.018735 ], [ -49.3734895, -26.0210743 ], [ -49.3753313, -26.0213917 ], [ -49.3742624, -26.0226214 ], [ -49.3754911, -26.0239154 ], [ -49.3745281, -26.025553 ], [ -49.3747992, -26.0271245 ], [ -49.3720235, -26.0280033 ], [ -49.372165, -26.0301779 ], [ -49.3695223, -26.0312311 ], [ -49.3693338, -26.0332771 ], [ -49.3693624, -26.0349382 ], [ -49.3712681, -26.0388735 ], [ -49.3725601, -26.0397561 ], [ -49.3720723, -26.0431347 ], [ -49.3736588, -26.0461401 ], [ -49.3736652, -26.0534737 ], [ -49.3762457, -26.056963 ], [ -49.3763507, -26.0592274 ], [ -49.3755106, -26.0596861 ], [ -49.3783861, -26.0602572 ], [ -49.3863172, -26.0560413 ], [ -49.3853312, -26.0545406 ], [ -49.3856659, -26.0534271 ], [ -49.3929383, -26.0522246 ], [ -49.3937316, -26.0514734 ], [ -49.3949331, -26.0484461 ], [ -49.3942811, -26.0444636 ], [ -49.3960686, -26.0441889 ], [ -49.3981656, -26.039783 ], [ -49.3978582, -26.0354754 ], [ -49.4027662, -26.0364412 ], [ -49.4072696, -26.0334312 ], [ -49.4094493, -26.0346524 ], [ -49.4131479, -26.0350228 ], [ -49.4169812, -26.0378394 ], [ -49.4170119, -26.0406952 ], [ -49.4184073, -26.0424491 ], [ -49.4185121, -26.0448928 ], [ -49.419495, -26.046558 ], [ -49.4218018, -26.046913 ], [ -49.4229703, -26.0451491 ], [ -49.4254466, -26.0448454 ], [ -49.4294273, -26.0467909 ], [ -49.4339871, -26.0464681 ], [ -49.436432, -26.0445516 ], [ -49.4388426, -26.0442429 ], [ -49.4411332, -26.0415062 ], [ -49.4451933, -26.0400089 ], [ -49.4474801, -26.0366404 ], [ -49.4477614, -26.0346151 ], [ -49.4565601, -26.0318933 ], [ -49.4589457, -26.0262098 ], [ -49.4658507, -26.0248757 ] ] ] } },
{ "type": "Feature", "properties": { "municipio": "Quatro Barras", "municipio_norm": "QUATRO BARRAS", "uf": "Paraná", "uf_sigla": "PR", "uf_norm": "PARANA", "cod_municipio": "4120804" }, "geometry": { "type": "Polygon", "coordinates": [ [ [ -49.0550204, -25.3996554 ], [ -49.0603019, -25.3956278 ], [ -49.0658037, -25.3950123 ], [ -49.06724, -25.3934848 ], [ -49.0717539, -25.3922765 ], [ -49.0764503, -25.3893128 ], [ -49.083358, -25.3884389 ], [ -49.0874883, -25.3865187 ], [ -49.0922112, -25.3871546 ], [ -49.0948861, -25.3886441 ], [ -49.0955624, -25.3899968 ], [ -49.1039617, -25.3942347 ], [ -49.1069417, -25.3862441 ], [ -49.1098977, -25.3854901 ], [ -49.113228, -25.3820602 ], [ -49.118799, -25.3797229 ], [ -49.1238543, -25.3706271 ], [ -49.0866009, -25.3643341 ], [ -49.0681908, -25.356415 ], [ -49.0590881, -25.3509695 ], [ -49.0465425, -25.3466276 ], [ -49.0366099, -25.3373011 ], [ -49.0226486, -25.320345 ], [ -49.0193757, -25.3182914 ], [ -49.0155823, -25.3116673 ], [ -49.011187, -25.3103253 ], [ -49.0028617, -25.3108045 ], [ -48.9973642, -25.3068043 ], [ -48.9949969, -25.3059344 ], [ -48.9816701, -25.3079452 ], [ -48.9639582, -25.3028042 ], [ -48.9489895, -25.3053034 ], [ -48.9464867, -25.304982 ], [ -48.9418383, -25.3092656 ], [ -48.9335073, -25.3117448 ], [ -48.9263273, -25.3211577 ], [ -48.9192855, -25.3253397 ], [ -48.918385, -25.3270971 ], [ -48.9115269, -25.3322628 ], [ -48.9093938, -25.3332339 ], [ -48.9028091, -25.3326521 ], [ -48.8996169, -25.3358321 ], [ -48.8995754, -25.3381925 ], [ -48.9012571, -25.339947 ], [ -48.8992066, -25.3449303 ], [ -48.8997067, -25.3489725 ], [ -48.901763, -25.3505463 ], [ -48.905872, -25.3515363 ], [ -48.9077517, -25.3527735 ], [ -48.9067369, -25.3570282 ], [ -48.9113241, -25.3621676 ], [ -48.9126104, -25.3686879 ], [ -48.9133014, -25.369044 ], [ -48.9138947, -25.3677255 ], [ -48.915171, -25.3672841 ], [ -48.9147341, -25.370562 ], [ -48.9173855, -25.3748629 ], [ -48.9190192, -25.3794385 ], [ -48.9276214, -25.3841665 ], [ -48.9295662, -25.3814896 ], [ -48.9314186, -25.3807096 ], [ -48.9363636, -25.3843506 ], [ -48.9368881, -25.3871231 ], [ -48.9424737, -25.3866268 ], [ -48.944172, -25.3875125 ], [ -48.9447834, -25.3887311 ], [ -48.9431074, -25.3903819 ], [ -48.9430182, -25.3919933 ], [ -48.9463169, -25.3954958 ], [ -48.9497018, -25.401535 ], [ -48.9477842, -25.4024896 ], [ -48.947173, -25.4049566 ], [ -48.9484648, -25.4072224 ], [ -48.9535036, -25.4090788 ], [ -48.9544165, -25.4113955 ], [ -48.9538747, -25.4134633 ], [ -48.9487977, -25.4175424 ], [ -48.956096, -25.4207549 ], [ -48.9598878, -25.4253591 ], [ -48.9642315, -25.4272068 ], [ -48.9674789, -25.4265028 ], [ -48.9689802, -25.4274528 ], [ -48.9691312, -25.4300397 ], [ -48.9657552, -25.4309149 ], [ -48.9632302, -25.4377938 ], [ -48.9623615, -25.4403755 ], [ -48.9628696, -25.4447467 ], [ -48.9652594, -25.4446754 ], [ -48.965914, -25.4434353 ], [ -49.0004923, -25.4357206 ], [ -49.0081109, -25.4376161 ], [ -49.0100314, -25.4406412 ], [ -49.0125516, -25.4394541 ], [ -49.0200961, -25.4342999 ], [ -49.0239455, -25.4258316 ], [ -49.0251534, -25.424663 ], [ -49.0272805, -25.4237343 ], [ -49.0300186, -25.4210332 ], [ -49.0322358, -25.4203308 ], [ -49.0342858, -25.4210591 ], [ -49.036439, -25.4195881 ], [ -49.036959, -25.4169994 ], [ -49.0357553, -25.4097094 ], [ -49.0402869, -25.40461 ], [ -49.0407425, -25.4024721 ], [ -49.0459749, -25.3996491 ], [ -49.0530294, -25.4000278 ], [ -49.0550204, -25.3996554 ] ] ] } },
{ "type": "Feature", "properties": { "municipio": "Mandirituba", "municipio_norm": "MANDIRITUBA", "uf": "Paraná", "uf_sigla": "PR", "uf_norm": "PARANA", "cod_municipio": "4114302" }, "geometry": { "type": "Polygon", "coordinates": [ [ [ -49.3554322, -25.9545461 ], [ -49.3567489, -25.9534036 ], [ -49.3571648, -25.954515 ], [ -49.3578598, -25.9544463 ], [ -49.3582776, -25.9524842 ], [ -49.3591171, -25.9535974 ], [ -49.3598134, -25.9518694 ], [ -49.359017, -25.9511107 ], [ -49.3601362, -25.9515861 ], [ -49.3609528, -25.9507114 ], [ -49.3608398, -25.952113 ], [ -49.3616951, -25.9504054 ], [ -49.3639986, -25.9496223 ], [ -49.3624078, -25.9493283 ], [ -49.3635749, -25.9478189 ], [ -49.3618732, -25.946634 ], [ -49.3634647, -25.9467317 ], [ -49.3637395, -25.9450497 ], [ -49.3647098, -25.9447375 ], [ -49.3643272, -25.9439227 ], [ -49.3658729, -25.9448314 ], [ -49.3673904, -25.9438123 ], [ -49.3667085, -25.9414062 ], [ -49.3683916, -25.9426075 ], [ -49.3699027, -25.9421071 ], [ -49.3701332, -25.9435683 ], [ -49.3726399, -25.9442752 ], [ -49.373096, -25.943034 ], [ -49.3716026, -25.9421406 ], [ -49.373058, -25.9417861 ], [ -49.3730071, -25.9403297 ], [ -49.3740097, -25.9403391 ], [ -49.3734529, -25.9392008 ], [ -49.3741102, -25.9369544 ], [ -49.3701716, -25.9343516 ], [ -49.3705043, -25.9322327 ], [ -49.3756805, -25.9346064 ], [ -49.3779461, -25.9313591 ], [ -49.377013, -25.9302637 ], [ -49.378704, -25.9296023 ], [ -49.3806044, -25.9321184 ], [ -49.382023, -25.9317302 ], [ -49.3818264, -25.9330544 ], [ -49.382692, -25.9325802 ], [ -49.3834647, -25.9336894 ], [ -49.3864126, -25.9315355 ], [ -49.3873558, -25.9332959 ], [ -49.3887197, -25.9324646 ], [ -49.3902154, -25.9349641 ], [ -49.3910756, -25.9349085 ], [ -49.3910981, -25.9332571 ], [ -49.3919787, -25.932959 ], [ -49.3950895, -25.9360042 ], [ -49.3955002, -25.9334346 ], [ -49.3968359, -25.9353272 ], [ -49.398321, -25.9326403 ], [ -49.3993245, -25.9326505 ], [ -49.398986, -25.9338784 ], [ -49.401632, -25.9354468 ], [ -49.4006883, -25.9364393 ], [ -49.4021742, -25.9377872 ], [ -49.4016111, -25.9383441 ], [ -49.4033939, -25.9389167 ], [ -49.4034869, -25.9400178 ], [ -49.4049989, -25.9393873 ], [ -49.4067078, -25.941398 ], [ -49.4075545, -25.9397888 ], [ -49.4092332, -25.9400329 ], [ -49.4089153, -25.938523 ], [ -49.4100595, -25.9385357 ], [ -49.4100647, -25.9370135 ], [ -49.4110483, -25.9368932 ], [ -49.410827, -25.936034 ], [ -49.411438, -25.9359119 ], [ -49.4124016, -25.9360496 ], [ -49.4127825, -25.9371237 ], [ -49.4140447, -25.9364906 ], [ -49.4153957, -25.9371206 ], [ -49.4151133, -25.9381702 ], [ -49.4164097, -25.9376337 ], [ -49.4166081, -25.9389309 ], [ -49.4185385, -25.9378351 ], [ -49.4210584, -25.9394172 ], [ -49.4217949, -25.9379676 ], [ -49.4233848, -25.9382609 ], [ -49.4231873, -25.9370917 ], [ -49.424441, -25.9369087 ], [ -49.4248951, -25.9349069 ], [ -49.4247212, -25.9333339 ], [ -49.4238309, -25.933032 ], [ -49.4254588, -25.9317221 ], [ -49.4273445, -25.9326833 ], [ -49.4260997, -25.9334621 ], [ -49.4269427, -25.9347029 ], [ -49.4297275, -25.9351185 ], [ -49.428114, -25.9366749 ], [ -49.4317124, -25.9396132 ], [ -49.433164, -25.9379779 ], [ -49.4332913, -25.9365198 ], [ -49.4320269, -25.9332838 ], [ -49.4337661, -25.93178 ], [ -49.4348342, -25.9322118 ], [ -49.4349234, -25.930884 ], [ -49.4338355, -25.9306291 ], [ -49.4361721, -25.929844 ], [ -49.4357214, -25.9287389 ], [ -49.4369457, -25.929572 ], [ -49.4371473, -25.9278946 ], [ -49.4359732, -25.9273631 ], [ -49.4369639, -25.9255286 ], [ -49.4388752, -25.9258246 ], [ -49.4395652, -25.9251833 ], [ -49.4437023, -25.9277725 ], [ -49.4448724, -25.9258399 ], [ -49.4434857, -25.9251775 ], [ -49.4472325, -25.9247797 ], [ -49.4497169, -25.9223279 ], [ -49.4490854, -25.9213487 ], [ -49.4504942, -25.9204253 ], [ -49.4484346, -25.9177312 ], [ -49.4484647, -25.9153664 ], [ -49.4464606, -25.9152793 ], [ -49.4468497, -25.9143285 ], [ -49.4455142, -25.9124669 ], [ -49.4464558, -25.9117973 ], [ -49.445637, -25.9113014 ], [ -49.4456313, -25.9101256 ], [ -49.4436816, -25.9088366 ], [ -49.442495, -25.9093084 ], [ -49.4431245, -25.9063165 ], [ -49.4400251, -25.9037401 ], [ -49.4400383, -25.9000803 ], [ -49.4413282, -25.8999307 ], [ -49.4405799, -25.8982542 ], [ -49.4413362, -25.8980374 ], [ -49.4408075, -25.8973496 ], [ -49.4415226, -25.8974234 ], [ -49.4390079, -25.8967319 ], [ -49.4366398, -25.8932226 ], [ -49.4348092, -25.8934624 ], [ -49.4353004, -25.8913924 ], [ -49.4337636, -25.8899685 ], [ -49.4339157, -25.8865681 ], [ -49.4352667, -25.8859195 ], [ -49.4338947, -25.8841864 ], [ -49.434289, -25.8813386 ], [ -49.432553, -25.8814345 ], [ -49.431673, -25.8802268 ], [ -49.430243, -25.8799503 ], [ -49.429505, -25.8791001 ], [ -49.4294875, -25.8762655 ], [ -49.4275577, -25.8760814 ], [ -49.4271843, -25.8746851 ], [ -49.4283983, -25.873417 ], [ -49.4281741, -25.8714398 ], [ -49.4267624, -25.8699658 ], [ -49.4244196, -25.869829 ], [ -49.4233552, -25.8718234 ], [ -49.4212933, -25.8721413 ], [ -49.4195145, -25.873969 ], [ -49.4185136, -25.8738285 ], [ -49.4178513, -25.872623 ], [ -49.4168942, -25.8732099 ], [ -49.4160009, -25.8704162 ], [ -49.4137145, -25.8688208 ], [ -49.4136233, -25.8677189 ], [ -49.4107061, -25.866227 ], [ -49.4112417, -25.8647944 ], [ -49.4098351, -25.8630925 ], [ -49.4108561, -25.8624536 ], [ -49.4101801, -25.8600333 ], [ -49.410948, -25.8589711 ], [ -49.409745, -25.85789 ], [ -49.4103888, -25.8578653 ], [ -49.4099315, -25.8574049 ], [ -49.4107942, -25.8557458 ], [ -49.4099867, -25.854506 ], [ -49.4078232, -25.8556503 ], [ -49.4046271, -25.8552089 ], [ -49.4026863, -25.8584599 ], [ -49.3999912, -25.8579937 ], [ -49.4007308, -25.856219 ], [ -49.3986655, -25.8541079 ], [ -49.3983012, -25.8519975 ], [ -49.3971798, -25.8528584 ], [ -49.3959703, -25.8523607 ], [ -49.3958687, -25.8479056 ], [ -49.3941762, -25.8447586 ], [ -49.395484, -25.8432848 ], [ -49.3950426, -25.8415935 ], [ -49.3906778, -25.8402329 ], [ -49.3887995, -25.8375061 ], [ -49.3888525, -25.8363736 ], [ -49.3911503, -25.8357491 ], [ -49.3900164, -25.833517 ], [ -49.3909989, -25.8283612 ], [ -49.3898606, -25.827863 ], [ -49.3900965, -25.8288056 ], [ -49.3882423, -25.8298062 ], [ -49.3869828, -25.8276206 ], [ -49.3883, -25.8267777 ], [ -49.3878768, -25.8236943 ], [ -49.3844093, -25.8222467 ], [ -49.3833261, -25.8199982 ], [ -49.3809298, -25.8189511 ], [ -49.3807066, -25.8169406 ], [ -49.3796666, -25.8158429 ], [ -49.3767243, -25.8163945 ], [ -49.3758054, -25.8156717 ], [ -49.375748, -25.814634 ], [ -49.3773484, -25.8139209 ], [ -49.3772179, -25.8130447 ], [ -49.374762, -25.8107652 ], [ -49.3701154, -25.8039922 ], [ -49.3713482, -25.7990327 ], [ -49.3697557, -25.7950618 ], [ -49.3707321, -25.7903276 ], [ -49.3676166, -25.7868371 ], [ -49.3656179, -25.7860034 ], [ -49.3650255, -25.784718 ], [ -49.365239, -25.7825664 ], [ -49.3669394, -25.780118 ], [ -49.3691035, -25.7777762 ], [ -49.3708118, -25.7776106 ], [ -49.3682044, -25.7751686 ], [ -49.3666712, -25.7758613 ], [ -49.3652379, -25.7754969 ], [ -49.363878, -25.7735827 ], [ -49.3625144, -25.7603632 ], [ -49.3639676, -25.7566495 ], [ -49.3637306, -25.7546926 ], [ -49.3625878, -25.7535077 ], [ -49.3637742, -25.7514943 ], [ -49.362918, -25.7368677 ], [ -49.3588477, -25.7311426 ], [ -49.357351, -25.7276062 ], [ -49.3585133, -25.7243084 ], [ -49.3586353, -25.7180949 ], [ -49.3594658, -25.7172268 ], [ -49.3586006, -25.7165534 ], [ -49.3595194, -25.7162583 ], [ -49.3600969, -25.7141994 ], [ -49.3591989, -25.7131395 ], [ -49.36037, -25.7120209 ], [ -49.3591728, -25.7119144 ], [ -49.3597247, -25.7072829 ], [ -49.359162, -25.7067786 ], [ -49.3602019, -25.7048037 ], [ -49.3594178, -25.704405 ], [ -49.359256, -25.702846 ], [ -49.3607679, -25.6979566 ], [ -49.359592, -25.6976365 ], [ -49.3603573, -25.6967221 ], [ -49.3583416, -25.6953366 ], [ -49.3590268, -25.6945062 ], [ -49.3580668, -25.6946595 ], [ -49.3575094, -25.6937662 ], [ -49.3584021, -25.6924695 ], [ -49.3574559, -25.6887804 ], [ -49.3584893, -25.6876845 ], [ -49.3574164, -25.6872036 ], [ -49.3584369, -25.686955 ], [ -49.3574091, -25.6863917 ], [ -49.3601893, -25.6837947 ], [ -49.3568936, -25.6809823 ], [ -49.3547003, -25.6777589 ], [ -49.3551731, -25.6734915 ], [ -49.3520511, -25.6752182 ], [ -49.3509298, -25.67468 ], [ -49.3491716, -25.6754735 ], [ -49.34857, -25.6747977 ], [ -49.347299, -25.6766472 ], [ -49.3485341, -25.6777431 ], [ -49.3470414, -25.6789882 ], [ -49.3482288, -25.6805943 ], [ -49.3471568, -25.6814772 ], [ -49.3467123, -25.6836268 ], [ -49.3482978, -25.6839709 ], [ -49.3482357, -25.6856696 ], [ -49.3458155, -25.6860007 ], [ -49.3451594, -25.6877706 ], [ -49.3444951, -25.6877818 ], [ -49.3453123, -25.6889897 ], [ -49.3441571, -25.6889871 ], [ -49.3444002, -25.6905001 ], [ -49.3432666, -25.6907856 ], [ -49.3439928, -25.6912852 ], [ -49.3430373, -25.6918845 ], [ -49.343869, -25.6920299 ], [ -49.3432578, -25.6924176 ], [ -49.3439312, -25.6934029 ], [ -49.3397817, -25.6946687 ], [ -49.338239, -25.6980794 ], [ -49.3388215, -25.699732 ], [ -49.3375157, -25.701056 ], [ -49.3380677, -25.7019059 ], [ -49.3373079, -25.7024185 ], [ -49.3380003, -25.7029415 ], [ -49.3354363, -25.7050071 ], [ -49.336336, -25.7056078 ], [ -49.335919, -25.7069421 ], [ -49.3350872, -25.7067958 ], [ -49.3349852, -25.7088706 ], [ -49.3358798, -25.7098324 ], [ -49.334742, -25.710042 ], [ -49.3351294, -25.7120712 ], [ -49.3336868, -25.7122963 ], [ -49.3337266, -25.7134722 ], [ -49.3297711, -25.7161806 ], [ -49.3307156, -25.7175998 ], [ -49.329644, -25.7172619 ], [ -49.3292669, -25.7183885 ], [ -49.3271766, -25.7189576 ], [ -49.3272986, -25.7197127 ], [ -49.3249697, -25.7183312 ], [ -49.3241376, -25.7196161 ], [ -49.323638, -25.7188047 ], [ -49.3217533, -25.7195713 ], [ -49.3209939, -25.7222835 ], [ -49.3183329, -25.7209282 ], [ -49.3174083, -25.7214435 ], [ -49.3146914, -25.7207763 ], [ -49.3129567, -25.7229275 ], [ -49.313501, -25.7233638 ], [ -49.3104352, -25.7286547 ], [ -49.3065049, -25.7294761 ], [ -49.3072307, -25.7302921 ], [ -49.3057919, -25.7316817 ], [ -49.306302, -25.7330105 ], [ -49.3051703, -25.7341721 ], [ -49.3023147, -25.7339334 ], [ -49.2980588, -25.7321067 ], [ -49.2969526, -25.7327457 ], [ -49.296615, -25.7340481 ], [ -49.2951682, -25.7343988 ], [ -49.2942768, -25.7378316 ], [ -49.2869299, -25.7352861 ], [ -49.2827951, -25.7350913 ], [ -49.279381, -25.7362375 ], [ -49.2779049, -25.7385596 ], [ -49.2764522, -25.7392566 ], [ -49.2739008, -25.7384868 ], [ -49.2705533, -25.7390054 ], [ -49.2654113, -25.7362446 ], [ -49.2626401, -25.7375959 ], [ -49.260775, -25.7404105 ], [ -49.2581051, -25.7413686 ], [ -49.2563998, -25.739937 ], [ -49.2522649, -25.7447997 ], [ -49.2509939, -25.7525172 ], [ -49.2465849, -25.75433 ], [ -49.2455214, -25.7540378 ], [ -49.2455662, -25.7581123 ], [ -49.2478583, -25.7626887 ], [ -49.246607, -25.7638504 ], [ -49.2467792, -25.7652323 ], [ -49.2484829, -25.766383 ], [ -49.2500296, -25.7695958 ], [ -49.2494671, -25.7718932 ], [ -49.2500318, -25.7743399 ], [ -49.248984, -25.7798227 ], [ -49.2437927, -25.7850569 ], [ -49.2442694, -25.790301 ], [ -49.2427986, -25.7912042 ], [ -49.2411419, -25.7938838 ], [ -49.2414977, -25.797709 ], [ -49.2563416, -25.8190849 ], [ -49.2456805, -25.8173638 ], [ -49.2443755, -25.8184526 ], [ -49.2411503, -25.8158316 ], [ -49.2391914, -25.8166539 ], [ -49.2377853, -25.8152596 ], [ -49.2337093, -25.8155686 ], [ -49.2317459, -25.8133931 ], [ -49.2283135, -25.8131357 ], [ -49.2280384, -25.8145669 ], [ -49.2256777, -25.8156001 ], [ -49.2194198, -25.815821 ], [ -49.2170758, -25.8183218 ], [ -49.2175727, -25.8190164 ], [ -49.2169913, -25.8197268 ], [ -49.2142696, -25.8216154 ], [ -49.2130391, -25.8243139 ], [ -49.2078033, -25.825137 ], [ -49.2073576, -25.8261149 ], [ -49.2061077, -25.8264467 ], [ -49.2072583, -25.8272402 ], [ -49.2052382, -25.8269945 ], [ -49.2066334, -25.8279843 ], [ -49.2067572, -25.8291449 ], [ -49.2077955, -25.8290637 ], [ -49.2077944, -25.8303769 ], [ -49.2066243, -25.8314741 ], [ -49.2074515, -25.8322949 ], [ -49.2057134, -25.8323061 ], [ -49.2085348, -25.8341643 ], [ -49.2070904, -25.8355281 ], [ -49.2068853, -25.8372462 ], [ -49.2089914, -25.8371191 ], [ -49.2076261, -25.8398123 ], [ -49.2089859, -25.8401984 ], [ -49.2077959, -25.8410698 ], [ -49.2071467, -25.8436748 ], [ -49.2090547, -25.8437367 ], [ -49.2117741, -25.845904 ], [ -49.212434, -25.8454051 ], [ -49.2122642, -25.846547 ], [ -49.213568, -25.8468889 ], [ -49.213075, -25.8491379 ], [ -49.2176911, -25.8510865 ], [ -49.2163241, -25.8513928 ], [ -49.215975, -25.8525487 ], [ -49.2144197, -25.8524012 ], [ -49.2145376, -25.8533147 ], [ -49.2135552, -25.8537373 ], [ -49.2132049, -25.8519793 ], [ -49.2122148, -25.8543741 ], [ -49.2117051, -25.8533008 ], [ -49.2110934, -25.8547038 ], [ -49.2100328, -25.8548148 ], [ -49.2104643, -25.8566367 ], [ -49.2119996, -25.8570105 ], [ -49.2106916, -25.8575601 ], [ -49.2093164, -25.8608357 ], [ -49.2084341, -25.8610525 ], [ -49.2090776, -25.8618528 ], [ -49.2079729, -25.8625838 ], [ -49.2077379, -25.8650628 ], [ -49.2099801, -25.8659797 ], [ -49.2098337, -25.8668359 ], [ -49.2105666, -25.8670059 ], [ -49.2083504, -25.8694702 ], [ -49.2095041, -25.8702963 ], [ -49.2104207, -25.8690097 ], [ -49.2112404, -25.8691826 ], [ -49.2123806, -25.8726427 ], [ -49.2140259, -25.8723464 ], [ -49.2152985, -25.8731719 ], [ -49.2161723, -25.8723513 ], [ -49.2175617, -25.8730545 ], [ -49.2169159, -25.8748553 ], [ -49.2180911, -25.8758207 ], [ -49.2175156, -25.8767439 ], [ -49.2189304, -25.876794 ], [ -49.2177982, -25.8778809 ], [ -49.2193327, -25.8780079 ], [ -49.2203982, -25.8798866 ], [ -49.2213738, -25.8799583 ], [ -49.2213369, -25.8811703 ], [ -49.2257411, -25.880924 ], [ -49.2260031, -25.8825503 ], [ -49.2311292, -25.8818592 ], [ -49.232823, -25.8837116 ], [ -49.2348416, -25.8828284 ], [ -49.2364582, -25.8832489 ], [ -49.2369894, -25.885037 ], [ -49.2379085, -25.8853986 ], [ -49.238056, -25.8838893 ], [ -49.2402229, -25.8838369 ], [ -49.2399105, -25.8849273 ], [ -49.2431403, -25.8858562 ], [ -49.2443249, -25.8869416 ], [ -49.2441481, -25.8879617 ], [ -49.2469486, -25.8893656 ], [ -49.248366, -25.8892543 ], [ -49.254162, -25.8941003 ], [ -49.2552377, -25.8936715 ], [ -49.2532036, -25.8918785 ], [ -49.2554478, -25.8921409 ], [ -49.2563052, -25.894744 ], [ -49.2575554, -25.8950676 ], [ -49.2564961, -25.8959608 ], [ -49.2574566, -25.8963128 ], [ -49.2558659, -25.9003222 ], [ -49.2563793, -25.9006695 ], [ -49.2552451, -25.9010621 ], [ -49.2568471, -25.9016305 ], [ -49.2554174, -25.9033898 ], [ -49.2575424, -25.9034177 ], [ -49.2579586, -25.904795 ], [ -49.2637714, -25.9037091 ], [ -49.26643, -25.9063285 ], [ -49.2648801, -25.9069256 ], [ -49.2628584, -25.9062112 ], [ -49.2625575, -25.9070661 ], [ -49.2604801, -25.9069948 ], [ -49.2592559, -25.9085834 ], [ -49.2608628, -25.9083854 ], [ -49.260017, -25.9099791 ], [ -49.2611843, -25.910581 ], [ -49.2574303, -25.9130679 ], [ -49.2590685, -25.9189913 ], [ -49.2586107, -25.920296 ], [ -49.261485, -25.9251879 ], [ -49.2638859, -25.923326 ], [ -49.2696116, -25.9235909 ], [ -49.2719524, -25.9211793 ], [ -49.2717741, -25.9246638 ], [ -49.2798412, -25.9275284 ], [ -49.2834473, -25.92775 ], [ -49.2841215, -25.9263721 ], [ -49.2854789, -25.9265982 ], [ -49.2896763, -25.9252886 ], [ -49.2906123, -25.9241075 ], [ -49.2938581, -25.9235668 ], [ -49.2947076, -25.9251842 ], [ -49.2970139, -25.9254867 ], [ -49.2958465, -25.9275891 ], [ -49.2962317, -25.9292067 ], [ -49.2999204, -25.9276507 ], [ -49.2970012, -25.9315303 ], [ -49.3001657, -25.9324101 ], [ -49.2991794, -25.9338762 ], [ -49.2994658, -25.935568 ], [ -49.3037113, -25.9379266 ], [ -49.302897, -25.9404701 ], [ -49.3039606, -25.9438698 ], [ -49.3056423, -25.945269 ], [ -49.3092317, -25.9426025 ], [ -49.3113246, -25.9448914 ], [ -49.3126098, -25.9452329 ], [ -49.3143132, -25.9486288 ], [ -49.3181045, -25.9472702 ], [ -49.3192449, -25.9480123 ], [ -49.3179081, -25.9492996 ], [ -49.3185887, -25.9504025 ], [ -49.3216367, -25.9495721 ], [ -49.3225829, -25.9513113 ], [ -49.3244395, -25.9519836 ], [ -49.3248637, -25.9500237 ], [ -49.3252114, -25.9511095 ], [ -49.3271834, -25.9508352 ], [ -49.3266395, -25.9514005 ], [ -49.3270835, -25.9531065 ], [ -49.3246584, -25.9539985 ], [ -49.3245183, -25.9551911 ], [ -49.3282051, -25.9561701 ], [ -49.3298376, -25.9549084 ], [ -49.3332748, -25.9551252 ], [ -49.3335723, -25.956068 ], [ -49.335531, -25.9558022 ], [ -49.3373327, -25.9571608 ], [ -49.3383634, -25.9551437 ], [ -49.3405262, -25.9540359 ], [ -49.3399299, -25.9536258 ], [ -49.3425225, -25.9533217 ], [ -49.3431346, -25.9539881 ], [ -49.3439494, -25.9531386 ], [ -49.3444412, -25.9538165 ], [ -49.3447895, -25.9515442 ], [ -49.3451619, -25.9529199 ], [ -49.3465105, -25.9519606 ], [ -49.3469433, -25.9540345 ], [ -49.3492681, -25.9563691 ], [ -49.3520419, -25.9544051 ], [ -49.3526509, -25.9546948 ], [ -49.3521028, -25.9555736 ], [ -49.3533033, -25.9552544 ], [ -49.353519, -25.9540371 ], [ -49.3545111, -25.9535789 ], [ -49.3545014, -25.9543091 ], [ -49.3554322, -25.9545461 ] ] ] } },
{ "type": "Feature", "properties": { "municipio": "Piraquara", "municipio_norm": "PIRAQUARA", "uf": "Paraná", "uf_sigla": "PR", "uf_norm": "PARANA", "cod_municipio": "4119509" }, "geometry": { "type": "Polygon", "coordinates": [ [ [ -49.0925105, -25.5239944 ], [ -49.0942194, -25.522052 ], [ -49.1008949, -25.5190769 ], [ -49.1030586, -25.5161264 ], [ -49.107641, -25.5157063 ], [ -49.1098845, -25.5111023 ], [ -49.1139711, -25.5074601 ], [ -49.115222, -25.5071982 ], [ -49.1166333, -25.5046243 ], [ -49.1208524, -25.5024897 ], [ -49.124666, -25.49741 ], [ -49.126226, -25.496671 ], [ -49.129782, -25.497857 ], [ -49.131578, -25.496689 ], [ -49.133105, -25.494107 ], [ -49.135119, -25.492748 ], [ -49.133718, -25.491923 ], [ -49.133669, -25.490064 ], [ -49.134603, -25.48842 ], [ -49.134039, -25.488053 ], [ -49.135007, -25.48725 ], [ -49.134673, -25.48445 ], [ -49.135759, -25.484273 ], [ -49.137124, -25.482058 ], [ -49.135903, -25.480135 ], [ -49.139001, -25.479511 ], [ -49.1393, -25.47736 ], [ -49.140619, -25.477015 ], [ -49.139575, -25.474372 ], [ -49.140287, -25.473352 ], [ -49.145566, -25.472717 ], [ -49.148537, -25.471711 ], [ -49.148982, -25.470625 ], [ -49.150074, -25.47105 ], [ -49.150341, -25.470199 ], [ -49.150357, -25.47108 ], [ -49.151433, -25.470911 ], [ -49.155534, -25.468569 ], [ -49.15635, -25.469178 ], [ -49.156318, -25.46832 ], [ -49.156731, -25.469046 ], [ -49.15872, -25.468899 ], [ -49.160759, -25.468173 ], [ -49.160192, -25.467196 ], [ -49.161931, -25.466374 ], [ -49.168585, -25.466823 ], [ -49.1755767, -25.4625989 ], [ -49.1704852, -25.452977 ], [ -49.1625288, -25.448678 ], [ -49.1634038, -25.4475619 ], [ -49.1608558, -25.4473006 ], [ -49.1606785, -25.4464326 ], [ -49.1598011, -25.4468713 ], [ -49.1593531, -25.4462086 ], [ -49.1573935, -25.4474599 ], [ -49.15639, -25.4470367 ], [ -49.1569703, -25.4465452 ], [ -49.1564651, -25.445767 ], [ -49.1550521, -25.4459718 ], [ -49.1544173, -25.4446406 ], [ -49.1534274, -25.4445382 ], [ -49.1530489, -25.44533 ], [ -49.1507547, -25.4444508 ], [ -49.147045, -25.4451872 ], [ -49.1464684, -25.4441868 ], [ -49.142894, -25.444759 ], [ -49.1413619, -25.44355 ], [ -49.1391255, -25.444423 ], [ -49.1369024, -25.4434713 ], [ -49.1370622, -25.4445272 ], [ -49.136094, -25.444712 ], [ -49.134999, -25.4431587 ], [ -49.1326859, -25.443487 ], [ -49.1331441, -25.442068 ], [ -49.1321368, -25.4416303 ], [ -49.1313796, -25.4431309 ], [ -49.130407, -25.4426654 ], [ -49.1292821, -25.444237 ], [ -49.1281979, -25.4440548 ], [ -49.128421, -25.445274 ], [ -49.1260651, -25.4457221 ], [ -49.1260999, -25.4466808 ], [ -49.1252593, -25.4460625 ], [ -49.1243242, -25.446954 ], [ -49.1221045, -25.4468135 ], [ -49.1208848, -25.4456394 ], [ -49.1213294, -25.4444348 ], [ -49.1198974, -25.4427293 ], [ -49.1189112, -25.4426701 ], [ -49.1189901, -25.4415064 ], [ -49.1175404, -25.442034 ], [ -49.1177623, -25.4408999 ], [ -49.1162633, -25.4408555 ], [ -49.1175897, -25.4402145 ], [ -49.1159182, -25.4401307 ], [ -49.1169765, -25.4376086 ], [ -49.1156451, -25.436832 ], [ -49.1153456, -25.4352011 ], [ -49.1161, -25.4340362 ], [ -49.1145357, -25.4341582 ], [ -49.1150682, -25.4329267 ], [ -49.1143804, -25.4322944 ], [ -49.1155675, -25.4321945 ], [ -49.115157, -25.4303307 ], [ -49.1132931, -25.429432 ], [ -49.11413, -25.4266922 ], [ -49.1134534, -25.4262873 ], [ -49.1137218, -25.4250269 ], [ -49.1122643, -25.4256234 ], [ -49.1125332, -25.4239166 ], [ -49.111378, -25.423681 ], [ -49.1121863, -25.4229009 ], [ -49.1097184, -25.4201487 ], [ -49.1110941, -25.4170972 ], [ -49.1105218, -25.4167368 ], [ -49.1110667, -25.4157814 ], [ -49.1105549, -25.4129662 ], [ -49.1090282, -25.4119807 ], [ -49.110057, -25.4109395 ], [ -49.1085797, -25.4110949 ], [ -49.1097304, -25.4086105 ], [ -49.1088696, -25.4065808 ], [ -49.1098737, -25.400978 ], [ -49.1041781, -25.3960392 ], [ -49.1039617, -25.3942347 ], [ -49.0955624, -25.3899968 ], [ -49.0948861, -25.3886441 ], [ -49.0922112, -25.3871546 ], [ -49.0874883, -25.3865187 ], [ -49.083358, -25.3884389 ], [ -49.0764503, -25.3893128 ], [ -49.0717539, -25.3922765 ], [ -49.06724, -25.3934848 ], [ -49.0658037, -25.3950123 ], [ -49.0589644, -25.3962282 ], [ -49.0550204, -25.3996554 ], [ -49.0459749, -25.3996491 ], [ -49.0407425, -25.4024721 ], [ -49.0402869, -25.40461 ], [ -49.0357553, -25.4097094 ], [ -49.036959, -25.4169994 ], [ -49.036439, -25.4195881 ], [ -49.0342858, -25.4210591 ], [ -49.0322358, -25.4203308 ], [ -49.0300186, -25.4210332 ], [ -49.0272805, -25.4237343 ], [ -49.0251534, -25.424663 ], [ -49.0239455, -25.4258316 ], [ -49.0200961, -25.4342999 ], [ -49.0100314, -25.4406412 ], [ -49.0081109, -25.4376161 ], [ -49.0004923, -25.4357206 ], [ -48.965914, -25.4434353 ], [ -48.9652594, -25.4446754 ], [ -48.9628696, -25.4447467 ], [ -48.9628882, -25.4512182 ], [ -48.9566059, -25.4551031 ], [ -48.953884, -25.4549261 ], [ -48.9531486, -25.4558329 ], [ -48.9561952, -25.4589323 ], [ -48.9507793, -25.4638766 ], [ -48.9502149, -25.4653331 ], [ -48.9512387, -25.4702101 ], [ -48.9450841, -25.4736961 ], [ -48.9434446, -25.4754164 ], [ -48.9409814, -25.4757991 ], [ -48.9434909, -25.4771595 ], [ -48.9452667, -25.4787882 ], [ -48.9456989, -25.4804671 ], [ -48.947523, -25.4815392 ], [ -48.947491, -25.4857217 ], [ -48.9488622, -25.4862992 ], [ -48.9533585, -25.4837125 ], [ -48.9551582, -25.4839444 ], [ -48.9562089, -25.4854248 ], [ -48.9555407, -25.4886219 ], [ -48.9563237, -25.4898879 ], [ -48.9611954, -25.4925348 ], [ -48.9626298, -25.4915799 ], [ -48.9641628, -25.4917404 ], [ -48.9655152, -25.4980334 ], [ -48.9670646, -25.4995209 ], [ -48.9658289, -25.5022458 ], [ -48.9751134, -25.5089127 ], [ -48.972205, -25.5109339 ], [ -48.9706556, -25.5130898 ], [ -48.9712011, -25.515665 ], [ -48.9735369, -25.5192793 ], [ -48.9701638, -25.5226443 ], [ -48.9770335, -25.5282642 ], [ -48.9800847, -25.5294401 ], [ -48.9843117, -25.5298312 ], [ -48.9854076, -25.5322261 ], [ -48.9896632, -25.5337248 ], [ -48.9920443, -25.5358402 ], [ -48.9914305, -25.5368549 ], [ -48.9918705, -25.5391518 ], [ -48.994593, -25.541467 ], [ -48.9969229, -25.5413717 ], [ -49.0000879, -25.5394398 ], [ -49.0051878, -25.5415477 ], [ -49.0095459, -25.5398462 ], [ -49.0124292, -25.5420108 ], [ -49.0182596, -25.5433443 ], [ -49.0204443, -25.5470682 ], [ -49.0230017, -25.5479735 ], [ -49.0247045, -25.5507139 ], [ -49.0262692, -25.5489244 ], [ -49.033385, -25.544559 ], [ -49.0352216, -25.5449327 ], [ -49.0358719, -25.543965 ], [ -49.0369397, -25.5442929 ], [ -49.0390384, -25.5427536 ], [ -49.0431801, -25.5417984 ], [ -49.045265, -25.5470181 ], [ -49.0480865, -25.5483092 ], [ -49.0538285, -25.5456336 ], [ -49.0528668, -25.5422412 ], [ -49.0549909, -25.5390635 ], [ -49.0572198, -25.5401373 ], [ -49.0583872, -25.5391085 ], [ -49.059301, -25.5395742 ], [ -49.0651339, -25.5385005 ], [ -49.0662649, -25.541025 ], [ -49.0683036, -25.5408431 ], [ -49.0696679, -25.5395011 ], [ -49.0720354, -25.5390438 ], [ -49.0720897, -25.5380352 ], [ -49.0762793, -25.5353371 ], [ -49.076513, -25.534309 ], [ -49.085715, -25.530253 ], [ -49.08479, -25.5283587 ], [ -49.0864251, -25.5283218 ], [ -49.0872365, -25.5269695 ], [ -49.0925105, -25.5239944 ] ] ] } },
{ "type": "Feature", "properties": { "municipio": "Itaperuçu", "municipio_norm": "ITAPERUCU", "uf": "Paraná", "uf_sigla": "PR", "uf_norm": "PARANA", "cod_municipio": "4111258" }, "geometry": { "type": "Polygon", "coordinates": [ [ [ -49.3528658, -25.1976946 ], [ -49.3378607, -25.1980902 ], [ -49.3304054, -25.2103319 ], [ -49.3244213, -25.2081145 ], [ -49.3255603, -25.2112257 ], [ -49.324777, -25.2120938 ], [ -49.3277997, -25.217037 ], [ -49.3281757, -25.2236243 ], [ -49.3272615, -25.2255744 ], [ -49.3211009, -25.2310656 ], [ -49.3221672, -25.2318511 ], [ -49.3225358, -25.2345568 ], [ -49.3252046, -25.2373915 ], [ -49.3278587, -25.2379961 ], [ -49.3310141, -25.2373178 ], [ -49.3353934, -25.2409045 ], [ -49.3382539, -25.2412916 ], [ -49.3411439, -25.2394448 ], [ -49.3420286, -25.237351 ], [ -49.3443676, -25.2350176 ], [ -49.3475525, -25.2337348 ], [ -49.3487026, -25.231664 ], [ -49.3496237, -25.2342321 ], [ -49.3514157, -25.2355346 ], [ -49.3565469, -25.243202 ], [ -49.3596728, -25.2457381 ], [ -49.3707956, -25.2517749 ], [ -49.3711016, -25.2544364 ], [ -49.3721485, -25.2557192 ], [ -49.3744339, -25.2550557 ], [ -49.3763508, -25.2558814 ], [ -49.3784151, -25.2581558 ], [ -49.385935, -25.2608615 ], [ -49.3894148, -25.2612744 ], [ -49.39114, -25.2633092 ], [ -49.3928062, -25.2622918 ], [ -49.399176, -25.2609352 ], [ -49.3993824, -25.2592543 ], [ -49.4010044, -25.2595492 ], [ -49.4022135, -25.258694 ], [ -49.4040861, -25.2551663 ], [ -49.4050003, -25.2555939 ], [ -49.4074185, -25.2544216 ], [ -49.4083873, -25.2531975 ], [ -49.4083621, -25.2512367 ], [ -49.4097334, -25.2508386 ], [ -49.4118714, -25.2526965 ], [ -49.4139062, -25.2492904 ], [ -49.4186099, -25.2498507 ], [ -49.4211165, -25.2472372 ], [ -49.4266901, -25.2460244 ], [ -49.4287397, -25.2439748 ], [ -49.4304649, -25.2436209 ], [ -49.4324112, -25.2443987 ], [ -49.4354487, -25.2424082 ], [ -49.4375572, -25.2444872 ], [ -49.4415383, -25.2441481 ], [ -49.443234, -25.2451213 ], [ -49.449191, -25.2437647 ], [ -49.4499184, -25.2427891 ], [ -49.4524492, -25.2436065 ], [ -49.4522392, -25.2421802 ], [ -49.4504548, -25.2402848 ], [ -49.451741, -25.2379631 ], [ -49.4506558, -25.2352153 ], [ -49.4490858, -25.234468 ], [ -49.4483829, -25.232096 ], [ -49.4457002, -25.230673 ], [ -49.4474551, -25.2276603 ], [ -49.4527312, -25.2249854 ], [ -49.4557537, -25.2212565 ], [ -49.4515886, -25.2157845 ], [ -49.4511983, -25.2144545 ], [ -49.4519605, -25.2135293 ], [ -49.4485832, -25.2091499 ], [ -49.4489101, -25.2056257 ], [ -49.4516167, -25.2027133 ], [ -49.4495047, -25.2013368 ], [ -49.4506011, -25.1998605 ], [ -49.4538051, -25.1997453 ], [ -49.4534113, -25.1982422 ], [ -49.4569803, -25.1947697 ], [ -49.4620091, -25.1952057 ], [ -49.4630113, -25.1919039 ], [ -49.4615551, -25.1894413 ], [ -49.4626548, -25.1874947 ], [ -49.4638311, -25.1868514 ], [ -49.4655616, -25.1874314 ], [ -49.4667413, -25.1846106 ], [ -49.4704373, -25.1835551 ], [ -49.4732471, -25.1803444 ], [ -49.4743437, -25.180459 ], [ -49.4739334, -25.1821843 ], [ -49.4753193, -25.1830113 ], [ -49.4773258, -25.1817923 ], [ -49.479648, -25.182691 ], [ -49.4814216, -25.1798243 ], [ -49.4874997, -25.1840626 ], [ -49.4882389, -25.18555 ], [ -49.4877694, -25.1864628 ], [ -49.4894962, -25.1874694 ], [ -49.4895208, -25.1891991 ], [ -49.4925937, -25.1923034 ], [ -49.4908855, -25.1935353 ], [ -49.4917629, -25.1948575 ], [ -49.4900211, -25.196892 ], [ -49.4907885, -25.1976704 ], [ -49.5002177, -25.1958604 ], [ -49.5015346, -25.1968427 ], [ -49.5033976, -25.1944532 ], [ -49.5042738, -25.1944627 ], [ -49.5036392, -25.1915802 ], [ -49.5060979, -25.1901817 ], [ -49.5066973, -25.1905657 ], [ -49.5115122, -25.1842544 ], [ -49.5155558, -25.1822334 ], [ -49.5183481, -25.1822322 ], [ -49.5208859, -25.1791501 ], [ -49.5236569, -25.1797004 ], [ -49.5214702, -25.1824382 ], [ -49.5215882, -25.1833094 ], [ -49.5252984, -25.1849422 ], [ -49.5263356, -25.1823121 ], [ -49.5260824, -25.1795214 ], [ -49.5268413, -25.1787451 ], [ -49.5280584, -25.1784674 ], [ -49.5303044, -25.1799126 ], [ -49.5350821, -25.1765031 ], [ -49.5356862, -25.1765961 ], [ -49.5351868, -25.1784217 ], [ -49.5362753, -25.1788942 ], [ -49.5439279, -25.1755456 ], [ -49.5492342, -25.178734 ], [ -49.5524194, -25.1791413 ], [ -49.5552825, -25.1781181 ], [ -49.5539434, -25.1759633 ], [ -49.5541585, -25.1750435 ], [ -49.5622805, -25.1709089 ], [ -49.5624948, -25.1699269 ], [ -49.5609928, -25.1684043 ], [ -49.5621887, -25.1643559 ], [ -49.5641755, -25.1619745 ], [ -49.5617315, -25.160076 ], [ -49.5585507, -25.1605981 ], [ -49.5590164, -25.1582955 ], [ -49.5624827, -25.156545 ], [ -49.5642463, -25.153146 ], [ -49.5632193, -25.1492257 ], [ -49.5612142, -25.1495181 ], [ -49.5602794, -25.1485864 ], [ -49.5605596, -25.1477281 ], [ -49.5653357, -25.1465752 ], [ -49.5692918, -25.1432902 ], [ -49.5716601, -25.1428834 ], [ -49.5754596, -25.1387061 ], [ -49.5749261, -25.1352898 ], [ -49.5739233, -25.1342904 ], [ -49.5700678, -25.1348071 ], [ -49.5718213, -25.1320257 ], [ -49.5723275, -25.1291369 ], [ -49.5748079, -25.1278999 ], [ -49.573558, -25.1251191 ], [ -49.5762564, -25.1223469 ], [ -49.5792895, -25.1170834 ], [ -49.5870853, -25.1174377 ], [ -49.5868137, -25.1147572 ], [ -49.584398, -25.1133808 ], [ -49.5830402, -25.1110591 ], [ -49.5876492, -25.1095661 ], [ -49.5880684, -25.1075368 ], [ -49.5865767, -25.1059563 ], [ -49.5864554, -25.1047237 ], [ -49.5932098, -25.1016805 ], [ -49.5960532, -25.0922653 ], [ -49.6016783, -25.0875491 ], [ -49.5968786, -25.0850113 ], [ -49.5929724, -25.0811293 ], [ -49.5891335, -25.0802929 ], [ -49.587795, -25.0792341 ], [ -49.5879913, -25.0768036 ], [ -49.5914691, -25.0738235 ], [ -49.5909196, -25.0716979 ], [ -49.582262, -25.0759515 ], [ -49.5795332, -25.0755254 ], [ -49.581998, -25.0725342 ], [ -49.5839732, -25.0681536 ], [ -49.5822291, -25.067154 ], [ -49.5774009, -25.0672601 ], [ -49.5774939, -25.0651698 ], [ -49.5792659, -25.0637097 ], [ -49.5782593, -25.0601001 ], [ -49.5729905, -25.0632808 ], [ -49.5702912, -25.0632545 ], [ -49.5671089, -25.0612226 ], [ -49.5643339, -25.0618129 ], [ -49.5635976, -25.0612513 ], [ -49.5637125, -25.0599915 ], [ -49.5654339, -25.0572407 ], [ -49.5608843, -25.0507648 ], [ -49.5584361, -25.0494205 ], [ -49.5570167, -25.0499574 ], [ -49.5557384, -25.049085 ], [ -49.55197, -25.0510492 ], [ -49.5504439, -25.0486953 ], [ -49.5459834, -25.046468 ], [ -49.5477848, -25.0433198 ], [ -49.548522, -25.0401253 ], [ -49.5525762, -25.0367479 ], [ -49.5559309, -25.0385653 ], [ -49.5587626, -25.0359792 ], [ -49.562407, -25.0359527 ], [ -49.5660626, -25.0379249 ], [ -49.5695792, -25.0344823 ], [ -49.5728356, -25.0329753 ], [ -49.5776279, -25.0269314 ], [ -49.5774436, -25.0255753 ], [ -49.5781963, -25.0246002 ], [ -49.582321, -25.0210393 ], [ -49.5852285, -25.0205127 ], [ -49.5828607, -25.0180693 ], [ -49.5839445, -25.016707 ], [ -49.5871115, -25.0165973 ], [ -49.5889592, -25.0151843 ], [ -49.59222, -25.015293 ], [ -49.5986328, -25.0106192 ], [ -49.5997197, -25.0015978 ], [ -49.6028717, -24.9993153 ], [ -49.6040673, -24.9970328 ], [ -49.6053716, -24.9880114 ], [ -49.6042124, -24.9864614 ], [ -49.6021386, -24.9869783 ], [ -49.599934, -24.9850508 ], [ -49.5983146, -24.9821657 ], [ -49.5976676, -24.9783262 ], [ -49.5957719, -24.9756068 ], [ -49.5934685, -24.976648 ], [ -49.5920265, -24.9763774 ], [ -49.5917644, -24.9751145 ], [ -49.586399, -24.9683406 ], [ -49.5817256, -24.9650866 ], [ -49.5792707, -24.9651292 ], [ -49.5767625, -24.9637575 ], [ -49.5748781, -24.959411 ], [ -49.571763, -24.9622595 ], [ -49.5688342, -24.9674498 ], [ -49.5628131, -24.9684611 ], [ -49.560892, -24.9738577 ], [ -49.5591954, -24.973973 ], [ -49.5564051, -24.971905 ], [ -49.5540136, -24.9740376 ], [ -49.5537719, -24.9762081 ], [ -49.549596, -24.9768422 ], [ -49.5464629, -24.9797481 ], [ -49.5444274, -24.9850194 ], [ -49.5362561, -24.9879618 ], [ -49.5225781, -24.9982769 ], [ -49.5204058, -25.0007803 ], [ -49.5198634, -25.0056977 ], [ -49.5161347, -25.0048756 ], [ -49.5109452, -25.0055627 ], [ -49.5098246, -25.0041472 ], [ -49.502747, -25.0082168 ], [ -49.5006827, -25.0088066 ], [ -49.4993857, -25.0074084 ], [ -49.4966288, -25.0085005 ], [ -49.4963572, -25.0090977 ], [ -49.4989774, -25.0102256 ], [ -49.4974978, -25.0104581 ], [ -49.4985005, -25.0116377 ], [ -49.5014444, -25.0132156 ], [ -49.4998991, -25.0157663 ], [ -49.4999299, -25.0185061 ], [ -49.5012867, -25.020603 ], [ -49.5020563, -25.0242058 ], [ -49.5091044, -25.031144 ], [ -49.5071859, -25.0335656 ], [ -49.5049838, -25.0343055 ], [ -49.5032253, -25.0363868 ], [ -49.5006403, -25.0376988 ], [ -49.5039419, -25.0387554 ], [ -49.5044285, -25.0403611 ], [ -49.5026342, -25.0432837 ], [ -49.4977078, -25.0462025 ], [ -49.4983089, -25.0504498 ], [ -49.49396, -25.0547824 ], [ -49.4949639, -25.0569615 ], [ -49.4935161, -25.0582898 ], [ -49.488348, -25.0591774 ], [ -49.4846906, -25.0637216 ], [ -49.4818151, -25.0698941 ], [ -49.4818092, -25.0736958 ], [ -49.4829851, -25.0756451 ], [ -49.4825828, -25.0826484 ], [ -49.4815918, -25.0843256 ], [ -49.4795704, -25.0844606 ], [ -49.4757911, -25.0884314 ], [ -49.469237, -25.0920319 ], [ -49.46565, -25.0959884 ], [ -49.4656489, -25.0976578 ], [ -49.4637853, -25.101165 ], [ -49.4568977, -25.1050349 ], [ -49.4559055, -25.1078532 ], [ -49.4521496, -25.1095554 ], [ -49.4479621, -25.1092015 ], [ -49.4472543, -25.1120915 ], [ -49.4461337, -25.1126223 ], [ -49.4450721, -25.1121505 ], [ -49.4436565, -25.1130942 ], [ -49.4439514, -25.1157483 ], [ -49.4429302, -25.1186585 ], [ -49.4349804, -25.121965 ], [ -49.4288083, -25.126173 ], [ -49.4288231, -25.1269987 ], [ -49.4317573, -25.1269102 ], [ -49.4330991, -25.1310683 ], [ -49.435768, -25.1343638 ], [ -49.4374636, -25.1352337 ], [ -49.4436123, -25.1441397 ], [ -49.4456557, -25.1443404 ], [ -49.4451263, -25.1455957 ], [ -49.4457751, -25.1463625 ], [ -49.4502575, -25.1484268 ], [ -49.4511422, -25.1503141 ], [ -49.4549169, -25.1500782 ], [ -49.4560965, -25.1492377 ], [ -49.458689, -25.1515085 ], [ -49.4621689, -25.1526881 ], [ -49.4621983, -25.1667548 ], [ -49.4576274, -25.1646905 ], [ -49.4511986, -25.1649854 ], [ -49.4486625, -25.1669907 ], [ -49.441113, -25.168996 ], [ -49.4357459, -25.1725938 ], [ -49.4327379, -25.172063 ], [ -49.4278426, -25.1729477 ], [ -49.4259618, -25.1751419 ], [ -49.4243038, -25.1756018 ], [ -49.4171082, -25.1715322 ], [ -49.4112692, -25.171945 ], [ -49.4097947, -25.1743632 ], [ -49.4078484, -25.1752479 ], [ -49.4026393, -25.1746251 ], [ -49.4008601, -25.1752979 ], [ -49.3930162, -25.1816641 ], [ -49.3883979, -25.1834934 ], [ -49.3855393, -25.1858818 ], [ -49.3808898, -25.1875894 ], [ -49.3779998, -25.1870881 ], [ -49.3765548, -25.1876189 ], [ -49.3754897, -25.1907559 ], [ -49.3695656, -25.1928091 ], [ -49.3630707, -25.1917097 ], [ -49.361942, -25.1931206 ], [ -49.3573802, -25.1940141 ], [ -49.3564867, -25.1958012 ], [ -49.3528658, -25.1976946 ] ] ] } },
{ "type": "Feature", "properties": { "municipio": "Piên", "municipio_norm": "PIEN", "uf": "Paraná", "uf_sigla": "PR", "uf_norm": "PARANA", "cod_municipio": "4119103" }, "geometry": { "type": "Polygon", "coordinates": [ [ [ -49.3525066, -26.0998356 ], [ -49.353618, -26.1003462 ], [ -49.354217, -26.1020436 ], [ -49.3525614, -26.1058836 ], [ -49.3534164, -26.1058922 ], [ -49.3518286, -26.1074869 ], [ -49.3524001, -26.1088699 ], [ -49.351142, -26.1101455 ], [ -49.3524924, -26.1124724 ], [ -49.3527507, -26.1150173 ], [ -49.355129, -26.1171305 ], [ -49.353012, -26.1181938 ], [ -49.3537729, -26.1197703 ], [ -49.3555317, -26.1209078 ], [ -49.3558765, -26.1242491 ], [ -49.3573975, -26.1264923 ], [ -49.3594685, -26.1273542 ], [ -49.3603683, -26.1288118 ], [ -49.3599997, -26.1298079 ], [ -49.3609363, -26.1300335 ], [ -49.3621422, -26.1340213 ], [ -49.3603046, -26.1386557 ], [ -49.3622064, -26.1395865 ], [ -49.3600677, -26.1406077 ], [ -49.3617669, -26.141942 ], [ -49.3625754, -26.1411618 ], [ -49.3635779, -26.1416625 ], [ -49.3655938, -26.1436507 ], [ -49.3664768, -26.1433755 ], [ -49.3658718, -26.1470635 ], [ -49.3675214, -26.1466872 ], [ -49.3678343, -26.145251 ], [ -49.3686968, -26.1452752 ], [ -49.3687501, -26.1490977 ], [ -49.370024, -26.1482203 ], [ -49.371802, -26.1485761 ], [ -49.3713819, -26.1502416 ], [ -49.3685702, -26.1528266 ], [ -49.3697361, -26.1532999 ], [ -49.369558, -26.1544087 ], [ -49.371167, -26.1540319 ], [ -49.3702152, -26.1557533 ], [ -49.3726085, -26.1534048 ], [ -49.373532, -26.1549204 ], [ -49.3744358, -26.1537246 ], [ -49.3766627, -26.1540049 ], [ -49.3754494, -26.1556094 ], [ -49.3793054, -26.1558346 ], [ -49.3799672, -26.1568503 ], [ -49.3813459, -26.1554551 ], [ -49.3828185, -26.1561217 ], [ -49.3848473, -26.1554132 ], [ -49.3860417, -26.1565078 ], [ -49.3879549, -26.1553157 ], [ -49.3880994, -26.1590588 ], [ -49.3900784, -26.1602205 ], [ -49.3919553, -26.1568941 ], [ -49.3950992, -26.1555254 ], [ -49.3950529, -26.1517249 ], [ -49.3967023, -26.1525687 ], [ -49.4003692, -26.1505039 ], [ -49.4002557, -26.1534842 ], [ -49.4032354, -26.1552361 ], [ -49.4033337, -26.1588252 ], [ -49.4066249, -26.161586 ], [ -49.4090571, -26.1617438 ], [ -49.4095425, -26.1607625 ], [ -49.4087252, -26.1591753 ], [ -49.4100729, -26.1578818 ], [ -49.4097628, -26.1567238 ], [ -49.4153499, -26.1553444 ], [ -49.4164959, -26.1530548 ], [ -49.4177558, -26.1539526 ], [ -49.4176917, -26.1557057 ], [ -49.419112, -26.1578768 ], [ -49.4164651, -26.1628216 ], [ -49.4169394, -26.1651067 ], [ -49.4203058, -26.1629654 ], [ -49.4246669, -26.1619525 ], [ -49.4248158, -26.1630064 ], [ -49.4205205, -26.1639616 ], [ -49.4215902, -26.1649522 ], [ -49.4214956, -26.1665516 ], [ -49.423974, -26.1656939 ], [ -49.4254289, -26.1664987 ], [ -49.4280144, -26.1661683 ], [ -49.4279323, -26.1678234 ], [ -49.4302249, -26.1674679 ], [ -49.4315377, -26.1685561 ], [ -49.4290584, -26.1707073 ], [ -49.430807, -26.1704848 ], [ -49.4334457, -26.168591 ], [ -49.4359307, -26.1721762 ], [ -49.4374351, -26.1729449 ], [ -49.4391212, -26.1722832 ], [ -49.4375882, -26.1718284 ], [ -49.436791, -26.1705338 ], [ -49.4365525, -26.1667335 ], [ -49.4397529, -26.1639012 ], [ -49.4439921, -26.1653491 ], [ -49.4452904, -26.1631997 ], [ -49.4485326, -26.1634887 ], [ -49.4523629, -26.1619579 ], [ -49.456917, -26.1635256 ], [ -49.4606711, -26.1622203 ], [ -49.4638538, -26.1683359 ], [ -49.4622271, -26.1711984 ], [ -49.4650814, -26.1739978 ], [ -49.4678927, -26.1732086 ], [ -49.4676671, -26.1761731 ], [ -49.4725828, -26.1782216 ], [ -49.4747497, -26.1819563 ], [ -49.4793639, -26.1840571 ], [ -49.4788088, -26.1860683 ], [ -49.4796888, -26.1866693 ], [ -49.4830134, -26.1845989 ], [ -49.4826753, -26.1817455 ], [ -49.485111, -26.1803967 ], [ -49.4872577, -26.1806379 ], [ -49.4847487, -26.1829387 ], [ -49.4859805, -26.1851659 ], [ -49.4921345, -26.1805125 ], [ -49.494766, -26.1802263 ], [ -49.4999127, -26.1778663 ], [ -49.5033212, -26.1777014 ], [ -49.5043515, -26.1728245 ], [ -49.5061569, -26.1724375 ], [ -49.5084343, -26.1699247 ], [ -49.509522, -26.164535 ], [ -49.511758, -26.161781 ], [ -49.511183, -26.160003 ], [ -49.5116302, -26.158167 ], [ -49.5136109, -26.155815 ], [ -49.511758, -26.154782 ], [ -49.5106081, -26.148586 ], [ -49.5112471, -26.146751 ], [ -49.5103522, -26.145489 ], [ -49.5081158, -26.145259 ], [ -49.507925, -26.144227 ], [ -49.5102251, -26.141703 ], [ -49.508883, -26.13872 ], [ -49.5074768, -26.137917 ], [ -49.508883, -26.132524 ], [ -49.507925, -26.128394 ], [ -49.5091379, -26.122314 ], [ -49.5073501, -26.1187 ], [ -49.508244, -26.117782 ], [ -49.5106718, -26.117323 ], [ -49.510863, -26.115889 ], [ -49.5132908, -26.115143 ], [ -49.5151441, -26.113422 ], [ -49.5149519, -26.111127 ], [ -49.516358, -26.106194 ], [ -49.5159109, -26.105563 ], [ -49.5171269, -26.1059336 ], [ -49.5169632, -26.1018947 ], [ -49.5177137, -26.0992693 ], [ -49.5216916, -26.095916 ], [ -49.5234346, -26.0926997 ], [ -49.5222966, -26.0895211 ], [ -49.5227123, -26.0880376 ], [ -49.5308515, -26.0754774 ], [ -49.5306004, -26.0723245 ], [ -49.5279946, -26.0683241 ], [ -49.5285989, -26.0638192 ], [ -49.5297852, -26.0636784 ], [ -49.5325129, -26.0682348 ], [ -49.5365307, -26.0711094 ], [ -49.5398548, -26.0703686 ], [ -49.5416077, -26.0656279 ], [ -49.5415168, -26.0632539 ], [ -49.5390153, -26.0579982 ], [ -49.5385192, -26.0531801 ], [ -49.5371775, -26.0493296 ], [ -49.5334979, -26.0445187 ], [ -49.5337756, -26.0406533 ], [ -49.5376379, -26.0349001 ], [ -49.5414897, -26.0315231 ], [ -49.5440781, -26.0268423 ], [ -49.5464901, -26.0251272 ], [ -49.5492114, -26.0159402 ], [ -49.5517152, -26.0119701 ], [ -49.5502641, -26.0087623 ], [ -49.5488248, -26.0088442 ], [ -49.5482165, -26.0100778 ], [ -49.5465231, -26.0081546 ], [ -49.5467968, -26.0027087 ], [ -49.5457414, -26.0004609 ], [ -49.5454079, -25.9939729 ], [ -49.543819, -25.9921204 ], [ -49.5438775, -25.9908365 ], [ -49.5429057, -25.9903724 ], [ -49.5430754, -25.9887929 ], [ -49.5455408, -25.9859307 ], [ -49.5460482, -25.9839273 ], [ -49.5455436, -25.9829739 ], [ -49.544129, -25.9831476 ], [ -49.5427153, -25.9729316 ], [ -49.547046, -25.9704078 ], [ -49.5484065, -25.9666566 ], [ -49.5461923, -25.9651489 ], [ -49.5435939, -25.9493352 ], [ -49.5401091, -25.9480245 ], [ -49.5409092, -25.9504599 ], [ -49.5394656, -25.9584249 ], [ -49.5372801, -25.9613488 ], [ -49.537889, -25.9676786 ], [ -49.5370283, -25.9736379 ], [ -49.5292817, -25.9846852 ], [ -49.5302612, -25.9922733 ], [ -49.5276265, -25.9965002 ], [ -49.5207963, -26.0028498 ], [ -49.519273, -26.0057703 ], [ -49.5197684, -26.0063568 ], [ -49.5190593, -26.0081304 ], [ -49.5167118, -26.0093056 ], [ -49.5157798, -26.0089236 ], [ -49.5156094, -26.0114057 ], [ -49.5085909, -26.0147082 ], [ -49.5079174, -26.0137855 ], [ -49.5064795, -26.0147706 ], [ -49.5053246, -26.0140736 ], [ -49.5038604, -26.0158786 ], [ -49.5017073, -26.0160631 ], [ -49.4967978, -26.0115845 ], [ -49.4954971, -26.0127684 ], [ -49.4922039, -26.0113263 ], [ -49.4915537, -26.0122268 ], [ -49.4879945, -26.00938 ], [ -49.4870642, -26.0069718 ], [ -49.4844981, -26.0090954 ], [ -49.4843952, -26.011703 ], [ -49.4836508, -26.012687 ], [ -49.4828813, -26.0120576 ], [ -49.4800539, -26.0165828 ], [ -49.4758936, -26.0180692 ], [ -49.4739194, -26.0239218 ], [ -49.4740081, -26.0275695 ], [ -49.4720373, -26.0303908 ], [ -49.4691263, -26.0317384 ], [ -49.4667627, -26.0287339 ], [ -49.4658507, -26.0248757 ], [ -49.4607419, -26.0253589 ], [ -49.4589457, -26.0262098 ], [ -49.4565601, -26.0318933 ], [ -49.4477614, -26.0346151 ], [ -49.4474801, -26.0366404 ], [ -49.4451933, -26.0400089 ], [ -49.4411332, -26.0415062 ], [ -49.4388426, -26.0442429 ], [ -49.436432, -26.0445516 ], [ -49.4339871, -26.0464681 ], [ -49.4294273, -26.0467909 ], [ -49.4254466, -26.0448454 ], [ -49.4229703, -26.0451491 ], [ -49.4218018, -26.046913 ], [ -49.419495, -26.046558 ], [ -49.4185121, -26.0448928 ], [ -49.4184073, -26.0424491 ], [ -49.4170119, -26.0406952 ], [ -49.4169812, -26.0378394 ], [ -49.4131479, -26.0350228 ], [ -49.4094493, -26.0346524 ], [ -49.4072696, -26.0334312 ], [ -49.4027662, -26.0364412 ], [ -49.3978582, -26.0354754 ], [ -49.3981656, -26.039783 ], [ -49.3960686, -26.0441889 ], [ -49.3942811, -26.0444636 ], [ -49.3949331, -26.0484461 ], [ -49.3929383, -26.0522246 ], [ -49.3856659, -26.0534271 ], [ -49.3853312, -26.0545406 ], [ -49.3863172, -26.0560413 ], [ -49.3783861, -26.0602572 ], [ -49.3653887, -26.0596181 ], [ -49.3629827, -26.0613453 ], [ -49.3564589, -26.0615955 ], [ -49.3566303, -26.0629784 ], [ -49.3527264, -26.0687919 ], [ -49.3526829, -26.0699174 ], [ -49.3473281, -26.0724314 ], [ -49.3492282, -26.0783179 ], [ -49.3502773, -26.0784948 ], [ -49.3501387, -26.0813125 ], [ -49.3511071, -26.0829489 ], [ -49.349591, -26.0830208 ], [ -49.3508117, -26.0875559 ], [ -49.3517289, -26.0883384 ], [ -49.3505499, -26.0886599 ], [ -49.3501473, -26.09039 ], [ -49.3515864, -26.0906732 ], [ -49.3513107, -26.091221 ], [ -49.3524841, -26.0921523 ], [ -49.3519375, -26.0929724 ], [ -49.3527659, -26.0930171 ], [ -49.3525622, -26.096166 ], [ -49.3516354, -26.0961542 ], [ -49.3527469, -26.0978681 ], [ -49.3525066, -26.0998356 ] ] ] } },
{ "type": "Feature", "properties": { "municipio": "Pinhais", "municipio_norm": "PINHAIS", "uf": "Paraná", "uf_sigla": "PR", "uf_norm": "PARANA", "cod_municipio": "4119152" }, "geometry": { "type": "Polygon", "coordinates": [ [ [ -49.1629709, -25.3923251 ], [ -49.145553, -25.389222 ], [ -49.1420318, -25.389262 ], [ -49.134357, -25.382972 ], [ -49.124052, -25.381052 ], [ -49.1199475, -25.3784417 ], [ -49.118799, -25.3797229 ], [ -49.113228, -25.3820602 ], [ -49.1098977, -25.3854901 ], [ -49.1069417, -25.3862441 ], [ -49.1039079, -25.3950234 ], [ -49.1076936, -25.3996305 ], [ -49.1098737, -25.400978 ], [ -49.1088696, -25.4065808 ], [ -49.1097304, -25.4086105 ], [ -49.1085797, -25.4110949 ], [ -49.110057, -25.4109395 ], [ -49.1090282, -25.4119807 ], [ -49.1105549, -25.4129662 ], [ -49.1110667, -25.4157814 ], [ -49.1105218, -25.4167368 ], [ -49.1110941, -25.4170972 ], [ -49.1097184, -25.4201487 ], [ -49.1121863, -25.4229009 ], [ -49.111378, -25.423681 ], [ -49.1125332, -25.4239166 ], [ -49.1122643, -25.4256234 ], [ -49.1137218, -25.4250269 ], [ -49.1134534, -25.4262873 ], [ -49.11413, -25.4266922 ], [ -49.1132931, -25.429432 ], [ -49.115157, -25.4303307 ], [ -49.1155675, -25.4321945 ], [ -49.1143804, -25.4322944 ], [ -49.1150682, -25.4329267 ], [ -49.1145357, -25.4341582 ], [ -49.1161, -25.4340362 ], [ -49.1153456, -25.4352011 ], [ -49.1156451, -25.436832 ], [ -49.1169765, -25.4376086 ], [ -49.1159182, -25.4401307 ], [ -49.1175897, -25.4402145 ], [ -49.1162633, -25.4408555 ], [ -49.1177623, -25.4408999 ], [ -49.1175404, -25.442034 ], [ -49.1189901, -25.4415064 ], [ -49.1189112, -25.4426701 ], [ -49.1198974, -25.4427293 ], [ -49.1213294, -25.4444348 ], [ -49.1208848, -25.4456394 ], [ -49.1221045, -25.4468135 ], [ -49.1243242, -25.446954 ], [ -49.1252593, -25.4460625 ], [ -49.1260999, -25.4466808 ], [ -49.1260651, -25.4457221 ], [ -49.128421, -25.445274 ], [ -49.1281979, -25.4440548 ], [ -49.1292821, -25.444237 ], [ -49.130407, -25.4426654 ], [ -49.1313796, -25.4431309 ], [ -49.1321368, -25.4416303 ], [ -49.1331441, -25.442068 ], [ -49.1326859, -25.443487 ], [ -49.134999, -25.4431587 ], [ -49.136094, -25.444712 ], [ -49.1370622, -25.4445272 ], [ -49.1369024, -25.4434713 ], [ -49.1391255, -25.444423 ], [ -49.1400841, -25.4435407 ], [ -49.140364, -25.444116 ], [ -49.1417752, -25.443629 ], [ -49.142894, -25.444759 ], [ -49.1464684, -25.4441868 ], [ -49.147045, -25.4451872 ], [ -49.1507547, -25.4444508 ], [ -49.1530489, -25.44533 ], [ -49.153878, -25.4445451 ], [ -49.1549224, -25.4448523 ], [ -49.1550521, -25.4459718 ], [ -49.1564651, -25.445767 ], [ -49.156629, -25.4472756 ], [ -49.1583219, -25.447337 ], [ -49.1593531, -25.4462086 ], [ -49.1598011, -25.4468713 ], [ -49.1606785, -25.4464326 ], [ -49.1608558, -25.4473006 ], [ -49.1631892, -25.4474219 ], [ -49.1635065, -25.4479726 ], [ -49.1625288, -25.448678 ], [ -49.1704852, -25.452977 ], [ -49.1753351, -25.462392 ], [ -49.1817719, -25.466659 ], [ -49.1845619, -25.471936 ], [ -49.1852157, -25.471858 ], [ -49.1896642, -25.4669647 ], [ -49.1925954, -25.4586495 ], [ -49.1983021, -25.4510406 ], [ -49.1991252, -25.4455887 ], [ -49.2004603, -25.4440309 ], [ -49.2034817, -25.4350766 ], [ -49.2028164, -25.4341162 ], [ -49.2030502, -25.4306715 ], [ -49.1979256, -25.424899 ], [ -49.1982328, -25.4190314 ], [ -49.197103, -25.4158723 ], [ -49.1984591, -25.4122984 ], [ -49.1947328, -25.4061881 ], [ -49.1932384, -25.3949202 ], [ -49.1934846, -25.3903485 ], [ -49.1920448, -25.389773 ], [ -49.180765, -25.393704 ], [ -49.1629709, -25.3923251 ] ] ] } },
{ "type": "Feature", "properties": { "municipio": "Curitiba", "municipio_norm": "CURITIBA", "uf": "Paraná", "uf_sigla": "PR", "uf_norm": "PARANA", "cod_municipio": "4106902" }, "geometry": { "type": "Polygon", "coordinates": [ [ [ -49.24131, -25.3511768 ], [ -49.2397122, -25.3511467 ], [ -49.2390814, -25.3502718 ], [ -49.2370416, -25.3512059 ], [ -49.2332213, -25.3498381 ], [ -49.2312114, -25.3504398 ], [ -49.2294964, -25.3498408 ], [ -49.2289942, -25.3526485 ], [ -49.2237875, -25.3563843 ], [ -49.2245053, -25.3584847 ], [ -49.2227141, -25.3597164 ], [ -49.2219204, -25.3640387 ], [ -49.2190658, -25.3638721 ], [ -49.2185439, -25.3625212 ], [ -49.2167522, -25.3615241 ], [ -49.2125313, -25.3617422 ], [ -49.211518, -25.3633501 ], [ -49.2074243, -25.3660458 ], [ -49.2068788, -25.3705282 ], [ -49.2088976, -25.3725166 ], [ -49.2090831, -25.3752956 ], [ -49.2081059, -25.3770822 ], [ -49.2055373, -25.3766487 ], [ -49.205674, -25.3805969 ], [ -49.2041617, -25.3821213 ], [ -49.202021, -25.3817343 ], [ -49.1974726, -25.3772081 ], [ -49.1959838, -25.3773136 ], [ -49.1949267, -25.3785562 ], [ -49.1951877, -25.3819644 ], [ -49.1941546, -25.3842984 ], [ -49.1946707, -25.3871691 ], [ -49.1931884, -25.3928145 ], [ -49.1947328, -25.4061881 ], [ -49.1984591, -25.4122984 ], [ -49.197103, -25.4158723 ], [ -49.1982328, -25.4190314 ], [ -49.1980271, -25.4253359 ], [ -49.2030502, -25.4306715 ], [ -49.2028164, -25.4341162 ], [ -49.2034817, -25.4350766 ], [ -49.2004603, -25.4440309 ], [ -49.1991252, -25.4455887 ], [ -49.1983021, -25.4510406 ], [ -49.1925954, -25.4586495 ], [ -49.1896642, -25.4669647 ], [ -49.1846714, -25.4718816 ], [ -49.1843889, -25.477012 ], [ -49.1849185, -25.4785531 ], [ -49.1935043, -25.4877099 ], [ -49.199508, -25.5020418 ], [ -49.1945934, -25.5052502 ], [ -49.1988675, -25.5119203 ], [ -49.2013146, -25.5133645 ], [ -49.2048197, -25.506754 ], [ -49.2066035, -25.5084467 ], [ -49.2083949, -25.5154916 ], [ -49.2170968, -25.5214727 ], [ -49.2187748, -25.527903 ], [ -49.2209063, -25.5313261 ], [ -49.2237288, -25.5333988 ], [ -49.2259284, -25.5382615 ], [ -49.22343, -25.5425536 ], [ -49.225745, -25.543946 ], [ -49.2227834, -25.5479231 ], [ -49.2253903, -25.5518031 ], [ -49.2236603, -25.5565792 ], [ -49.2245412, -25.5618215 ], [ -49.2372783, -25.56355 ], [ -49.2451399, -25.5748575 ], [ -49.2424918, -25.5822281 ], [ -49.2408849, -25.5843744 ], [ -49.2538413, -25.5907408 ], [ -49.2547239, -25.5927564 ], [ -49.2597494, -25.5982364 ], [ -49.2652138, -25.6006743 ], [ -49.2713428, -25.6067468 ], [ -49.2755776, -25.6087638 ], [ -49.2738721, -25.6118952 ], [ -49.2743145, -25.6128264 ], [ -49.2762687, -25.6136722 ], [ -49.2762892, -25.612265 ], [ -49.277479, -25.6109928 ], [ -49.2779364, -25.6134674 ], [ -49.2810379, -25.6134881 ], [ -49.282003, -25.6121266 ], [ -49.2831312, -25.6126205 ], [ -49.2858778, -25.6110218 ], [ -49.2864218, -25.6127426 ], [ -49.2872998, -25.6125583 ], [ -49.287314, -25.6137162 ], [ -49.2888908, -25.61461 ], [ -49.289627, -25.6134177 ], [ -49.2917938, -25.615296 ], [ -49.2930267, -25.6137836 ], [ -49.2951413, -25.6140479 ], [ -49.2955938, -25.6168854 ], [ -49.2963696, -25.6155205 ], [ -49.2976359, -25.6150612 ], [ -49.3012338, -25.6166241 ], [ -49.3021155, -25.6158111 ], [ -49.3015276, -25.6144663 ], [ -49.302328, -25.6140984 ], [ -49.3038616, -25.6154365 ], [ -49.3043935, -25.6178802 ], [ -49.3073829, -25.617813 ], [ -49.3096294, -25.6194685 ], [ -49.3104725, -25.6187244 ], [ -49.3100764, -25.6174146 ], [ -49.3123319, -25.6183831 ], [ -49.3110726, -25.6165502 ], [ -49.3124771, -25.6161205 ], [ -49.3159851, -25.619507 ], [ -49.3146466, -25.6205892 ], [ -49.3132868, -25.6203836 ], [ -49.3140987, -25.6218364 ], [ -49.3116268, -25.6227328 ], [ -49.3114555, -25.6241569 ], [ -49.3127746, -25.6245135 ], [ -49.3164968, -25.6233913 ], [ -49.31703, -25.6259881 ], [ -49.3185015, -25.6261415 ], [ -49.3185559, -25.6250803 ], [ -49.3193919, -25.6248485 ], [ -49.3218504, -25.6275384 ], [ -49.3221459, -25.6253778 ], [ -49.3231305, -25.625321 ], [ -49.3231474, -25.626779 ], [ -49.325133, -25.6282098 ], [ -49.3246227, -25.6295429 ], [ -49.3262135, -25.6294747 ], [ -49.3245424, -25.6302456 ], [ -49.3244059, -25.6315474 ], [ -49.3223954, -25.631902 ], [ -49.3231006, -25.6328515 ], [ -49.3258711, -25.6321986 ], [ -49.3280475, -25.6334931 ], [ -49.3292586, -25.6308474 ], [ -49.3303256, -25.6305166 ], [ -49.3319877, -25.633299 ], [ -49.3332976, -25.6315959 ], [ -49.335802, -25.6310433 ], [ -49.3363123, -25.6324729 ], [ -49.3391682, -25.6312352 ], [ -49.3413785, -25.632736 ], [ -49.3397065, -25.633353 ], [ -49.3425278, -25.6344147 ], [ -49.3431866, -25.6360517 ], [ -49.3424942, -25.6369701 ], [ -49.3432025, -25.6376655 ], [ -49.3445831, -25.6363429 ], [ -49.3462534, -25.6360023 ], [ -49.3463399, -25.6352124 ], [ -49.3450586, -25.6344159 ], [ -49.3454912, -25.6336919 ], [ -49.3482097, -25.6340665 ], [ -49.3480701, -25.6358664 ], [ -49.3471122, -25.6366458 ], [ -49.3481839, -25.6385796 ], [ -49.3491335, -25.6383494 ], [ -49.3489666, -25.6367182 ], [ -49.3508895, -25.6372882 ], [ -49.3508358, -25.6356425 ], [ -49.3520449, -25.6358097 ], [ -49.3534384, -25.6417786 ], [ -49.3566422, -25.6426729 ], [ -49.3547022, -25.643441 ], [ -49.3544216, -25.6445869 ], [ -49.3552814, -25.6453862 ], [ -49.3576144, -25.6437361 ], [ -49.365837, -25.641296 ], [ -49.3641739, -25.6384096 ], [ -49.3638098, -25.6356956 ], [ -49.3657807, -25.6333532 ], [ -49.364032, -25.631778 ], [ -49.3627319, -25.6289907 ], [ -49.3593639, -25.6265609 ], [ -49.359739, -25.6189928 ], [ -49.3576428, -25.6164113 ], [ -49.3574814, -25.6078715 ], [ -49.352282, -25.60482 ], [ -49.350504, -25.594757 ], [ -49.346001, -25.589549 ], [ -49.3453622, -25.5855027 ], [ -49.3462849, -25.5811365 ], [ -49.3446452, -25.5801407 ], [ -49.3427348, -25.580158 ], [ -49.3436646, -25.5770177 ], [ -49.342688, -25.574013 ], [ -49.345144, -25.568456 ], [ -49.34443, -25.560344 ], [ -49.3418659, -25.5550971 ], [ -49.345586, -25.548323 ], [ -49.346283, -25.54227 ], [ -49.342423, -25.5373325 ], [ -49.3406404, -25.5361759 ], [ -49.3441757, -25.531646 ], [ -49.3401554, -25.5270598 ], [ -49.3389842, -25.5207397 ], [ -49.3403205, -25.5184228 ], [ -49.3379633, -25.5158444 ], [ -49.3396111, -25.5134995 ], [ -49.339514, -25.512089 ], [ -49.3422, -25.5153738 ], [ -49.3427705, -25.514935 ], [ -49.3478842, -25.5168728 ], [ -49.3492451, -25.5186876 ], [ -49.3506253, -25.5177651 ], [ -49.3508551, -25.5184243 ], [ -49.352918, -25.518608 ], [ -49.3534663, -25.5202269 ], [ -49.3590101, -25.5202107 ], [ -49.3614768, -25.5178843 ], [ -49.367337, -25.5180089 ], [ -49.374463, -25.5134239 ], [ -49.3727195, -25.5125312 ], [ -49.3743977, -25.5092384 ], [ -49.3738577, -25.5077747 ], [ -49.3743625, -25.5041161 ], [ -49.3721158, -25.5015852 ], [ -49.3720789, -25.4969998 ], [ -49.3733739, -25.4952569 ], [ -49.3747014, -25.4948194 ], [ -49.3751207, -25.4934607 ], [ -49.3795412, -25.4924529 ], [ -49.3786839, -25.4916585 ], [ -49.3795241, -25.4915236 ], [ -49.3791088, -25.4903116 ], [ -49.381071, -25.4888634 ], [ -49.3792822, -25.4869281 ], [ -49.3812803, -25.4877376 ], [ -49.3818155, -25.4862861 ], [ -49.3834158, -25.4858418 ], [ -49.3836131, -25.4834698 ], [ -49.3848216, -25.4827285 ], [ -49.3833851, -25.4818853 ], [ -49.3840982, -25.4796339 ], [ -49.3819186, -25.4778774 ], [ -49.3839665, -25.4763931 ], [ -49.3829465, -25.4755098 ], [ -49.3844145, -25.475319 ], [ -49.383755, -25.4749767 ], [ -49.3845657, -25.4735797 ], [ -49.3835689, -25.4722971 ], [ -49.3847318, -25.4714472 ], [ -49.3838761, -25.4707177 ], [ -49.384681, -25.4697061 ], [ -49.3833336, -25.4698917 ], [ -49.3823069, -25.468901 ], [ -49.3847705, -25.4678063 ], [ -49.3854474, -25.4668105 ], [ -49.3843331, -25.4659225 ], [ -49.3859593, -25.4650015 ], [ -49.3847165, -25.4643004 ], [ -49.386451, -25.4634071 ], [ -49.3856964, -25.4623259 ], [ -49.3861411, -25.4617813 ], [ -49.3836948, -25.4608623 ], [ -49.3830221, -25.4593305 ], [ -49.3836002, -25.4583145 ], [ -49.3825544, -25.4579033 ], [ -49.3816863, -25.4560951 ], [ -49.3836373, -25.4562005 ], [ -49.3833402, -25.4549408 ], [ -49.3819694, -25.4541573 ], [ -49.3814648, -25.4526019 ], [ -49.3837296, -25.4527441 ], [ -49.3826291, -25.4523313 ], [ -49.382704, -25.4515715 ], [ -49.3836609, -25.451443 ], [ -49.3829919, -25.4505185 ], [ -49.3843, -25.4499235 ], [ -49.3837362, -25.4494482 ], [ -49.3843296, -25.4478984 ], [ -49.3855804, -25.448125 ], [ -49.3856876, -25.4474032 ], [ -49.3870192, -25.4469981 ], [ -49.3861138, -25.4465824 ], [ -49.3862176, -25.445065 ], [ -49.3884783, -25.4437459 ], [ -49.3888489, -25.4417243 ], [ -49.3863632, -25.4410672 ], [ -49.3875432, -25.4402024 ], [ -49.3859984, -25.4386631 ], [ -49.3871839, -25.4381751 ], [ -49.3884721, -25.4349165 ], [ -49.3889571, -25.4357083 ], [ -49.3892777, -25.4351264 ], [ -49.3875748, -25.4323886 ], [ -49.3893386, -25.4293044 ], [ -49.3880803, -25.4275302 ], [ -49.3853343, -25.4270323 ], [ -49.3845916, -25.4253299 ], [ -49.3858132, -25.4235538 ], [ -49.3845748, -25.4217575 ], [ -49.3820253, -25.4210614 ], [ -49.3834842, -25.4188785 ], [ -49.3818244, -25.4191859 ], [ -49.3803795, -25.4153769 ], [ -49.3786994, -25.41549 ], [ -49.3784393, -25.4132135 ], [ -49.3766121, -25.4119707 ], [ -49.3784255, -25.409226 ], [ -49.3752639, -25.4084719 ], [ -49.375841, -25.4073721 ], [ -49.3751765, -25.4066215 ], [ -49.3765794, -25.4044693 ], [ -49.3744694, -25.4018862 ], [ -49.3751096, -25.4001992 ], [ -49.3735939, -25.3993995 ], [ -49.3741645, -25.3979202 ], [ -49.3707631, -25.3963739 ], [ -49.3694005, -25.3971608 ], [ -49.3693814, -25.3964899 ], [ -49.3682628, -25.3963062 ], [ -49.3671545, -25.3968118 ], [ -49.36404, -25.3948132 ], [ -49.3651216, -25.3932374 ], [ -49.3627864, -25.3889373 ], [ -49.3598369, -25.386815 ], [ -49.3602763, -25.3844038 ], [ -49.3594062, -25.3832639 ], [ -49.3548788, -25.3834286 ], [ -49.353524, -25.3796583 ], [ -49.3522276, -25.3804336 ], [ -49.3482227, -25.3765987 ], [ -49.3483861, -25.3734042 ], [ -49.349166, -25.3724847 ], [ -49.3464417, -25.3710133 ], [ -49.3456374, -25.3688648 ], [ -49.3461525, -25.3659074 ], [ -49.3442719, -25.3655887 ], [ -49.3440872, -25.3644451 ], [ -49.3432586, -25.3641731 ], [ -49.3438497, -25.3619055 ], [ -49.3433443, -25.3605671 ], [ -49.3413259, -25.3598521 ], [ -49.34283, -25.3586871 ], [ -49.3414857, -25.3565476 ], [ -49.3418234, -25.3550512 ], [ -49.3407796, -25.3545093 ], [ -49.3413388, -25.3507949 ], [ -49.3402461, -25.3494604 ], [ -49.3379929, -25.351874 ], [ -49.3354354, -25.3517552 ], [ -49.3354354, -25.3547862 ], [ -49.329032, -25.360392 ], [ -49.3269322, -25.367338 ], [ -49.319946, -25.372199 ], [ -49.3191101, -25.374912 ], [ -49.3152005, -25.379335 ], [ -49.3103825, -25.3835913 ], [ -49.3034868, -25.384188 ], [ -49.303785, -25.3863252 ], [ -49.3026566, -25.3869504 ], [ -49.3017444, -25.3857487 ], [ -49.2995908, -25.3850864 ], [ -49.3016316, -25.3846193 ], [ -49.3027287, -25.3830133 ], [ -49.3002595, -25.3788695 ], [ -49.2990594, -25.3794187 ], [ -49.2976586, -25.3782831 ], [ -49.2958418, -25.3788068 ], [ -49.2954716, -25.3757444 ], [ -49.2936092, -25.3763438 ], [ -49.292535, -25.3758123 ], [ -49.286712, -25.3786695 ], [ -49.2848364, -25.3771662 ], [ -49.2863005, -25.376224 ], [ -49.2858324, -25.3736521 ], [ -49.2875385, -25.3716886 ], [ -49.2856265, -25.3692625 ], [ -49.2856842, -25.3677308 ], [ -49.2835375, -25.368353 ], [ -49.2836299, -25.3672575 ], [ -49.2821629, -25.3664626 ], [ -49.282622, -25.3647302 ], [ -49.2812755, -25.3641051 ], [ -49.2842099, -25.3629962 ], [ -49.2819484, -25.3616538 ], [ -49.2812487, -25.3550998 ], [ -49.281873, -25.3542649 ], [ -49.2803402, -25.3532658 ], [ -49.2795552, -25.3507935 ], [ -49.2780615, -25.3507161 ], [ -49.2775582, -25.3495459 ], [ -49.2752943, -25.3481037 ], [ -49.2738944, -25.3452392 ], [ -49.2645541, -25.3482142 ], [ -49.2630792, -25.3469293 ], [ -49.2596906, -25.347881 ], [ -49.2541678, -25.347905 ], [ -49.2504227, -25.3488976 ], [ -49.2491628, -25.348381 ], [ -49.2480194, -25.349057 ], [ -49.2466871, -25.3485806 ], [ -49.2452732, -25.3492513 ], [ -49.244095, -25.3481277 ], [ -49.2419381, -25.3495473 ], [ -49.24131, -25.3511768 ] ] ] } },
{ "type": "Feature", "properties": { "municipio": "Bocaiúva do Sul", "municipio_norm": "BOCAIUVA DO SUL", "uf": "Paraná", "uf_sigla": "PR", "uf_norm": "PARANA", "cod_municipio": "4103107" }, "geometry": { "type": "Polygon", "coordinates": [ [ [ -49.0819962, -25.2713758 ], [ -49.0838071, -25.2712401 ], [ -49.0865012, -25.2756002 ], [ -49.0903935, -25.2772784 ], [ -49.0922054, -25.2772602 ], [ -49.0934182, -25.2762314 ], [ -49.0940015, -25.2740872 ], [ -49.0922174, -25.2723288 ], [ -49.0963755, -25.2718109 ], [ -49.0961617, -25.2696803 ], [ -49.0984619, -25.270001 ], [ -49.0997079, -25.2670336 ], [ -49.1010054, -25.2672916 ], [ -49.1026421, -25.2662521 ], [ -49.1026052, -25.2641564 ], [ -49.1045663, -25.2641491 ], [ -49.1057238, -25.2645177 ], [ -49.1068739, -25.2664143 ], [ -49.1079061, -25.2649176 ], [ -49.1086433, -25.2652125 ], [ -49.107965, -25.2671773 ], [ -49.1093511, -25.2698904 ], [ -49.1088203, -25.2705023 ], [ -49.1099998, -25.2702811 ], [ -49.1096017, -25.2711658 ], [ -49.1114154, -25.2720653 ], [ -49.1128899, -25.2741001 ], [ -49.1133764, -25.2732744 ], [ -49.1160158, -25.2721832 ], [ -49.1153228, -25.2727435 ], [ -49.1155497, -25.2738172 ], [ -49.1169152, -25.2732744 ], [ -49.116989, -25.2739969 ], [ -49.119938, -25.2740116 ], [ -49.1192744, -25.2746604 ], [ -49.1229164, -25.2769459 ], [ -49.122135, -25.2773292 ], [ -49.1223856, -25.2781549 ], [ -49.1248038, -25.2778011 ], [ -49.1245826, -25.2767984 ], [ -49.126293, -25.277226 ], [ -49.1258654, -25.2762676 ], [ -49.126602, -25.2764079 ], [ -49.1273694, -25.2749111 ], [ -49.1281804, -25.275088 ], [ -49.1292853, -25.273721 ], [ -49.1300973, -25.2723897 ], [ -49.1292024, -25.2705446 ], [ -49.1294116, -25.268497 ], [ -49.1306354, -25.2673764 ], [ -49.1316381, -25.2675773 ], [ -49.1318991, -25.2665814 ], [ -49.1356782, -25.2679957 ], [ -49.1366514, -25.2697651 ], [ -49.1387452, -25.2674059 ], [ -49.1394493, -25.2676777 ], [ -49.1403155, -25.26442 ], [ -49.1414951, -25.2676068 ], [ -49.1438469, -25.2673192 ], [ -49.1489068, -25.2694509 ], [ -49.1496417, -25.2683661 ], [ -49.1491256, -25.2671276 ], [ -49.1476954, -25.2675552 ], [ -49.1456753, -25.2666115 ], [ -49.1463094, -25.2668087 ], [ -49.1472309, -25.2655775 ], [ -49.1465748, -25.2645472 ], [ -49.1516227, -25.2622911 ], [ -49.1534754, -25.2587653 ], [ -49.1511383, -25.2569461 ], [ -49.1516397, -25.2558403 ], [ -49.1528193, -25.256032 ], [ -49.1517945, -25.2546164 ], [ -49.1520157, -25.2527881 ], [ -49.1512932, -25.2531272 ], [ -49.1497007, -25.2514684 ], [ -49.1480198, -25.2510555 ], [ -49.1478428, -25.2497875 ], [ -49.1460882, -25.2488438 ], [ -49.1455131, -25.2475167 ], [ -49.1471646, -25.2472218 ], [ -49.146995, -25.2457989 ], [ -49.1477249, -25.2461012 ], [ -49.150637, -25.2428573 ], [ -49.1533722, -25.2425034 ], [ -49.153645, -25.2413312 ], [ -49.1573607, -25.2393554 ], [ -49.1592333, -25.2372469 ], [ -49.1622634, -25.2388614 ], [ -49.1664891, -25.2394921 ], [ -49.1692083, -25.2407635 ], [ -49.1721278, -25.2397756 ], [ -49.1740447, -25.2401885 ], [ -49.1755191, -25.2386697 ], [ -49.1763301, -25.2393333 ], [ -49.177436, -25.2369298 ], [ -49.1804735, -25.2375491 ], [ -49.1837306, -25.2366039 ], [ -49.1837321, -25.237527 ], [ -49.184403, -25.2374828 ], [ -49.1876027, -25.2347476 ], [ -49.191805, -25.2331846 ], [ -49.1924685, -25.2338924 ], [ -49.1965058, -25.2332963 ], [ -49.2037632, -25.2312088 ], [ -49.2101035, -25.231946 ], [ -49.2198057, -25.2312973 ], [ -49.2219747, -25.2304874 ], [ -49.2211091, -25.2098107 ], [ -49.20135, -25.2042816 ], [ -49.1999767, -25.2025699 ], [ -49.1938295, -25.2026059 ], [ -49.1871793, -25.1989018 ], [ -49.1838977, -25.1993879 ], [ -49.1812892, -25.1979638 ], [ -49.17782, -25.197996 ], [ -49.1754658, -25.1957624 ], [ -49.1755853, -25.1938442 ], [ -49.1744995, -25.1925038 ], [ -49.1640887, -25.1899058 ], [ -49.1619176, -25.1859189 ], [ -49.158101, -25.1825746 ], [ -49.1576455, -25.1817932 ], [ -49.1582944, -25.1808237 ], [ -49.1663718, -25.1727901 ], [ -49.1719246, -25.1724368 ], [ -49.1761808, -25.1703019 ], [ -49.1789103, -25.1653693 ], [ -49.1783188, -25.1644107 ], [ -49.1694493, -25.1595595 ], [ -49.1678756, -25.1577637 ], [ -49.1642876, -25.1586466 ], [ -49.1625863, -25.158049 ], [ -49.1602882, -25.1562025 ], [ -49.1584858, -25.1530427 ], [ -49.1549696, -25.1520373 ], [ -49.1522957, -25.1495606 ], [ -49.1461239, -25.1500335 ], [ -49.1422689, -25.1472668 ], [ -49.1354859, -25.1454632 ], [ -49.1335411, -25.1430317 ], [ -49.1323837, -25.1386698 ], [ -49.1297174, -25.137544 ], [ -49.1288272, -25.1345256 ], [ -49.124951, -25.1333591 ], [ -49.1224284, -25.1309959 ], [ -49.116396, -25.1299566 ], [ -49.1131768, -25.1314295 ], [ -49.1012186, -25.1278053 ], [ -49.1002519, -25.123618 ], [ -49.0985973, -25.1220423 ], [ -49.09637, -25.1218634 ], [ -49.090328, -25.1237786 ], [ -49.0861939, -25.1239878 ], [ -49.0761327, -25.1213421 ], [ -49.0749505, -25.1181661 ], [ -49.0699053, -25.1151296 ], [ -49.0649199, -25.116379 ], [ -49.0654787, -25.1132671 ], [ -49.0635257, -25.109654 ], [ -49.0649209, -25.1075785 ], [ -49.0682198, -25.1077222 ], [ -49.0713533, -25.1052946 ], [ -49.0737726, -25.1054774 ], [ -49.0784273, -25.1042464 ], [ -49.0819124, -25.1048427 ], [ -49.0830849, -25.1010341 ], [ -49.0855421, -25.0987836 ], [ -49.0853814, -25.0967277 ], [ -49.0871651, -25.0978907 ], [ -49.0889374, -25.0971846 ], [ -49.0908467, -25.092035 ], [ -49.0919297, -25.0912953 ], [ -49.0926217, -25.0860712 ], [ -49.094891, -25.0851076 ], [ -49.0956978, -25.0834104 ], [ -49.0932342, -25.0790594 ], [ -49.0939106, -25.0741437 ], [ -49.0900518, -25.0724467 ], [ -49.077371, -25.0627499 ], [ -49.0747938, -25.0595477 ], [ -49.0671856, -25.0580314 ], [ -49.0592304, -25.0523498 ], [ -49.0484929, -25.0485476 ], [ -49.0441744, -25.048078 ], [ -49.0374201, -25.043734 ], [ -49.0334134, -25.0435518 ], [ -49.025928, -25.039354 ], [ -49.0233319, -25.0387441 ], [ -49.0180658, -25.0392075 ], [ -49.0148165, -25.0371978 ], [ -49.0122578, -25.0370392 ], [ -49.0092696, -25.0382278 ], [ -49.008819, -25.0411449 ], [ -49.0074471, -25.0426235 ], [ -48.9995704, -25.0459516 ], [ -48.9984882, -25.0500793 ], [ -48.9963919, -25.0506365 ], [ -48.9929462, -25.0494852 ], [ -48.9911247, -25.0498697 ], [ -48.9884116, -25.0480908 ], [ -48.9863985, -25.0482131 ], [ -48.9857495, -25.0453537 ], [ -48.9816109, -25.0460717 ], [ -48.9816023, -25.0452123 ], [ -48.9760763, -25.039134 ], [ -48.9732059, -25.0391759 ], [ -48.9724325, -25.0383511 ], [ -48.9704092, -25.0411284 ], [ -48.965399, -25.0424738 ], [ -48.9646385, -25.0460816 ], [ -48.9604634, -25.0456766 ], [ -48.9588742, -25.0438524 ], [ -48.9574422, -25.0434429 ], [ -48.9521311, -25.0439015 ], [ -48.9514237, -25.0431139 ], [ -48.9462263, -25.0446396 ], [ -48.9443116, -25.0467835 ], [ -48.9343096, -25.0476531 ], [ -48.9316074, -25.0411795 ], [ -48.9284042, -25.0383484 ], [ -48.9264232, -25.0334851 ], [ -48.9253575, -25.033167 ], [ -48.9227213, -25.0349142 ], [ -48.91985, -25.0318583 ], [ -48.9148852, -25.0305409 ], [ -48.9140426, -25.0296486 ], [ -48.9109654, -25.0294446 ], [ -48.9090069, -25.0310327 ], [ -48.9041462, -25.0313952 ], [ -48.9027596, -25.031047 ], [ -48.902091, -25.0293781 ], [ -48.8996879, -25.0306142 ], [ -48.8944095, -25.0303146 ], [ -48.8884583, -25.0312929 ], [ -48.8858952, -25.0293105 ], [ -48.8800564, -25.0297556 ], [ -48.8786142, -25.0285535 ], [ -48.871317, -25.0308733 ], [ -48.8693218, -25.0292614 ], [ -48.8655086, -25.0300863 ], [ -48.8635041, -25.0290322 ], [ -48.8613173, -25.0306811 ], [ -48.8571849, -25.0306016 ], [ -48.8540711, -25.0324831 ], [ -48.8497116, -25.0326846 ], [ -48.8484165, -25.0338248 ], [ -48.8464347, -25.0334375 ], [ -48.8458973, -25.0373905 ], [ -48.847131, -25.0399192 ], [ -48.842405, -25.0401996 ], [ -48.8358436, -25.0374792 ], [ -48.8305275, -25.0368906 ], [ -48.8291751, -25.0341966 ], [ -48.8267713, -25.0331867 ], [ -48.8269312, -25.0318381 ], [ -48.8260046, -25.0307399 ], [ -48.8215377, -25.0299842 ], [ -48.8231842, -25.0274034 ], [ -48.8231908, -25.0259018 ], [ -48.8266982, -25.0271427 ], [ -48.8270633, -25.0242606 ], [ -48.8263889, -25.0230389 ], [ -48.8274216, -25.0218457 ], [ -48.8274187, -25.0190112 ], [ -48.8263348, -25.0171774 ], [ -48.8218609, -25.0172355 ], [ -48.8214472, -25.0165341 ], [ -48.8198872, -25.0168761 ], [ -48.8199269, -25.0161203 ], [ -48.8179227, -25.0162964 ], [ -48.815857, -25.0133903 ], [ -48.8146649, -25.0135406 ], [ -48.8111224, -25.0118499 ], [ -48.8104096, -25.0129073 ], [ -48.8110141, -25.0143716 ], [ -48.8097457, -25.014946 ], [ -48.8039548, -25.0131814 ], [ -48.8022825, -25.0136462 ], [ -48.8012294, -25.0122194 ], [ -48.802083, -25.011021 ], [ -48.7991521, -25.0090326 ], [ -48.7995971, -25.0079326 ], [ -48.7967773, -25.0048172 ], [ -48.7929244, -25.0038203 ], [ -48.7895131, -25.0051804 ], [ -48.7856732, -25.0052839 ], [ -48.7814724, -25.002437 ], [ -48.7805768, -25.0009489 ], [ -48.7600602, -25.0011121 ], [ -48.7588709, -25.0034111 ], [ -48.757002, -25.0038127 ], [ -48.755673, -25.000145 ], [ -48.7561403, -24.9977837 ], [ -48.7553526, -24.9954683 ], [ -48.7522942, -24.9981058 ], [ -48.7510667, -24.9977169 ], [ -48.751959, -24.9966652 ], [ -48.7505424, -24.9906626 ], [ -48.7475496, -24.9909454 ], [ -48.7470031, -24.9903013 ], [ -48.7474546, -24.9884752 ], [ -48.7457694, -24.9874544 ], [ -48.7443467, -24.9879507 ], [ -48.7436425, -24.9896554 ], [ -48.7415424, -24.9889278 ], [ -48.7407258, -24.9881563 ], [ -48.7411005, -24.9845305 ], [ -48.7390966, -24.984432 ], [ -48.7366697, -24.9826539 ], [ -48.7322417, -24.9817559 ], [ -48.7280266, -24.9827181 ], [ -48.7260426, -24.9816217 ], [ -48.7218224, -24.976774 ], [ -48.7213499, -24.9727835 ], [ -48.7187059, -24.9702763 ], [ -48.7122598, -24.9683575 ], [ -48.7106513, -24.9686112 ], [ -48.708092, -24.9703508 ], [ -48.7061811, -24.9730072 ], [ -48.6991019, -24.9700445 ], [ -48.6966005, -24.9712395 ], [ -48.6929587, -24.9696139 ], [ -48.6898442, -24.969902 ], [ -48.6879743, -24.968261 ], [ -48.6834103, -24.9675477 ], [ -48.6754337, -24.9617208 ], [ -48.668264, -24.9584736 ], [ -48.6674344, -24.9576743 ], [ -48.66741, -24.9560828 ], [ -48.6656073, -24.9553036 ], [ -48.6651014, -24.9537336 ], [ -48.6576165, -24.9491289 ], [ -48.6564849, -24.9472043 ], [ -48.6534584, -24.9480791 ], [ -48.6529769, -24.9474353 ], [ -48.6539984, -24.9454239 ], [ -48.6510923, -24.9438409 ], [ -48.6497136, -24.9444649 ], [ -48.6484539, -24.9439229 ], [ -48.6454943, -24.9403052 ], [ -48.642605, -24.9412162 ], [ -48.6418665, -24.938138 ], [ -48.6386419, -24.9361599 ], [ -48.6390565, -24.9324498 ], [ -48.6363453, -24.931248 ], [ -48.6360023, -24.9297909 ], [ -48.6332757, -24.9279881 ], [ -48.6306985, -24.9271691 ], [ -48.6294886, -24.9239363 ], [ -48.6242475, -24.927193 ], [ -48.6161142, -24.9253728 ], [ -48.6145413, -24.9263622 ], [ -48.6135965, -24.9253317 ], [ -48.6110209, -24.9255261 ], [ -48.6079728, -24.9238562 ], [ -48.6079366, -24.926595 ], [ -48.6052801, -24.9278711 ], [ -48.6029071, -24.9270545 ], [ -48.6035641, -24.9237845 ], [ -48.6023848, -24.9244729 ], [ -48.5997169, -24.9243307 ], [ -48.5976495, -24.9258196 ], [ -48.594477, -24.9241441 ], [ -48.5913748, -24.9253453 ], [ -48.5910869, -24.9239549 ], [ -48.5885744, -24.9255383 ], [ -48.5887351, -24.9277738 ], [ -48.5876714, -24.9279667 ], [ -48.5852707, -24.9238957 ], [ -48.5790706, -24.9253166 ], [ -48.5799745, -24.9245869 ], [ -48.5798111, -24.9234333 ], [ -48.5758858, -24.9204952 ], [ -48.5773342, -24.9171317 ], [ -48.5784671, -24.9163059 ], [ -48.5768276, -24.9149242 ], [ -48.5752263, -24.9153396 ], [ -48.5748629, -24.9168243 ], [ -48.5730552, -24.9155759 ], [ -48.571496, -24.9175131 ], [ -48.5676805, -24.9164358 ], [ -48.5652241, -24.9177292 ], [ -48.5655109, -24.9186875 ], [ -48.5676632, -24.9199412 ], [ -48.5712626, -24.9200089 ], [ -48.571891, -24.9232271 ], [ -48.5693631, -24.9282895 ], [ -48.5701793, -24.9315417 ], [ -48.5688976, -24.9320289 ], [ -48.567371, -24.9314352 ], [ -48.566424, -24.9326956 ], [ -48.5668393, -24.9353935 ], [ -48.5628676, -24.9394293 ], [ -48.5676991, -24.9415285 ], [ -48.5696748, -24.9434816 ], [ -48.5689359, -24.9468961 ], [ -48.5640324, -24.9487853 ], [ -48.5629815, -24.9503259 ], [ -48.5643226, -24.9514665 ], [ -48.5704626, -24.951606 ], [ -48.5726711, -24.9549294 ], [ -48.567946, -24.9600172 ], [ -48.568641, -24.9628001 ], [ -48.5674733, -24.9665764 ], [ -48.5673709, -24.9722669 ], [ -48.5710618, -24.9779459 ], [ -48.5747282, -24.9800855 ], [ -48.5762873, -24.9844367 ], [ -48.5801343, -24.9869411 ], [ -48.5865962, -24.9859191 ], [ -48.5884602, -24.9864393 ], [ -48.5904155, -24.9889127 ], [ -48.5892327, -24.9948099 ], [ -48.59155, -24.9966717 ], [ -48.5952033, -24.9961342 ], [ -48.5967274, -24.9985812 ], [ -48.5980558, -25.0032615 ], [ -48.6027602, -25.0013101 ], [ -48.6072615, -25.0012109 ], [ -48.6085745, -24.9982787 ], [ -48.6113613, -24.9975296 ], [ -48.6121945, -24.9979261 ], [ -48.6112687, -25.0014132 ], [ -48.614388, -25.0036034 ], [ -48.6175921, -25.0036956 ], [ -48.6196014, -25.0050653 ], [ -48.6222894, -25.0014237 ], [ -48.6263642, -25.0032602 ], [ -48.6280195, -25.001721 ], [ -48.6286622, -24.998805 ], [ -48.6320277, -24.9967612 ], [ -48.6386657, -25.0047325 ], [ -48.6421408, -25.0025636 ], [ -48.6435848, -25.0001561 ], [ -48.6485913, -24.9982589 ], [ -48.649617, -24.9989745 ], [ -48.6514081, -25.0044381 ], [ -48.6511363, -25.0060407 ], [ -48.6501956, -25.0068801 ], [ -48.6480898, -25.0068811 ], [ -48.6475694, -25.0077465 ], [ -48.6450246, -25.0076281 ], [ -48.6440118, -25.0107416 ], [ -48.6546955, -25.0134852 ], [ -48.6568981, -25.012924 ], [ -48.6580778, -25.0149602 ], [ -48.659562, -25.0153951 ], [ -48.6594483, -25.0177199 ], [ -48.6621668, -25.0201245 ], [ -48.6638552, -25.0200363 ], [ -48.6652054, -25.0179151 ], [ -48.6704838, -25.0180606 ], [ -48.6701186, -25.0222129 ], [ -48.6674762, -25.0244995 ], [ -48.6650667, -25.0288911 ], [ -48.6629488, -25.0285686 ], [ -48.661854, -25.0290497 ], [ -48.6619232, -25.0301991 ], [ -48.6635228, -25.0327995 ], [ -48.6704215, -25.032435 ], [ -48.6719624, -25.0297804 ], [ -48.6751769, -25.0306334 ], [ -48.6760866, -25.0327086 ], [ -48.673931, -25.0344464 ], [ -48.6737391, -25.0361518 ], [ -48.6753063, -25.0417766 ], [ -48.6773548, -25.0420839 ], [ -48.6770684, -25.0438876 ], [ -48.6779537, -25.044102 ], [ -48.6808447, -25.0402225 ], [ -48.6830594, -25.0400558 ], [ -48.6831668, -25.0430754 ], [ -48.6812579, -25.0460546 ], [ -48.6818826, -25.0477297 ], [ -48.6837959, -25.0492843 ], [ -48.6866839, -25.0469423 ], [ -48.6887058, -25.0465795 ], [ -48.6887144, -25.0511549 ], [ -48.6950168, -25.0534131 ], [ -48.6973013, -25.0508747 ], [ -48.696206, -25.049046 ], [ -48.6966167, -25.0479848 ], [ -48.6988218, -25.0481587 ], [ -48.6988455, -25.0493101 ], [ -48.7000662, -25.0492905 ], [ -48.7012669, -25.0466513 ], [ -48.7056317, -25.045195 ], [ -48.7069887, -25.0464315 ], [ -48.705994, -25.0488044 ], [ -48.7094633, -25.0480147 ], [ -48.7108787, -25.0449456 ], [ -48.7144864, -25.0441166 ], [ -48.7179718, -25.0412873 ], [ -48.7184267, -25.0399557 ], [ -48.7218352, -25.0414071 ], [ -48.7263827, -25.038616 ], [ -48.728784, -25.0382796 ], [ -48.7300796, -25.0366941 ], [ -48.7312037, -25.0331156 ], [ -48.7322523, -25.0327107 ], [ -48.7345718, -25.035651 ], [ -48.7362011, -25.0355096 ], [ -48.7374486, -25.036435 ], [ -48.7394444, -25.0397825 ], [ -48.7419323, -25.0371433 ], [ -48.7468229, -25.0403264 ], [ -48.747878, -25.0419058 ], [ -48.7517947, -25.0440055 ], [ -48.7521367, -25.042569 ], [ -48.7538559, -25.0430428 ], [ -48.751966, -25.0458014 ], [ -48.7515042, -25.0499742 ], [ -48.750576, -25.0513208 ], [ -48.752943, -25.0528383 ], [ -48.7530916, -25.0559091 ], [ -48.7542164, -25.058646 ], [ -48.7536135, -25.0607585 ], [ -48.7610048, -25.0606829 ], [ -48.7636064, -25.0592844 ], [ -48.764458, -25.0571517 ], [ -48.7671802, -25.0628159 ], [ -48.7689507, -25.0636064 ], [ -48.7697192, -25.0660571 ], [ -48.7692049, -25.0695394 ], [ -48.7697633, -25.0698913 ], [ -48.7714809, -25.0698751 ], [ -48.7726368, -25.0684931 ], [ -48.7733599, -25.0661138 ], [ -48.7722015, -25.0638502 ], [ -48.7771896, -25.0590644 ], [ -48.7784501, -25.0595561 ], [ -48.7792199, -25.0619581 ], [ -48.7811018, -25.0641903 ], [ -48.7837435, -25.063035 ], [ -48.784357, -25.0604275 ], [ -48.7872334, -25.0613367 ], [ -48.7893079, -25.0632622 ], [ -48.7950363, -25.0635318 ], [ -48.7960169, -25.0656684 ], [ -48.7994488, -25.0685478 ], [ -48.799013, -25.0712517 ], [ -48.8028395, -25.0759446 ], [ -48.8013371, -25.0790965 ], [ -48.8039428, -25.0812574 ], [ -48.8039629, -25.0826582 ], [ -48.8064036, -25.0826947 ], [ -48.8102895, -25.0842132 ], [ -48.8108642, -25.0823272 ], [ -48.8140012, -25.0814263 ], [ -48.8186047, -25.0830786 ], [ -48.8188393, -25.0851819 ], [ -48.8276645, -25.0872905 ], [ -48.8270066, -25.0886839 ], [ -48.8229138, -25.0912391 ], [ -48.8258214, -25.0930545 ], [ -48.8250084, -25.0968519 ], [ -48.828687, -25.0999853 ], [ -48.8316557, -25.1006368 ], [ -48.8337478, -25.1000089 ], [ -48.8392573, -25.0940128 ], [ -48.8385208, -25.0909313 ], [ -48.8396589, -25.0906205 ], [ -48.8443285, -25.0935934 ], [ -48.843474, -25.0960083 ], [ -48.8461854, -25.0995013 ], [ -48.8445357, -25.1011963 ], [ -48.8461566, -25.1023824 ], [ -48.8475975, -25.1031562 ], [ -48.8507387, -25.10209 ], [ -48.8549213, -25.104601 ], [ -48.8596138, -25.1039484 ], [ -48.8620811, -25.107692 ], [ -48.8665109, -25.1092622 ], [ -48.8653817, -25.1155674 ], [ -48.8668366, -25.1176913 ], [ -48.8687139, -25.1170295 ], [ -48.8692072, -25.1175714 ], [ -48.8696243, -25.1226119 ], [ -48.8683501, -25.1243444 ], [ -48.8688488, -25.1268648 ], [ -48.8667114, -25.1274546 ], [ -48.8664812, -25.1291592 ], [ -48.8688755, -25.1317486 ], [ -48.8691701, -25.134451 ], [ -48.874452, -25.1351051 ], [ -48.8766985, -25.1371752 ], [ -48.8669625, -25.1442658 ], [ -48.8665144, -25.1462402 ], [ -48.8671703, -25.148965 ], [ -48.8690875, -25.1508671 ], [ -48.8701013, -25.1485134 ], [ -48.8716994, -25.1476312 ], [ -48.8740048, -25.1478269 ], [ -48.8758102, -25.1493173 ], [ -48.8745262, -25.153007 ], [ -48.8758483, -25.1550443 ], [ -48.8758396, -25.1567944 ], [ -48.8727694, -25.1616524 ], [ -48.8773122, -25.167137 ], [ -48.8849201, -25.1680089 ], [ -48.8885684, -25.1703064 ], [ -48.8892281, -25.171551 ], [ -48.8871159, -25.1758885 ], [ -48.887814, -25.1786372 ], [ -48.8910532, -25.1797554 ], [ -48.8988433, -25.1781154 ], [ -48.9012403, -25.1795295 ], [ -48.9011637, -25.1839354 ], [ -48.9022795, -25.188792 ], [ -48.9003892, -25.1909088 ], [ -48.9014877, -25.1941584 ], [ -48.9054131, -25.1960482 ], [ -48.9085697, -25.1939928 ], [ -48.909212, -25.1999965 ], [ -48.9103217, -25.2014123 ], [ -48.9116579, -25.2001552 ], [ -48.9122006, -25.1961866 ], [ -48.9160232, -25.1949211 ], [ -48.9188916, -25.1927007 ], [ -48.9194585, -25.1938007 ], [ -48.9184538, -25.1983325 ], [ -48.918883, -25.1997825 ], [ -48.9205129, -25.1997203 ], [ -48.9221818, -25.2013731 ], [ -48.9251348, -25.2006313 ], [ -48.9255313, -25.2013383 ], [ -48.9241144, -25.2022244 ], [ -48.9248829, -25.2036564 ], [ -48.9261964, -25.203469 ], [ -48.9273225, -25.2012203 ], [ -48.9263431, -25.1989123 ], [ -48.9312124, -25.19867 ], [ -48.9348678, -25.1966202 ], [ -48.9361224, -25.1974203 ], [ -48.9369766, -25.2031603 ], [ -48.9385776, -25.2021938 ], [ -48.9390226, -25.1999371 ], [ -48.9402585, -25.1991274 ], [ -48.9435158, -25.1979148 ], [ -48.9459031, -25.1986481 ], [ -48.9475712, -25.197664 ], [ -48.9476466, -25.1985292 ], [ -48.9453472, -25.2012117 ], [ -48.9479273, -25.2047764 ], [ -48.9471857, -25.208516 ], [ -48.9491452, -25.2090573 ], [ -48.9520962, -25.2113658 ], [ -48.9452317, -25.2156802 ], [ -48.9461559, -25.2173659 ], [ -48.9436077, -25.219188 ], [ -48.9458395, -25.2211452 ], [ -48.9463931, -25.2233379 ], [ -48.9474876, -25.2241991 ], [ -48.9487586, -25.224011 ], [ -48.9491422, -25.2227805 ], [ -48.9509694, -25.2217757 ], [ -48.9524508, -25.223918 ], [ -48.9534517, -25.2235613 ], [ -48.9532446, -25.2252075 ], [ -48.9550973, -25.226778 ], [ -48.9559989, -25.2269978 ], [ -48.9572524, -25.2251188 ], [ -48.9579235, -25.2255811 ], [ -48.9576557, -25.2267516 ], [ -48.9585961, -25.2272581 ], [ -48.9591457, -25.2296982 ], [ -48.9577146, -25.2299872 ], [ -48.9579971, -25.2319689 ], [ -48.9610984, -25.233372 ], [ -48.9605529, -25.2348681 ], [ -48.9625014, -25.2374908 ], [ -48.9644454, -25.2377244 ], [ -48.9646299, -25.2388599 ], [ -48.9665838, -25.2385157 ], [ -48.9665603, -25.2399998 ], [ -48.9649036, -25.2401209 ], [ -48.9643425, -25.2412247 ], [ -48.9644811, -25.2437832 ], [ -48.961537, -25.245204 ], [ -48.9659316, -25.2449779 ], [ -48.9686122, -25.2457759 ], [ -48.9684981, -25.2472173 ], [ -48.9664936, -25.2478903 ], [ -48.9693073, -25.2516987 ], [ -48.9674859, -25.2522923 ], [ -48.9693455, -25.253492 ], [ -48.9677954, -25.25413 ], [ -48.9672248, -25.2530111 ], [ -48.9663724, -25.2539258 ], [ -48.9675744, -25.2550545 ], [ -48.9663763, -25.2563564 ], [ -48.9684876, -25.2578842 ], [ -48.9665645, -25.2600476 ], [ -48.9676089, -25.2597751 ], [ -48.9675982, -25.260515 ], [ -48.9664039, -25.2615297 ], [ -48.9662616, -25.2605983 ], [ -48.9648413, -25.2615279 ], [ -48.9646585, -25.264243 ], [ -48.9653519, -25.2648924 ], [ -48.9660463, -25.2639552 ], [ -48.9668451, -25.2649153 ], [ -48.9656392, -25.2665447 ], [ -48.9673208, -25.267659 ], [ -48.9663864, -25.2695462 ], [ -48.9671448, -25.2700898 ], [ -48.9672795, -25.2687526 ], [ -48.9682045, -25.2704104 ], [ -48.9697402, -25.270558 ], [ -48.9696388, -25.271257 ], [ -48.9707204, -25.2716017 ], [ -48.9696915, -25.2748634 ], [ -48.9705444, -25.2780487 ], [ -48.9687306, -25.2795296 ], [ -48.9701269, -25.2800003 ], [ -48.9707227, -25.282315 ], [ -48.9735968, -25.2824198 ], [ -48.9724499, -25.2817541 ], [ -48.9738017, -25.2810193 ], [ -48.9754107, -25.2822581 ], [ -48.978337, -25.2821324 ], [ -48.9790277, -25.2813588 ], [ -48.9796514, -25.2819419 ], [ -48.9800044, -25.2811885 ], [ -48.9792526, -25.2801454 ], [ -48.9808653, -25.2799011 ], [ -48.9803317, -25.279277 ], [ -48.9817167, -25.277686 ], [ -48.9839672, -25.2785007 ], [ -48.9849157, -25.2780502 ], [ -48.9855041, -25.277347 ], [ -48.9842462, -25.2767947 ], [ -48.9858439, -25.2759483 ], [ -48.9863737, -25.274711 ], [ -48.9835595, -25.2731361 ], [ -48.9830477, -25.2737905 ], [ -48.9820219, -25.2729101 ], [ -48.9807214, -25.2734901 ], [ -48.9802333, -25.27299 ], [ -48.9805655, -25.2719224 ], [ -48.9797229, -25.2708394 ], [ -48.9808129, -25.2706917 ], [ -48.9818081, -25.2693252 ], [ -48.980493, -25.2695102 ], [ -48.9800503, -25.2669963 ], [ -48.9811011, -25.2670256 ], [ -48.9814451, -25.2653813 ], [ -48.9829499, -25.2647839 ], [ -48.9826474, -25.2638317 ], [ -48.9838216, -25.2627963 ], [ -48.9831552, -25.2619237 ], [ -48.9850889, -25.2624412 ], [ -48.9842464, -25.2615257 ], [ -48.9864763, -25.2624009 ], [ -48.9874552, -25.2607257 ], [ -48.9882149, -25.2622778 ], [ -48.9892959, -25.260318 ], [ -48.9897304, -25.2613953 ], [ -48.9909061, -25.2615756 ], [ -48.9898968, -25.2623474 ], [ -48.9904215, -25.2633818 ], [ -48.9896149, -25.2642982 ], [ -48.9920195, -25.2640437 ], [ -48.9944287, -25.2675184 ], [ -48.9989898, -25.2657238 ], [ -49.000227, -25.2635368 ], [ -49.0014057, -25.2634271 ], [ -49.0007562, -25.264367 ], [ -49.0018535, -25.2651028 ], [ -49.003009, -25.2637181 ], [ -49.0056728, -25.2641673 ], [ -49.0057415, -25.2614275 ], [ -49.0090791, -25.259323 ], [ -49.0124212, -25.261496 ], [ -49.0142156, -25.2638897 ], [ -49.0146858, -25.2655076 ], [ -49.0137532, -25.2673448 ], [ -49.0153953, -25.2707663 ], [ -49.019786, -25.2689312 ], [ -49.0208657, -25.2699554 ], [ -49.0212403, -25.2691764 ], [ -49.022233, -25.2694376 ], [ -49.0249674, -25.2670207 ], [ -49.0292365, -25.269057 ], [ -49.0370794, -25.267285 ], [ -49.0372106, -25.2690392 ], [ -49.0399763, -25.2687473 ], [ -49.0412738, -25.2697931 ], [ -49.0419024, -25.2687506 ], [ -49.0462061, -25.2690397 ], [ -49.0482456, -25.2672087 ], [ -49.0500573, -25.2670694 ], [ -49.0509836, -25.2687691 ], [ -49.0527284, -25.2685663 ], [ -49.0531713, -25.2693538 ], [ -49.0576433, -25.2658892 ], [ -49.0588847, -25.2675129 ], [ -49.0613123, -25.2672761 ], [ -49.06225, -25.2652702 ], [ -49.0637383, -25.2644085 ], [ -49.0660893, -25.2673597 ], [ -49.0652866, -25.2693692 ], [ -49.069703, -25.2692822 ], [ -49.0704927, -25.2681801 ], [ -49.0736105, -25.2672113 ], [ -49.0767756, -25.2704264 ], [ -49.0767819, -25.2714767 ], [ -49.0804265, -25.2702055 ], [ -49.0792236, -25.2730528 ], [ -49.0819962, -25.2713758 ] ] ] } },
{ "type": "Feature", "properties": { "municipio": "Rio Negro", "municipio_norm": "RIO NEGRO", "uf": "Paraná", "uf_sigla": "PR", "uf_norm": "PARANA", "cod_municipio": "4122305" }, "geometry": { "type": "Polygon", "coordinates": [ [ [ -49.7745405, -26.1198453 ], [ -49.778346, -26.1198942 ], [ -49.7812543, -26.1166857 ], [ -49.7867095, -26.1033323 ], [ -49.7864047, -26.0997679 ], [ -49.7877406, -26.0982609 ], [ -49.7894708, -26.0995423 ], [ -49.7896616, -26.1023108 ], [ -49.7890502, -26.1075297 ], [ -49.7874443, -26.1118389 ], [ -49.7902071, -26.1132643 ], [ -49.7930051, -26.1134566 ], [ -49.7961635, -26.1125405 ], [ -49.7991301, -26.1102334 ], [ -49.8021861, -26.1102717 ], [ -49.8045242, -26.1081627 ], [ -49.8066632, -26.1029708 ], [ -49.808454, -26.095303 ], [ -49.8067785, -26.0900457 ], [ -49.807054, -26.0889094 ], [ -49.8087315, -26.0884621 ], [ -49.8126916, -26.0901068 ], [ -49.8148476, -26.0941155 ], [ -49.8202058, -26.0944376 ], [ -49.8249998, -26.0934253 ], [ -49.8307794, -26.0831446 ], [ -49.8282093, -26.0751735 ], [ -49.8295695, -26.0692978 ], [ -49.8316573, -26.0694972 ], [ -49.8358387, -26.0716174 ], [ -49.839968, -26.0764604 ], [ -49.8414697, -26.0772041 ], [ -49.8434005, -26.0733781 ], [ -49.8434167, -26.0716976 ], [ -49.8407842, -26.0693119 ], [ -49.8345321, -26.0692838 ], [ -49.8330325, -26.0660192 ], [ -49.8316035, -26.0594073 ], [ -49.8319912, -26.0529292 ], [ -49.8359512, -26.05294 ], [ -49.8391137, -26.061082 ], [ -49.8386181, -26.0639446 ], [ -49.8403674, -26.064819 ], [ -49.8446405, -26.0647989 ], [ -49.8503576, -26.06258 ], [ -49.8635593, -26.0550485 ], [ -49.8641613, -26.051286 ], [ -49.8635578, -26.048121 ], [ -49.8662311, -26.0454037 ], [ -49.8703854, -26.0447412 ], [ -49.8712467, -26.0437922 ], [ -49.8653774, -26.0383509 ], [ -49.8645721, -26.03579 ], [ -49.8696168, -26.0362487 ], [ -49.8688683, -26.0340482 ], [ -49.8699694, -26.0332501 ], [ -49.8779575, -26.0312914 ], [ -49.8841268, -26.0312702 ], [ -49.8907725, -26.0293655 ], [ -49.8995449, -26.0349643 ], [ -49.9006012, -26.0308067 ], [ -49.9044924, -26.0267289 ], [ -49.9147902, -26.0254229 ], [ -49.9184538, -26.0270557 ], [ -49.92222, -26.0272282 ], [ -49.9270101, -26.0296076 ], [ -49.9312753, -26.0303358 ], [ -49.9350665, -26.0331415 ], [ -49.9405793, -26.027204 ], [ -49.9404595, -26.0254651 ], [ -49.938498, -26.0221509 ], [ -49.9340588, -26.0188779 ], [ -49.9331933, -26.0192282 ], [ -49.9295269, -26.0168632 ], [ -49.9251642, -26.0161448 ], [ -49.9216156, -26.0145155 ], [ -49.9210749, -26.0134756 ], [ -49.9229859, -26.0118829 ], [ -49.9219295, -26.010815 ], [ -49.9243463, -26.0078036 ], [ -49.9237704, -26.0063653 ], [ -49.9246625, -26.0061146 ], [ -49.9256815, -26.007861 ], [ -49.9287123, -26.0056121 ], [ -49.9276511, -26.0047982 ], [ -49.9268629, -26.0020994 ], [ -49.9275992, -26.000689 ], [ -49.9262148, -25.9997146 ], [ -49.9270803, -25.9984962 ], [ -49.9250515, -25.9981264 ], [ -49.9259482, -25.9968728 ], [ -49.9258042, -25.9940416 ], [ -49.9283926, -25.993425 ], [ -49.930755, -25.9942321 ], [ -49.9341854, -25.9931298 ], [ -49.931989, -25.9915956 ], [ -49.9311061, -25.9882534 ], [ -49.930126, -25.9872354 ], [ -49.9266622, -25.9896237 ], [ -49.9259123, -25.9898126 ], [ -49.9248906, -25.9886123 ], [ -49.9236501, -25.9898103 ], [ -49.9219044, -25.9896386 ], [ -49.9216724, -25.991667 ], [ -49.9198431, -25.9907629 ], [ -49.918015, -25.9882376 ], [ -49.9188421, -25.9874066 ], [ -49.9184419, -25.9863238 ], [ -49.9162756, -25.9862952 ], [ -49.9154617, -25.9868022 ], [ -49.9159206, -25.9881795 ], [ -49.914798, -25.9893781 ], [ -49.9149898, -25.9916004 ], [ -49.9085895, -25.9911144 ], [ -49.9051157, -25.989833 ], [ -49.9053668, -25.9877232 ], [ -49.9071967, -25.9864176 ], [ -49.9047972, -25.985737 ], [ -49.9052782, -25.9837103 ], [ -49.9030677, -25.9839516 ], [ -49.9034646, -25.9853245 ], [ -49.9012038, -25.9869837 ], [ -49.8980156, -25.9852217 ], [ -49.8972917, -25.9835404 ], [ -49.8956208, -25.9838941 ], [ -49.8967658, -25.9813103 ], [ -49.8955251, -25.9821926 ], [ -49.8941525, -25.9820709 ], [ -49.8933407, -25.9837484 ], [ -49.8923544, -25.9825174 ], [ -49.8900606, -25.9838861 ], [ -49.8855138, -25.9839311 ], [ -49.8834309, -25.9818848 ], [ -49.8834646, -25.983899 ], [ -49.8797444, -25.9855065 ], [ -49.8799119, -25.983744 ], [ -49.8781061, -25.9837513 ], [ -49.8783377, -25.9845004 ], [ -49.8772759, -25.9842918 ], [ -49.8767391, -25.983041 ], [ -49.875592, -25.9836131 ], [ -49.8746344, -25.9824801 ], [ -49.87334, -25.9826081 ], [ -49.87368, -25.9806857 ], [ -49.8718593, -25.9808934 ], [ -49.8724776, -25.9797557 ], [ -49.8716142, -25.9788164 ], [ -49.8734029, -25.9776958 ], [ -49.8712378, -25.9753236 ], [ -49.870053, -25.9759468 ], [ -49.869426, -25.9743933 ], [ -49.8675936, -25.9741374 ], [ -49.8689313, -25.9732257 ], [ -49.8690046, -25.9719887 ], [ -49.8675726, -25.9719118 ], [ -49.8681842, -25.9701945 ], [ -49.86619, -25.9703395 ], [ -49.8659512, -25.9688566 ], [ -49.8677606, -25.9678547 ], [ -49.8675365, -25.96435 ], [ -49.869868, -25.9654698 ], [ -49.8707654, -25.9648628 ], [ -49.867672, -25.9620207 ], [ -49.8680706, -25.9615076 ], [ -49.8692686, -25.9625573 ], [ -49.8697399, -25.9621652 ], [ -49.8687735, -25.9569199 ], [ -49.8651738, -25.9560756 ], [ -49.8636884, -25.9577014 ], [ -49.8648104, -25.9587508 ], [ -49.8644936, -25.9593843 ], [ -49.8615299, -25.9581192 ], [ -49.8586668, -25.9592892 ], [ -49.858164, -25.954113 ], [ -49.8565618, -25.9543971 ], [ -49.8568675, -25.9556494 ], [ -49.8560657, -25.9560933 ], [ -49.8519474, -25.9553151 ], [ -49.8524838, -25.9540057 ], [ -49.852232, -25.9523575 ], [ -49.8511354, -25.9514141 ], [ -49.8515528, -25.9501365 ], [ -49.8482702, -25.948352 ], [ -49.8473989, -25.9486713 ], [ -49.8479591, -25.950213 ], [ -49.8466851, -25.9512183 ], [ -49.8466698, -25.9527336 ], [ -49.8456513, -25.9518961 ], [ -49.8422446, -25.9516823 ], [ -49.8437761, -25.9479566 ], [ -49.8428381, -25.9474476 ], [ -49.8420085, -25.9485683 ], [ -49.8405538, -25.9480085 ], [ -49.8426246, -25.9453653 ], [ -49.8415719, -25.9439419 ], [ -49.8399865, -25.9475542 ], [ -49.8367088, -25.9486984 ], [ -49.8365718, -25.9472004 ], [ -49.8347487, -25.9450195 ], [ -49.8321787, -25.9434607 ], [ -49.8299868, -25.9429624 ], [ -49.8293926, -25.9441205 ], [ -49.8282368, -25.9435294 ], [ -49.8272599, -25.9443223 ], [ -49.8278324, -25.9452786 ], [ -49.8295425, -25.9449403 ], [ -49.8294175, -25.9475473 ], [ -49.8282988, -25.9479432 ], [ -49.8279559, -25.9463942 ], [ -49.8271315, -25.9468274 ], [ -49.8272657, -25.9495617 ], [ -49.825021, -25.9501586 ], [ -49.8248274, -25.9510578 ], [ -49.8274344, -25.9522249 ], [ -49.8254171, -25.9535934 ], [ -49.8305218, -25.9554867 ], [ -49.8301024, -25.9607751 ], [ -49.8290272, -25.9608677 ], [ -49.8293967, -25.9594275 ], [ -49.8268074, -25.9599054 ], [ -49.8263281, -25.9614821 ], [ -49.8244241, -25.9597296 ], [ -49.8222969, -25.9600783 ], [ -49.8225253, -25.9587593 ], [ -49.8218886, -25.9582039 ], [ -49.8217676, -25.9595909 ], [ -49.8199298, -25.959948 ], [ -49.8210672, -25.961966 ], [ -49.8204344, -25.9628822 ], [ -49.818341, -25.9602707 ], [ -49.8175786, -25.961714 ], [ -49.8154514, -25.960538 ], [ -49.8169841, -25.9586988 ], [ -49.8160776, -25.9568208 ], [ -49.814684, -25.9571312 ], [ -49.8120418, -25.9557212 ], [ -49.8115024, -25.9565086 ], [ -49.8119866, -25.9578986 ], [ -49.8098294, -25.9579642 ], [ -49.8090709, -25.9589867 ], [ -49.8066887, -25.9585818 ], [ -49.8063433, -25.9576743 ], [ -49.8083868, -25.9576865 ], [ -49.8071474, -25.9559583 ], [ -49.8034674, -25.9551094 ], [ -49.8058102, -25.9538669 ], [ -49.8055089, -25.9518018 ], [ -49.8017699, -25.9526452 ], [ -49.7993272, -25.9518645 ], [ -49.7982171, -25.950805 ], [ -49.7965275, -25.9453151 ], [ -49.795756, -25.945774 ], [ -49.7958104, -25.9474165 ], [ -49.7942711, -25.9446667 ], [ -49.7935723, -25.945161 ], [ -49.7941327, -25.9460018 ], [ -49.7929327, -25.9456462 ], [ -49.7882746, -25.9516242 ], [ -49.7857212, -25.9557998 ], [ -49.7853055, -25.9579603 ], [ -49.785074, -25.9654553 ], [ -49.7896364, -25.9666674 ], [ -49.7916563, -25.975839 ], [ -49.7884996, -25.9839115 ], [ -49.7899726, -25.9899828 ], [ -49.7896923, -25.9969952 ], [ -49.7914347, -26.000507 ], [ -49.7907653, -26.0058213 ], [ -49.7899393, -26.0071211 ], [ -49.7902665, -26.0105233 ], [ -49.787085, -26.0143894 ], [ -49.7849079, -26.0187271 ], [ -49.7806044, -26.021397 ], [ -49.7750736, -26.0276507 ], [ -49.7733509, -26.0281627 ], [ -49.7730921, -26.026517 ], [ -49.7703859, -26.0235499 ], [ -49.7645026, -26.027104 ], [ -49.7617432, -26.0264808 ], [ -49.7595428, -26.0245466 ], [ -49.755958, -26.0240586 ], [ -49.7518741, -26.0249652 ], [ -49.7479571, -26.022438 ], [ -49.7448723, -26.0228854 ], [ -49.740664, -26.0257947 ], [ -49.7378245, -26.0261175 ], [ -49.7240782, -26.0226216 ], [ -49.72187, -26.0228754 ], [ -49.7206184, -26.0253839 ], [ -49.7168539, -26.0272009 ], [ -49.7111012, -26.0254177 ], [ -49.7070168, -26.0283251 ], [ -49.7031173, -26.028487 ], [ -49.697908, -26.0311265 ], [ -49.691578, -26.0320393 ], [ -49.6851594, -26.028217 ], [ -49.679098, -26.0266306 ], [ -49.6734939, -26.0301224 ], [ -49.6690813, -26.031188 ], [ -49.6680274, -26.0335586 ], [ -49.6574918, -26.0355162 ], [ -49.655464, -26.0400497 ], [ -49.6513584, -26.0421276 ], [ -49.6339133, -26.0405294 ], [ -49.6274707, -26.0433632 ], [ -49.6252679, -26.0458455 ], [ -49.6217768, -26.0464328 ], [ -49.6160147, -26.0442168 ], [ -49.6096567, -26.0392453 ], [ -49.6037374, -26.0320461 ], [ -49.6010464, -26.0310787 ], [ -49.5934991, -26.0261083 ], [ -49.5895783, -26.0250502 ], [ -49.5844165, -26.0255776 ], [ -49.5815224, -26.0283544 ], [ -49.5760776, -26.0360608 ], [ -49.5758279, -26.0389551 ], [ -49.5765153, -26.0403221 ], [ -49.574601, -26.0462983 ], [ -49.5716911, -26.0492049 ], [ -49.5704366, -26.0546921 ], [ -49.5695697, -26.0556485 ], [ -49.5673536, -26.0563744 ], [ -49.5612209, -26.055699 ], [ -49.5563762, -26.0586955 ], [ -49.5498563, -26.0558292 ], [ -49.5435264, -26.0569021 ], [ -49.5454093, -26.0591961 ], [ -49.5456038, -26.0632735 ], [ -49.5413183, -26.0700408 ], [ -49.5365307, -26.0711094 ], [ -49.5325129, -26.0682348 ], [ -49.5297852, -26.0636784 ], [ -49.5285989, -26.0638192 ], [ -49.5279946, -26.0683241 ], [ -49.5306004, -26.0723245 ], [ -49.5308515, -26.0754774 ], [ -49.5227123, -26.0880376 ], [ -49.5222966, -26.0895211 ], [ -49.5234346, -26.0926997 ], [ -49.5216916, -26.095916 ], [ -49.5177137, -26.0992693 ], [ -49.5169632, -26.1018947 ], [ -49.5171269, -26.1059336 ], [ -49.5159109, -26.105563 ], [ -49.516358, -26.106194 ], [ -49.5149519, -26.111127 ], [ -49.5151441, -26.113422 ], [ -49.5132908, -26.115143 ], [ -49.510863, -26.115889 ], [ -49.5106718, -26.117323 ], [ -49.508244, -26.117782 ], [ -49.5073501, -26.1187 ], [ -49.5091379, -26.122314 ], [ -49.507925, -26.128394 ], [ -49.508883, -26.132524 ], [ -49.5074768, -26.137917 ], [ -49.508883, -26.13872 ], [ -49.5102251, -26.141703 ], [ -49.507925, -26.144227 ], [ -49.5081158, -26.145259 ], [ -49.5103522, -26.145489 ], [ -49.5112471, -26.146751 ], [ -49.5106081, -26.148586 ], [ -49.511758, -26.154782 ], [ -49.5136109, -26.15547 ], [ -49.5112471, -26.159372 ], [ -49.511758, -26.161781 ], [ -49.509522, -26.164535 ], [ -49.5084343, -26.1699247 ], [ -49.503772, -26.1738136 ], [ -49.5033212, -26.1777014 ], [ -49.4999127, -26.1778663 ], [ -49.494766, -26.1802263 ], [ -49.4921345, -26.1805125 ], [ -49.4859805, -26.1851659 ], [ -49.4869596, -26.1890081 ], [ -49.4898642, -26.1898563 ], [ -49.4907386, -26.190903 ], [ -49.4904596, -26.191704 ], [ -49.4877565, -26.1916543 ], [ -49.4869946, -26.1926477 ], [ -49.4897493, -26.1991005 ], [ -49.4928992, -26.2009996 ], [ -49.4937614, -26.203661 ], [ -49.4969498, -26.202064 ], [ -49.500165, -26.2035144 ], [ -49.4979673, -26.2079019 ], [ -49.4959215, -26.209306 ], [ -49.4952291, -26.2112355 ], [ -49.494599, -26.2114702 ], [ -49.4929897, -26.2092688 ], [ -49.4909608, -26.2099715 ], [ -49.4905665, -26.2133358 ], [ -49.4912121, -26.2144459 ], [ -49.4957848, -26.2161295 ], [ -49.4985162, -26.2187818 ], [ -49.4961882, -26.2205777 ], [ -49.4963169, -26.2213536 ], [ -49.4984741, -26.2214632 ], [ -49.5023041, -26.2200626 ], [ -49.5039659, -26.2232838 ], [ -49.5031987, -26.2253368 ], [ -49.5043731, -26.226518 ], [ -49.5086662, -26.2252241 ], [ -49.5121798, -26.2211161 ], [ -49.519901, -26.2270911 ], [ -49.5208142, -26.2263695 ], [ -49.5206648, -26.2239784 ], [ -49.5224637, -26.2212854 ], [ -49.5259288, -26.2197197 ], [ -49.5284341, -26.2173771 ], [ -49.5296943, -26.2175723 ], [ -49.5311753, -26.2191075 ], [ -49.5305066, -26.2217973 ], [ -49.5289182, -26.2237692 ], [ -49.5296352, -26.2244121 ], [ -49.5325715, -26.2205534 ], [ -49.5342558, -26.2154256 ], [ -49.5374255, -26.212863 ], [ -49.5411848, -26.2138356 ], [ -49.5419116, -26.214347 ], [ -49.5419189, -26.2164059 ], [ -49.5403232, -26.2196566 ], [ -49.5427743, -26.2242238 ], [ -49.5413633, -26.2257764 ], [ -49.5362761, -26.2257941 ], [ -49.5362105, -26.2270119 ], [ -49.538534, -26.2301452 ], [ -49.5417875, -26.2269536 ], [ -49.5443816, -26.226283 ], [ -49.5453906, -26.2251804 ], [ -49.5482762, -26.225837 ], [ -49.5522481, -26.225264 ], [ -49.5521462, -26.2260122 ], [ -49.5477074, -26.2275049 ], [ -49.5467472, -26.2287592 ], [ -49.5496789, -26.2332429 ], [ -49.5523465, -26.2331102 ], [ -49.5537724, -26.2365675 ], [ -49.5556187, -26.237353 ], [ -49.560917, -26.2366707 ], [ -49.5667961, -26.2336719 ], [ -49.5679735, -26.2304897 ], [ -49.5703231, -26.2273265 ], [ -49.5705804, -26.2248761 ], [ -49.5742467, -26.2186768 ], [ -49.5758728, -26.2174287 ], [ -49.5762918, -26.2155484 ], [ -49.5786696, -26.2135129 ], [ -49.5800523, -26.2178116 ], [ -49.5793714, -26.2218404 ], [ -49.580748, -26.2245402 ], [ -49.5802349, -26.2258218 ], [ -49.5782156, -26.2260748 ], [ -49.5788222, -26.2275563 ], [ -49.5840167, -26.2302526 ], [ -49.5912012, -26.2315987 ], [ -49.5918673, -26.2294443 ], [ -49.5882754, -26.226039 ], [ -49.5874874, -26.2237811 ], [ -49.5870442, -26.2192481 ], [ -49.5878955, -26.2170359 ], [ -49.5891518, -26.2195533 ], [ -49.5913681, -26.2203536 ], [ -49.5925031, -26.2231687 ], [ -49.5983468, -26.2208769 ], [ -49.6002454, -26.2242808 ], [ -49.6006478, -26.2284303 ], [ -49.6016858, -26.2286286 ], [ -49.6031366, -26.2267997 ], [ -49.6032854, -26.2146777 ], [ -49.6052352, -26.211931 ], [ -49.607599, -26.2119364 ], [ -49.60885, -26.2138426 ], [ -49.6126529, -26.2135753 ], [ -49.6134171, -26.2119596 ], [ -49.6134892, -26.2077674 ], [ -49.6148729, -26.2076132 ], [ -49.6162755, -26.20849 ], [ -49.6176981, -26.2116654 ], [ -49.6173644, -26.2148605 ], [ -49.6205105, -26.216046 ], [ -49.6229226, -26.215574 ], [ -49.6250817, -26.2121465 ], [ -49.6285385, -26.2100979 ], [ -49.6322649, -26.2087464 ], [ -49.6345884, -26.2090193 ], [ -49.6349262, -26.2073159 ], [ -49.6343279, -26.2066905 ], [ -49.6328458, -26.2059524 ], [ -49.6315879, -26.2066512 ], [ -49.628111, -26.2059085 ], [ -49.6253474, -26.2016778 ], [ -49.6273685, -26.1987434 ], [ -49.6298044, -26.1975263 ], [ -49.6287383, -26.1939733 ], [ -49.6289845, -26.1921437 ], [ -49.6301123, -26.1912697 ], [ -49.6339624, -26.1898984 ], [ -49.636728, -26.1910522 ], [ -49.6362999, -26.1925414 ], [ -49.634566, -26.1941552 ], [ -49.6365208, -26.1976487 ], [ -49.6338689, -26.2001037 ], [ -49.6345518, -26.2028264 ], [ -49.6431601, -26.2099985 ], [ -49.6490705, -26.2094814 ], [ -49.6511876, -26.2076272 ], [ -49.6515747, -26.1995023 ], [ -49.649182, -26.1971638 ], [ -49.6485104, -26.1951247 ], [ -49.6539681, -26.1933651 ], [ -49.6529141, -26.1887893 ], [ -49.65369, -26.1869599 ], [ -49.6589127, -26.1868108 ], [ -49.6613647, -26.1877005 ], [ -49.6641759, -26.1922393 ], [ -49.6664909, -26.1905389 ], [ -49.669871, -26.1853219 ], [ -49.6728121, -26.1843319 ], [ -49.6744104, -26.1852475 ], [ -49.6728397, -26.1897859 ], [ -49.6740852, -26.1918708 ], [ -49.6749165, -26.191824 ], [ -49.6782448, -26.1876653 ], [ -49.6807649, -26.1865019 ], [ -49.6854443, -26.1885766 ], [ -49.6912362, -26.1893056 ], [ -49.6911533, -26.1879156 ], [ -49.6869807, -26.1841133 ], [ -49.6820141, -26.182801 ], [ -49.6791136, -26.1808166 ], [ -49.6765435, -26.1776513 ], [ -49.6769009, -26.1760687 ], [ -49.6808956, -26.1758537 ], [ -49.6852504, -26.1774172 ], [ -49.6905837, -26.1771122 ], [ -49.6932288, -26.1707758 ], [ -49.6989215, -26.1662261 ], [ -49.6985122, -26.162913 ], [ -49.6992924, -26.1613002 ], [ -49.7018148, -26.1591606 ], [ -49.7077362, -26.1575575 ], [ -49.7114555, -26.1543236 ], [ -49.7127653, -26.1546806 ], [ -49.7200687, -26.1655542 ], [ -49.7247876, -26.168329 ], [ -49.7259006, -26.1708663 ], [ -49.727533, -26.171436 ], [ -49.7341136, -26.164237 ], [ -49.7372501, -26.1575348 ], [ -49.7298147, -26.1508762 ], [ -49.7266634, -26.1490465 ], [ -49.7247092, -26.1445396 ], [ -49.7287546, -26.141796 ], [ -49.7338218, -26.1427186 ], [ -49.7371242, -26.1423877 ], [ -49.7400593, -26.1389566 ], [ -49.7489641, -26.1401181 ], [ -49.7496165, -26.1362067 ], [ -49.7484703, -26.1303432 ], [ -49.7485109, -26.1250319 ], [ -49.7499306, -26.1222332 ], [ -49.7541483, -26.1180333 ], [ -49.7592805, -26.1180628 ], [ -49.7618054, -26.1169454 ], [ -49.7631282, -26.1145711 ], [ -49.7652194, -26.1137753 ], [ -49.768008, -26.1046571 ], [ -49.7744702, -26.1006067 ], [ -49.77662, -26.1014242 ], [ -49.7772174, -26.1035107 ], [ -49.7788167, -26.1050487 ], [ -49.7785544, -26.1078182 ], [ -49.7771169, -26.1087098 ], [ -49.7715794, -26.1077965 ], [ -49.7689416, -26.1089131 ], [ -49.7678096, -26.1103674 ], [ -49.7702733, -26.1151632 ], [ -49.7745405, -26.1198453 ] ] ] } },
{ "type": "Feature", "properties": { "municipio": "Contenda", "municipio_norm": "CONTENDA", "uf": "Paraná", "uf_sigla": "PR", "uf_norm": "PARANA", "cod_municipio": "4106209" }, "geometry": { "type": "Polygon", "coordinates": [ [ [ -49.4640737, -25.7028424 ], [ -49.4615282, -25.7048967 ], [ -49.4599154, -25.7047862 ], [ -49.4595256, -25.7086669 ], [ -49.4575423, -25.7129745 ], [ -49.4554389, -25.7144325 ], [ -49.4552459, -25.7188219 ], [ -49.4529881, -25.7229929 ], [ -49.4533077, -25.7312495 ], [ -49.4485628, -25.7303972 ], [ -49.4436174, -25.7310097 ], [ -49.4415039, -25.7341814 ], [ -49.4377408, -25.7359458 ], [ -49.4344866, -25.7393421 ], [ -49.4273055, -25.7399921 ], [ -49.423832, -25.7428003 ], [ -49.4236342, -25.743848 ], [ -49.4193649, -25.7440303 ], [ -49.4164391, -25.7456573 ], [ -49.4140754, -25.7428877 ], [ -49.4120583, -25.7418415 ], [ -49.4109479, -25.7456614 ], [ -49.4113886, -25.7508704 ], [ -49.4075859, -25.7555505 ], [ -49.4096836, -25.7598946 ], [ -49.4038884, -25.7614778 ], [ -49.4030187, -25.7642673 ], [ -49.4006456, -25.766105 ], [ -49.3993649, -25.7690482 ], [ -49.3960247, -25.7733452 ], [ -49.3914654, -25.7737993 ], [ -49.3881632, -25.7760479 ], [ -49.3875516, -25.7807111 ], [ -49.3850884, -25.7835707 ], [ -49.3850451, -25.7850224 ], [ -49.3897009, -25.7932627 ], [ -49.3943245, -25.7935394 ], [ -49.3965547, -25.7924469 ], [ -49.4006532, -25.7934276 ], [ -49.4043728, -25.7920801 ], [ -49.4050827, -25.7906972 ], [ -49.4059746, -25.7914469 ], [ -49.4063533, -25.7904255 ], [ -49.4084754, -25.7919734 ], [ -49.4104654, -25.7906911 ], [ -49.4120442, -25.7919209 ], [ -49.4119863, -25.7943522 ], [ -49.4133753, -25.7914997 ], [ -49.4144586, -25.7910663 ], [ -49.4152893, -25.7936625 ], [ -49.4168827, -25.7941801 ], [ -49.4180158, -25.7923988 ], [ -49.4179711, -25.7908137 ], [ -49.4189228, -25.7905058 ], [ -49.4194753, -25.7891376 ], [ -49.4197167, -25.7866489 ], [ -49.4214559, -25.7849307 ], [ -49.4227396, -25.7852746 ], [ -49.4236506, -25.7878102 ], [ -49.4274903, -25.7881812 ], [ -49.427863, -25.7895144 ], [ -49.4285911, -25.7900669 ], [ -49.4297962, -25.7896255 ], [ -49.4303811, -25.7908401 ], [ -49.43187, -25.7910381 ], [ -49.4329874, -25.7884381 ], [ -49.4360837, -25.7920638 ], [ -49.4389443, -25.7924731 ], [ -49.4411855, -25.7913955 ], [ -49.4429338, -25.7940402 ], [ -49.4449179, -25.794622 ], [ -49.4480508, -25.7990504 ], [ -49.4490195, -25.796314 ], [ -49.4514902, -25.797974 ], [ -49.4524691, -25.7958848 ], [ -49.4522243, -25.7942231 ], [ -49.4539097, -25.7933523 ], [ -49.4537304, -25.7904234 ], [ -49.4528793, -25.7893275 ], [ -49.4552729, -25.7865013 ], [ -49.4588915, -25.7939193 ], [ -49.4598966, -25.7934632 ], [ -49.4618472, -25.795369 ], [ -49.4639439, -25.7943342 ], [ -49.4640018, -25.7904866 ], [ -49.4662096, -25.7897264 ], [ -49.4659928, -25.7912025 ], [ -49.4675607, -25.7927576 ], [ -49.4692009, -25.7923383 ], [ -49.4708582, -25.7929889 ], [ -49.4719992, -25.7941234 ], [ -49.4722111, -25.7960534 ], [ -49.4734041, -25.7964283 ], [ -49.4747317, -25.7987956 ], [ -49.4768428, -25.8004783 ], [ -49.4805767, -25.7995212 ], [ -49.482085, -25.800185 ], [ -49.4844342, -25.7969659 ], [ -49.4869404, -25.7963886 ], [ -49.4886323, -25.7969185 ], [ -49.4909175, -25.7953802 ], [ -49.4909189, -25.793291 ], [ -49.491927, -25.7927519 ], [ -49.4964617, -25.7954579 ], [ -49.50222, -25.8003213 ], [ -49.5057013, -25.8006585 ], [ -49.5067597, -25.8014551 ], [ -49.5078173, -25.8007417 ], [ -49.5084082, -25.8015014 ], [ -49.5086851, -25.8007496 ], [ -49.5094175, -25.8009064 ], [ -49.5092584, -25.800151 ], [ -49.5115108, -25.8002952 ], [ -49.5126674, -25.8010308 ], [ -49.5128755, -25.8032093 ], [ -49.5141593, -25.8044606 ], [ -49.5155837, -25.8040215 ], [ -49.519363, -25.8070721 ], [ -49.6148609, -25.7816683 ], [ -49.6125074, -25.7782656 ], [ -49.6136442, -25.7751067 ], [ -49.6126263, -25.7745247 ], [ -49.6120704, -25.772178 ], [ -49.6093724, -25.7706588 ], [ -49.6102679, -25.7702037 ], [ -49.6085575, -25.7683583 ], [ -49.6085773, -25.7666056 ], [ -49.6056702, -25.7645935 ], [ -49.6064317, -25.7627946 ], [ -49.6024768, -25.7569118 ], [ -49.6021919, -25.7521451 ], [ -49.6041171, -25.7494569 ], [ -49.6051756, -25.7455775 ], [ -49.6040033, -25.7457017 ], [ -49.6037499, -25.7447832 ], [ -49.6023076, -25.7441964 ], [ -49.6027273, -25.7417403 ], [ -49.6002206, -25.73765 ], [ -49.6006409, -25.7335289 ], [ -49.5988951, -25.7293326 ], [ -49.6005217, -25.7263507 ], [ -49.5990563, -25.7249641 ], [ -49.5990198, -25.7237097 ], [ -49.6020923, -25.7187432 ], [ -49.6035814, -25.717996 ], [ -49.6044472, -25.7136523 ], [ -49.6064156, -25.7109869 ], [ -49.6090048, -25.6760149 ], [ -49.6077977, -25.6692337 ], [ -49.609313, -25.6652013 ], [ -49.6082636, -25.6558607 ], [ -49.6096754, -25.651708 ], [ -49.6093672, -25.6458206 ], [ -49.6106022, -25.6428708 ], [ -49.6087941, -25.639927 ], [ -49.6093518, -25.6375408 ], [ -49.6086224, -25.6366179 ], [ -49.6083678, -25.6315764 ], [ -49.6060176, -25.6275279 ], [ -49.6051657, -25.6241074 ], [ -49.6063143, -25.6195693 ], [ -49.6049512, -25.613352 ], [ -49.5999134, -25.6058387 ], [ -49.5984834, -25.6063733 ], [ -49.599013, -25.6083624 ], [ -49.5972226, -25.6092177 ], [ -49.5911346, -25.6082075 ], [ -49.5884587, -25.6089243 ], [ -49.587979, -25.6073404 ], [ -49.5885038, -25.6065858 ], [ -49.5920703, -25.605812 ], [ -49.5938299, -25.6044422 ], [ -49.5892994, -25.6039933 ], [ -49.5847109, -25.5993817 ], [ -49.5851259, -25.6020152 ], [ -49.5813117, -25.6028913 ], [ -49.5812376, -25.6036585 ], [ -49.5830366, -25.604793 ], [ -49.5827371, -25.6060823 ], [ -49.5810285, -25.6060641 ], [ -49.5794219, -25.6035208 ], [ -49.5784662, -25.6046957 ], [ -49.5740002, -25.6066556 ], [ -49.573629, -25.6059173 ], [ -49.5749995, -25.6043811 ], [ -49.5729699, -25.6044261 ], [ -49.5708141, -25.6017085 ], [ -49.5673019, -25.6024925 ], [ -49.5654841, -25.6010103 ], [ -49.5626658, -25.6001907 ], [ -49.5622883, -25.5991405 ], [ -49.5630943, -25.5970323 ], [ -49.5622939, -25.5940042 ], [ -49.5591714, -25.5933609 ], [ -49.5577113, -25.5919076 ], [ -49.5556359, -25.592952 ], [ -49.5530289, -25.5907322 ], [ -49.5518008, -25.5908977 ], [ -49.551818, -25.5924478 ], [ -49.5545419, -25.593635 ], [ -49.554537, -25.5956215 ], [ -49.5557164, -25.5981196 ], [ -49.5515646, -25.5999587 ], [ -49.550429, -25.6012495 ], [ -49.5524474, -25.6035767 ], [ -49.5517935, -25.6046371 ], [ -49.549281, -25.6035463 ], [ -49.5479956, -25.6053587 ], [ -49.546785, -25.6053138 ], [ -49.5474811, -25.6067423 ], [ -49.5454153, -25.6068192 ], [ -49.5465145, -25.6072607 ], [ -49.5459037, -25.6083143 ], [ -49.5476796, -25.6087196 ], [ -49.545849, -25.6092226 ], [ -49.54734, -25.6109464 ], [ -49.5453185, -25.6111949 ], [ -49.5444604, -25.6144789 ], [ -49.5403047, -25.6183274 ], [ -49.5405864, -25.6295024 ], [ -49.5387448, -25.6347853 ], [ -49.5394925, -25.634773 ], [ -49.5397632, -25.6359849 ], [ -49.5388262, -25.6368798 ], [ -49.5391249, -25.6407657 ], [ -49.5379148, -25.6423829 ], [ -49.5391634, -25.6443319 ], [ -49.5405533, -25.6444157 ], [ -49.5400738, -25.6455183 ], [ -49.540726, -25.6511511 ], [ -49.5400242, -25.6532172 ], [ -49.5414452, -25.6556787 ], [ -49.5389759, -25.659045 ], [ -49.5359623, -25.660919 ], [ -49.5371705, -25.6617631 ], [ -49.5358191, -25.6643832 ], [ -49.5337465, -25.6651759 ], [ -49.5246322, -25.6662019 ], [ -49.5221932, -25.6681273 ], [ -49.5196005, -25.6651622 ], [ -49.5129076, -25.66202 ], [ -49.511912, -25.6584858 ], [ -49.5128438, -25.6564936 ], [ -49.5124174, -25.6528489 ], [ -49.5115284, -25.6514684 ], [ -49.5124164, -25.6465468 ], [ -49.5119224, -25.6446542 ], [ -49.510936, -25.642604 ], [ -49.5076429, -25.6420471 ], [ -49.5016952, -25.6376202 ], [ -49.4966811, -25.6378706 ], [ -49.4943403, -25.6366346 ], [ -49.4904536, -25.637505 ], [ -49.4873803, -25.6369887 ], [ -49.4834225, -25.6381054 ], [ -49.4789837, -25.6376819 ], [ -49.4772809, -25.6388689 ], [ -49.4777187, -25.6411284 ], [ -49.479427, -25.6423028 ], [ -49.4801134, -25.6446564 ], [ -49.4793196, -25.6464436 ], [ -49.4808706, -25.6484879 ], [ -49.4798949, -25.6522939 ], [ -49.4786486, -25.6529445 ], [ -49.4799995, -25.6567791 ], [ -49.4797133, -25.6601621 ], [ -49.4810234, -25.6625215 ], [ -49.4806441, -25.6653342 ], [ -49.4794504, -25.666963 ], [ -49.4796375, -25.6726148 ], [ -49.4783221, -25.6737426 ], [ -49.4796491, -25.6795305 ], [ -49.4789599, -25.6811506 ], [ -49.4793578, -25.6844404 ], [ -49.4776533, -25.6864714 ], [ -49.479609, -25.6907914 ], [ -49.478126, -25.6924707 ], [ -49.4781747, -25.6949768 ], [ -49.4748062, -25.6946383 ], [ -49.4726536, -25.6977554 ], [ -49.4708924, -25.6972215 ], [ -49.4690242, -25.6986934 ], [ -49.4661667, -25.698048 ], [ -49.4640737, -25.7028424 ] ] ] } },
{ "type": "Feature", "properties": { "municipio": "Balsa Nova", "municipio_norm": "BALSA NOVA", "uf": "Paraná", "uf_sigla": "PR", "uf_norm": "PARANA", "cod_municipio": "4102307" }, "geometry": { "type": "Polygon", "coordinates": [ [ [ -49.6463013, -25.4696822 ], [ -49.6431892, -25.4634215 ], [ -49.6418241, -25.4621557 ], [ -49.6347623, -25.4595478 ], [ -49.6271174, -25.4595865 ], [ -49.6239315, -25.4613263 ], [ -49.6230173, -25.4608314 ], [ -49.6230297, -25.4598569 ], [ -49.6210842, -25.4589683 ], [ -49.6212284, -25.4597357 ], [ -49.6194459, -25.4614577 ], [ -49.6174428, -25.4589725 ], [ -49.614412, -25.4579469 ], [ -49.6148258, -25.4552337 ], [ -49.6116878, -25.4514099 ], [ -49.607748, -25.4507112 ], [ -49.6055202, -25.4511069 ], [ -49.6027531, -25.4484708 ], [ -49.6001862, -25.4516503 ], [ -49.5985718, -25.4553592 ], [ -49.5932832, -25.4553081 ], [ -49.5887812, -25.4567626 ], [ -49.5882913, -25.4593347 ], [ -49.5863341, -25.4595598 ], [ -49.5852284, -25.4557884 ], [ -49.5839739, -25.4548362 ], [ -49.5826615, -25.4556573 ], [ -49.5821848, -25.4571864 ], [ -49.5833158, -25.4586601 ], [ -49.5822547, -25.4611222 ], [ -49.5766592, -25.4608585 ], [ -49.5762335, -25.4588226 ], [ -49.5751394, -25.4591413 ], [ -49.5754767, -25.4597547 ], [ -49.5746676, -25.460334 ], [ -49.5742926, -25.4615457 ], [ -49.574889, -25.462373 ], [ -49.573695, -25.464935 ], [ -49.5749576, -25.4667956 ], [ -49.5770652, -25.4672544 ], [ -49.5762935, -25.4686224 ], [ -49.5768234, -25.469821 ], [ -49.5775236, -25.4693794 ], [ -49.577811, -25.471077 ], [ -49.5791734, -25.4713618 ], [ -49.5787601, -25.472195 ], [ -49.5799999, -25.4717378 ], [ -49.5809325, -25.4724623 ], [ -49.5812212, -25.473506 ], [ -49.5803884, -25.4742689 ], [ -49.5817805, -25.4742716 ], [ -49.5846629, -25.4775282 ], [ -49.5833957, -25.478133 ], [ -49.5843589, -25.4786994 ], [ -49.5830603, -25.4826112 ], [ -49.5854919, -25.4824279 ], [ -49.5854822, -25.4832637 ], [ -49.586555, -25.483204 ], [ -49.5855058, -25.4844141 ], [ -49.5863359, -25.4856049 ], [ -49.5857155, -25.4862971 ], [ -49.5866159, -25.4879054 ], [ -49.5879886, -25.4885458 ], [ -49.5884443, -25.4921373 ], [ -49.5898824, -25.4938203 ], [ -49.5902348, -25.4931641 ], [ -49.5914539, -25.493871 ], [ -49.5909075, -25.49477 ], [ -49.593743, -25.4950082 ], [ -49.595299, -25.4963812 ], [ -49.5946686, -25.4978363 ], [ -49.5955129, -25.4974985 ], [ -49.5961863, -25.4990351 ], [ -49.5949894, -25.5013139 ], [ -49.5916822, -25.503032 ], [ -49.5911186, -25.5064136 ], [ -49.5897304, -25.5069792 ], [ -49.5906808, -25.5088864 ], [ -49.5900744, -25.5094907 ], [ -49.5908993, -25.5123798 ], [ -49.5887708, -25.5156838 ], [ -49.5892355, -25.5173448 ], [ -49.5883118, -25.5180252 ], [ -49.5888488, -25.518499 ], [ -49.5868972, -25.5193612 ], [ -49.5826591, -25.5146072 ], [ -49.5812398, -25.5145258 ], [ -49.5793825, -25.5169143 ], [ -49.5768292, -25.5181123 ], [ -49.5722091, -25.5267126 ], [ -49.5710391, -25.5276153 ], [ -49.5700629, -25.5281489 ], [ -49.5694778, -25.5271943 ], [ -49.5649843, -25.5265225 ], [ -49.5655884, -25.5337684 ], [ -49.566515, -25.5359632 ], [ -49.566472, -25.5411011 ], [ -49.5676316, -25.5441607 ], [ -49.5659791, -25.5449946 ], [ -49.5654217, -25.5462599 ], [ -49.5645694, -25.5456413 ], [ -49.5634321, -25.5470539 ], [ -49.5644676, -25.5479438 ], [ -49.5636578, -25.5482779 ], [ -49.5641461, -25.548454 ], [ -49.5693457, -25.5479542 ], [ -49.5716944, -25.5498991 ], [ -49.5730321, -25.5496395 ], [ -49.5742751, -25.5528998 ], [ -49.5732414, -25.556286 ], [ -49.5745972, -25.5564837 ], [ -49.573436, -25.5569496 ], [ -49.5735266, -25.5596021 ], [ -49.5756824, -25.5604366 ], [ -49.575409, -25.5615618 ], [ -49.5770768, -25.5611562 ], [ -49.5766071, -25.5632044 ], [ -49.5789454, -25.5627883 ], [ -49.5786145, -25.5649092 ], [ -49.5805773, -25.5636051 ], [ -49.5823914, -25.5663717 ], [ -49.5812114, -25.5671849 ], [ -49.5820705, -25.5678956 ], [ -49.5831813, -25.5664712 ], [ -49.5861902, -25.567725 ], [ -49.5853105, -25.5699618 ], [ -49.5835566, -25.5707829 ], [ -49.5863211, -25.5720248 ], [ -49.5863042, -25.5740579 ], [ -49.5850894, -25.5750034 ], [ -49.5855669, -25.5759106 ], [ -49.5847493, -25.5764536 ], [ -49.584669, -25.5797768 ], [ -49.5832092, -25.580422 ], [ -49.5847616, -25.582078 ], [ -49.5841513, -25.5831029 ], [ -49.5848646, -25.5837461 ], [ -49.5830671, -25.5840974 ], [ -49.582295, -25.5865681 ], [ -49.5830042, -25.5875129 ], [ -49.5819771, -25.5879 ], [ -49.5821181, -25.5886413 ], [ -49.5807777, -25.5887468 ], [ -49.5821826, -25.5900019 ], [ -49.580876, -25.5917573 ], [ -49.5820374, -25.5930546 ], [ -49.5819906, -25.5943524 ], [ -49.5836319, -25.5946532 ], [ -49.5838918, -25.5958459 ], [ -49.5854374, -25.5947662 ], [ -49.5864248, -25.5951906 ], [ -49.5848661, -25.5960023 ], [ -49.5847841, -25.5968494 ], [ -49.58584, -25.5976038 ], [ -49.5836378, -25.5982015 ], [ -49.5864428, -25.599087 ], [ -49.5858816, -25.5998593 ], [ -49.5869911, -25.6020822 ], [ -49.5892994, -25.6039933 ], [ -49.5938299, -25.6044422 ], [ -49.5920703, -25.605812 ], [ -49.5885038, -25.6065858 ], [ -49.587979, -25.6073404 ], [ -49.5884587, -25.6089243 ], [ -49.5911346, -25.6082075 ], [ -49.5972226, -25.6092177 ], [ -49.599013, -25.6083624 ], [ -49.5984834, -25.6063733 ], [ -49.5990601, -25.6058311 ], [ -49.6014886, -25.6075943 ], [ -49.6030335, -25.6069433 ], [ -49.6045709, -25.6043495 ], [ -49.6056724, -25.6038636 ], [ -49.6084168, -25.6033926 ], [ -49.6106018, -25.6039726 ], [ -49.6110359, -25.6019898 ], [ -49.612923, -25.604616 ], [ -49.6164878, -25.604402 ], [ -49.6193836, -25.6028136 ], [ -49.6220435, -25.6036463 ], [ -49.6242574, -25.601742 ], [ -49.627275, -25.6013968 ], [ -49.6294255, -25.5989345 ], [ -49.6316657, -25.6008178 ], [ -49.6333073, -25.6008947 ], [ -49.6340039, -25.599845 ], [ -49.6336149, -25.5979169 ], [ -49.6324622, -25.5969122 ], [ -49.6285495, -25.5977452 ], [ -49.6274823, -25.5951887 ], [ -49.6278666, -25.5915285 ], [ -49.6316633, -25.5883373 ], [ -49.6325504, -25.5890317 ], [ -49.6336322, -25.5880729 ], [ -49.6370617, -25.589814 ], [ -49.6440321, -25.5912449 ], [ -49.6470786, -25.5943791 ], [ -49.649414, -25.593779 ], [ -49.6512332, -25.5903802 ], [ -49.653232, -25.5892807 ], [ -49.65383, -25.5908383 ], [ -49.6567612, -25.5920452 ], [ -49.6557539, -25.5963214 ], [ -49.6584032, -25.5983327 ], [ -49.6638281, -25.5970174 ], [ -49.6672853, -25.5940047 ], [ -49.6715098, -25.5960308 ], [ -49.6729773, -25.5933115 ], [ -49.6727142, -25.5923774 ], [ -49.6699033, -25.5926612 ], [ -49.6712983, -25.5903776 ], [ -49.6771139, -25.5908647 ], [ -49.6791881, -25.5890201 ], [ -49.6806265, -25.5890949 ], [ -49.6836867, -25.5909863 ], [ -49.6848438, -25.5978901 ], [ -49.6915626, -25.6053828 ], [ -49.6926248, -25.6036236 ], [ -49.6919217, -25.5989327 ], [ -49.6932073, -25.5979964 ], [ -49.6973921, -25.6015597 ], [ -49.6993582, -25.600173 ], [ -49.7014962, -25.6013513 ], [ -49.7025137, -25.5993609 ], [ -49.7043301, -25.5992862 ], [ -49.7050316, -25.5997501 ], [ -49.7059134, -25.6038029 ], [ -49.7078539, -25.6048275 ], [ -49.70884, -25.6070009 ], [ -49.7097686, -25.6066308 ], [ -49.7093189, -25.6045811 ], [ -49.7106268, -25.6004555 ], [ -49.7122517, -25.5995245 ], [ -49.7142285, -25.6003663 ], [ -49.7153748, -25.6046665 ], [ -49.7196595, -25.6036951 ], [ -49.7220234, -25.6074865 ], [ -49.7233494, -25.6063061 ], [ -49.7245107, -25.6030654 ], [ -49.7291769, -25.6009992 ], [ -49.7301684, -25.6012372 ], [ -49.7336858, -25.6055099 ], [ -49.7375554, -25.604835 ], [ -49.7434694, -25.6064496 ], [ -49.7445304, -25.608015 ], [ -49.7429629, -25.6179718 ], [ -49.7444083, -25.6197682 ], [ -49.7455162, -25.6199022 ], [ -49.7461847, -25.6197604 ], [ -49.7466253, -25.6168581 ], [ -49.7455317, -25.6135985 ], [ -49.7472608, -25.6124215 ], [ -49.7500136, -25.6129952 ], [ -49.7503433, -25.6120964 ], [ -49.7503326, -25.6100064 ], [ -49.7490801, -25.6073217 ], [ -49.7497083, -25.6035895 ], [ -49.7485373, -25.602877 ], [ -49.7470505, -25.6033493 ], [ -49.7458065, -25.6021399 ], [ -49.7491986, -25.5959063 ], [ -49.7470853, -25.5937364 ], [ -49.7453418, -25.5899047 ], [ -49.745574, -25.5853726 ], [ -49.7470411, -25.5833706 ], [ -49.7514351, -25.5813912 ], [ -49.7561311, -25.5822183 ], [ -49.7577267, -25.5817338 ], [ -49.7603633, -25.5843107 ], [ -49.7642397, -25.5854536 ], [ -49.7642621, -25.5830663 ], [ -49.7650708, -25.5819074 ], [ -49.7733223, -25.5796431 ], [ -49.7786688, -25.5750229 ], [ -49.7834381, -25.5723973 ], [ -49.786199, -25.571754 ], [ -49.7890611, -25.5732203 ], [ -49.7941413, -25.5701518 ], [ -49.7983807, -25.5655207 ], [ -49.8010084, -25.5663186 ], [ -49.8080219, -25.5653226 ], [ -49.8093465, -25.5501146 ], [ -49.8076018, -25.5491853 ], [ -49.8030747, -25.5522486 ], [ -49.8021842, -25.551833 ], [ -49.8043327, -25.5420971 ], [ -49.8070915, -25.5347729 ], [ -49.8066978, -25.5311282 ], [ -49.8038227, -25.529597 ], [ -49.8040657, -25.5271943 ], [ -49.8029992, -25.524153 ], [ -49.8056473, -25.5204511 ], [ -49.8030654, -25.5193959 ], [ -49.8029969, -25.5147909 ], [ -49.802057, -25.5138863 ], [ -49.7974097, -25.5125594 ], [ -49.8009017, -25.5081679 ], [ -49.8012483, -25.505076 ], [ -49.8036024, -25.5047198 ], [ -49.804669, -25.50281 ], [ -49.8021031, -25.5030783 ], [ -49.7990866, -25.5000831 ], [ -49.7988453, -25.4970402 ], [ -49.7946543, -25.4958011 ], [ -49.7926028, -25.4961587 ], [ -49.7853973, -25.4897767 ], [ -49.7841016, -25.486846 ], [ -49.7827514, -25.4865594 ], [ -49.7809041, -25.4873986 ], [ -49.7779755, -25.4841064 ], [ -49.7762486, -25.4801981 ], [ -49.7777794, -25.4773981 ], [ -49.775917, -25.4724163 ], [ -49.7671517, -25.468785 ], [ -49.7665963, -25.4677706 ], [ -49.7683302, -25.4645403 ], [ -49.7681842, -25.4626582 ], [ -49.7668288, -25.4617901 ], [ -49.7640535, -25.4569595 ], [ -49.7646382, -25.4551227 ], [ -49.7665672, -25.4535292 ], [ -49.7666604, -25.4505022 ], [ -49.7639432, -25.4493256 ], [ -49.7604903, -25.4464101 ], [ -49.7561692, -25.4455619 ], [ -49.7534784, -25.4464143 ], [ -49.753258, -25.4449589 ], [ -49.7512521, -25.4433619 ], [ -49.7489762, -25.4378741 ], [ -49.7476586, -25.4364249 ], [ -49.7498707, -25.4326888 ], [ -49.7501116, -25.4301077 ], [ -49.7510889, -25.4286437 ], [ -49.7492398, -25.4273197 ], [ -49.7486506, -25.4250409 ], [ -49.7505597, -25.4221638 ], [ -49.7505448, -25.4206909 ], [ -49.7478945, -25.4181417 ], [ -49.7426719, -25.417707 ], [ -49.7403926, -25.4151324 ], [ -49.7415363, -25.4125306 ], [ -49.7412107, -25.4084175 ], [ -49.7435003, -25.407214 ], [ -49.7442256, -25.4050263 ], [ -49.7456407, -25.4042877 ], [ -49.7460753, -25.4019069 ], [ -49.7485404, -25.4000911 ], [ -49.748154, -25.3990887 ], [ -49.7490859, -25.397299 ], [ -49.7481745, -25.3956155 ], [ -49.7447726, -25.3935322 ], [ -49.7440827, -25.3891148 ], [ -49.7449314, -25.3871721 ], [ -49.7440225, -25.3834973 ], [ -49.744641, -25.3811146 ], [ -49.7434746, -25.3758265 ], [ -49.7415635, -25.3730337 ], [ -49.7410383, -25.3663349 ], [ -49.7453583, -25.3636481 ], [ -49.7565564, -25.360569 ], [ -49.7423348, -25.3551408 ], [ -49.7437308, -25.3568554 ], [ -49.7432534, -25.358734 ], [ -49.7405034, -25.3618085 ], [ -49.7368983, -25.3621973 ], [ -49.7355011, -25.3638555 ], [ -49.736577, -25.3673811 ], [ -49.7388443, -25.3703275 ], [ -49.7380598, -25.3721999 ], [ -49.7402538, -25.3784521 ], [ -49.7377077, -25.3839663 ], [ -49.7392139, -25.3899347 ], [ -49.7384934, -25.3930624 ], [ -49.7330021, -25.394302 ], [ -49.7258409, -25.3938593 ], [ -49.7179145, -25.3970615 ], [ -49.7150935, -25.3995098 ], [ -49.7149962, -25.401529 ], [ -49.7160803, -25.4039403 ], [ -49.7244637, -25.4077738 ], [ -49.7279308, -25.4102074 ], [ -49.7273784, -25.4153213 ], [ -49.7290355, -25.4217087 ], [ -49.7264736, -25.4248891 ], [ -49.7225036, -25.4270491 ], [ -49.7232321, -25.430608 ], [ -49.7227525, -25.4324134 ], [ -49.7211712, -25.4334794 ], [ -49.718412, -25.433455 ], [ -49.7155047, -25.4321062 ], [ -49.7034642, -25.4300856 ], [ -49.6979952, -25.4360614 ], [ -49.6893435, -25.4386638 ], [ -49.6896032, -25.4394697 ], [ -49.6942012, -25.4396485 ], [ -49.6958012, -25.440499 ], [ -49.6973488, -25.4432673 ], [ -49.7022925, -25.4463718 ], [ -49.7035126, -25.4505254 ], [ -49.703824, -25.4608736 ], [ -49.7061616, -25.4679595 ], [ -49.7071415, -25.4696398 ], [ -49.7101488, -25.4715811 ], [ -49.711582, -25.4738927 ], [ -49.7114141, -25.4751439 ], [ -49.7094111, -25.4761001 ], [ -49.7016586, -25.4732128 ], [ -49.6985328, -25.471585 ], [ -49.6930242, -25.4669734 ], [ -49.6906541, -25.466394 ], [ -49.6869251, -25.4672335 ], [ -49.6853621, -25.4700738 ], [ -49.6823288, -25.4705695 ], [ -49.6758223, -25.4659478 ], [ -49.6716557, -25.4684176 ], [ -49.6652319, -25.470345 ], [ -49.6551028, -25.4677097 ], [ -49.6483679, -25.4699812 ], [ -49.6463013, -25.4696822 ] ] ] } },
{ "type": "Feature", "properties": { "municipio": "Campo do Tenente", "municipio_norm": "CAMPO DO TENENTE", "uf": "Paraná", "uf_sigla": "PR", "uf_norm": "PARANA", "cod_municipio": "4104105" }, "geometry": { "type": "Polygon", "coordinates": [ [ [ -49.7236962, -26.0226655 ], [ -49.7378245, -26.0261175 ], [ -49.740664, -26.0257947 ], [ -49.7448723, -26.0228854 ], [ -49.7479571, -26.022438 ], [ -49.7518741, -26.0249652 ], [ -49.755958, -26.0240586 ], [ -49.7595428, -26.0245466 ], [ -49.7617432, -26.0264808 ], [ -49.7645026, -26.027104 ], [ -49.7703859, -26.0235499 ], [ -49.7730921, -26.026517 ], [ -49.7733509, -26.0281627 ], [ -49.7768306, -26.0263197 ], [ -49.7806044, -26.021397 ], [ -49.7849079, -26.0187271 ], [ -49.787085, -26.0143894 ], [ -49.7902665, -26.0105233 ], [ -49.7899393, -26.0071211 ], [ -49.7907653, -26.0058213 ], [ -49.7914347, -26.000507 ], [ -49.7896923, -25.9969952 ], [ -49.7899726, -25.9899828 ], [ -49.7884996, -25.9839115 ], [ -49.7916563, -25.975839 ], [ -49.7896364, -25.9666674 ], [ -49.785074, -25.9654553 ], [ -49.7857212, -25.9557998 ], [ -49.7921241, -25.9464473 ], [ -49.7886777, -25.944491 ], [ -49.7896865, -25.943566 ], [ -49.7886227, -25.9432017 ], [ -49.7892359, -25.9423364 ], [ -49.7883431, -25.9407335 ], [ -49.7845635, -25.941378 ], [ -49.7833728, -25.9407081 ], [ -49.78265, -25.9417333 ], [ -49.7788646, -25.9427326 ], [ -49.7797852, -25.941596 ], [ -49.7794715, -25.9407867 ], [ -49.7775023, -25.9418351 ], [ -49.7769955, -25.94011 ], [ -49.7745744, -25.940892 ], [ -49.774599, -25.9418245 ], [ -49.7760284, -25.9415164 ], [ -49.7764474, -25.9422288 ], [ -49.7747497, -25.9427777 ], [ -49.7750879, -25.9445213 ], [ -49.7756912, -25.9446884 ], [ -49.7762047, -25.9431769 ], [ -49.7766753, -25.9442927 ], [ -49.7784497, -25.9449534 ], [ -49.7765858, -25.9460977 ], [ -49.7778035, -25.9471883 ], [ -49.777191, -25.9478923 ], [ -49.7742423, -25.9469964 ], [ -49.7741384, -25.9450136 ], [ -49.7733875, -25.9452008 ], [ -49.7729088, -25.9469386 ], [ -49.7703171, -25.9441922 ], [ -49.7696291, -25.9452174 ], [ -49.7667646, -25.9446806 ], [ -49.7655779, -25.9428123 ], [ -49.7659213, -25.9403353 ], [ -49.7648966, -25.9413092 ], [ -49.7637643, -25.9406553 ], [ -49.7650185, -25.9398584 ], [ -49.7646411, -25.9385993 ], [ -49.759868, -25.9401216 ], [ -49.7611702, -25.9415509 ], [ -49.7577606, -25.9423443 ], [ -49.759392, -25.9430336 ], [ -49.7590989, -25.9439351 ], [ -49.7540366, -25.945938 ], [ -49.7534939, -25.9449183 ], [ -49.7552417, -25.9448685 ], [ -49.7553914, -25.9440646 ], [ -49.7543617, -25.9437011 ], [ -49.7552945, -25.9430643 ], [ -49.7531199, -25.9414823 ], [ -49.7477087, -25.9436865 ], [ -49.7485618, -25.9415732 ], [ -49.7467263, -25.9410635 ], [ -49.7447517, -25.942004 ], [ -49.7453793, -25.9400238 ], [ -49.7428526, -25.9397362 ], [ -49.7439331, -25.9385775 ], [ -49.742107, -25.9379175 ], [ -49.7408373, -25.9359006 ], [ -49.7427411, -25.9348445 ], [ -49.7414553, -25.9337705 ], [ -49.7421518, -25.931987 ], [ -49.7410421, -25.9290484 ], [ -49.7377494, -25.9297358 ], [ -49.7399611, -25.9310279 ], [ -49.7386061, -25.9320722 ], [ -49.7368202, -25.9309925 ], [ -49.7374762, -25.9327725 ], [ -49.7342114, -25.9324603 ], [ -49.7338215, -25.9340204 ], [ -49.7348801, -25.935714 ], [ -49.7339054, -25.9358493 ], [ -49.7336057, -25.9348809 ], [ -49.7310012, -25.9353413 ], [ -49.7297371, -25.9343887 ], [ -49.7286047, -25.9353781 ], [ -49.7285306, -25.9339729 ], [ -49.7262699, -25.9338748 ], [ -49.7259986, -25.9317358 ], [ -49.7242369, -25.9332518 ], [ -49.7223542, -25.9320349 ], [ -49.7231716, -25.9304785 ], [ -49.7220247, -25.9311772 ], [ -49.720731, -25.9306336 ], [ -49.719122, -25.9320946 ], [ -49.7189464, -25.9300764 ], [ -49.716257, -25.9285788 ], [ -49.7151025, -25.9257658 ], [ -49.7175745, -25.9234996 ], [ -49.7159026, -25.923307 ], [ -49.7157646, -25.921244 ], [ -49.7135303, -25.9227946 ], [ -49.7113448, -25.9223083 ], [ -49.7116389, -25.9231487 ], [ -49.7130721, -25.9233938 ], [ -49.7126322, -25.9259704 ], [ -49.711931, -25.924071 ], [ -49.7103287, -25.9241354 ], [ -49.708047, -25.9258882 ], [ -49.7062785, -25.9254953 ], [ -49.7048245, -25.928269 ], [ -49.7065557, -25.92793 ], [ -49.7075332, -25.9306053 ], [ -49.7065633, -25.9296459 ], [ -49.7034721, -25.9304167 ], [ -49.7021745, -25.9294863 ], [ -49.7036759, -25.9291766 ], [ -49.7036134, -25.9282575 ], [ -49.7014073, -25.9272641 ], [ -49.7001907, -25.9277354 ], [ -49.6992788, -25.9263901 ], [ -49.6973844, -25.9262214 ], [ -49.6983737, -25.9253262 ], [ -49.6972979, -25.9244789 ], [ -49.697402, -25.9229628 ], [ -49.6947178, -25.9215551 ], [ -49.6968379, -25.9201582 ], [ -49.6967383, -25.9193821 ], [ -49.693237, -25.9202857 ], [ -49.6939339, -25.9168599 ], [ -49.6911088, -25.917132 ], [ -49.6894851, -25.9184714 ], [ -49.6865158, -25.917985 ], [ -49.6879442, -25.9158388 ], [ -49.6845095, -25.9164765 ], [ -49.6844204, -25.9180714 ], [ -49.6828893, -25.9192505 ], [ -49.6839017, -25.9198059 ], [ -49.6830823, -25.9206943 ], [ -49.6844534, -25.9213558 ], [ -49.6833683, -25.9221634 ], [ -49.682649, -25.921158 ], [ -49.6806435, -25.9230474 ], [ -49.6809641, -25.9245499 ], [ -49.6779576, -25.9234675 ], [ -49.6722281, -25.925372 ], [ -49.6726871, -25.9242648 ], [ -49.6708792, -25.921815 ], [ -49.6725029, -25.9223374 ], [ -49.6743789, -25.9201956 ], [ -49.669641, -25.9193534 ], [ -49.6705124, -25.9182189 ], [ -49.6728623, -25.9189566 ], [ -49.6734371, -25.9157182 ], [ -49.6745338, -25.916724 ], [ -49.6755049, -25.9142823 ], [ -49.6749459, -25.9132637 ], [ -49.6760446, -25.9114547 ], [ -49.6741007, -25.9118518 ], [ -49.6753936, -25.9091278 ], [ -49.6735732, -25.9085546 ], [ -49.6721797, -25.9058352 ], [ -49.6713755, -25.9061176 ], [ -49.670351, -25.9046679 ], [ -49.6660796, -25.905884 ], [ -49.6636728, -25.9054815 ], [ -49.6630379, -25.9062654 ], [ -49.66218, -25.9054532 ], [ -49.660522, -25.9061704 ], [ -49.65952, -25.9050647 ], [ -49.6590804, -25.9061075 ], [ -49.6604391, -25.9072339 ], [ -49.6585904, -25.9093663 ], [ -49.6600503, -25.9092847 ], [ -49.6599671, -25.9103004 ], [ -49.657787, -25.9118012 ], [ -49.6568723, -25.9108747 ], [ -49.6557432, -25.9114914 ], [ -49.6549397, -25.9100663 ], [ -49.653519, -25.9105464 ], [ -49.6526503, -25.9071722 ], [ -49.6507611, -25.9065165 ], [ -49.6522497, -25.9054663 ], [ -49.6516467, -25.9030137 ], [ -49.650791, -25.9045892 ], [ -49.650118, -25.9042609 ], [ -49.6496042, -25.9024831 ], [ -49.6506481, -25.9014944 ], [ -49.6485085, -25.9002906 ], [ -49.6484685, -25.9013517 ], [ -49.647429, -25.9019233 ], [ -49.6455099, -25.9011036 ], [ -49.645073, -25.9000885 ], [ -49.6457777, -25.8991438 ], [ -49.6448985, -25.8981533 ], [ -49.6458741, -25.8984511 ], [ -49.6479797, -25.8972888 ], [ -49.6467323, -25.8958575 ], [ -49.6453611, -25.8959732 ], [ -49.6451665, -25.8950466 ], [ -49.6432445, -25.8949628 ], [ -49.6443939, -25.8931403 ], [ -49.6432309, -25.8921296 ], [ -49.6428922, -25.8895561 ], [ -49.6421543, -25.8905908 ], [ -49.6389951, -25.8897798 ], [ -49.6364486, -25.8916604 ], [ -49.6324002, -25.8914081 ], [ -49.631738, -25.8938768 ], [ -49.629676, -25.8948834 ], [ -49.625437, -25.892461 ], [ -49.6236515, -25.8925199 ], [ -49.6222469, -25.8956464 ], [ -49.6206683, -25.8957259 ], [ -49.6205466, -25.8971278 ], [ -49.6189746, -25.8965443 ], [ -49.6182138, -25.8985378 ], [ -49.6165317, -25.8984736 ], [ -49.6159437, -25.8992532 ], [ -49.6150714, -25.8972447 ], [ -49.6100134, -25.8977443 ], [ -49.6097073, -25.8967891 ], [ -49.6055571, -25.8963429 ], [ -49.604548, -25.8971917 ], [ -49.6046933, -25.8980944 ], [ -49.6037484, -25.8979928 ], [ -49.6038847, -25.8997818 ], [ -49.6017142, -25.9009027 ], [ -49.6024283, -25.9026723 ], [ -49.6017812, -25.9040708 ], [ -49.6001436, -25.9047691 ], [ -49.6017005, -25.9065929 ], [ -49.6006196, -25.9089406 ], [ -49.6016087, -25.9097625 ], [ -49.6006022, -25.9103231 ], [ -49.6006355, -25.9120342 ], [ -49.6021539, -25.9126937 ], [ -49.6018104, -25.9149754 ], [ -49.5996989, -25.9155755 ], [ -49.6006905, -25.9162759 ], [ -49.6006658, -25.9184167 ], [ -49.6000301, -25.9186984 ], [ -49.6004856, -25.9202268 ], [ -49.6015354, -25.920546 ], [ -49.5999996, -25.9212923 ], [ -49.599981, -25.9228667 ], [ -49.5991955, -25.9224771 ], [ -49.5978078, -25.9241523 ], [ -49.5982025, -25.9263482 ], [ -49.5968276, -25.9269544 ], [ -49.5959468, -25.9249932 ], [ -49.5955999, -25.9276848 ], [ -49.5933597, -25.9291043 ], [ -49.5911036, -25.9288304 ], [ -49.5911567, -25.9263075 ], [ -49.5888022, -25.9254341 ], [ -49.588304, -25.9240657 ], [ -49.5845185, -25.9233227 ], [ -49.5816314, -25.9249179 ], [ -49.5777413, -25.9250247 ], [ -49.5739049, -25.9274306 ], [ -49.5700233, -25.927332 ], [ -49.5679885, -25.928352 ], [ -49.5646608, -25.9274936 ], [ -49.5617443, -25.9306353 ], [ -49.5619273, -25.9329969 ], [ -49.5603977, -25.9332186 ], [ -49.5608976, -25.935416 ], [ -49.5589105, -25.9385617 ], [ -49.5572063, -25.9402123 ], [ -49.5524048, -25.9411888 ], [ -49.5528089, -25.9424769 ], [ -49.5520646, -25.9430893 ], [ -49.548831, -25.9406513 ], [ -49.5481856, -25.9417415 ], [ -49.546776, -25.9406315 ], [ -49.5465516, -25.9376542 ], [ -49.5442294, -25.9381524 ], [ -49.5416807, -25.9399139 ], [ -49.5399244, -25.9474917 ], [ -49.5435939, -25.9493352 ], [ -49.5441927, -25.9504635 ], [ -49.5461923, -25.9651489 ], [ -49.5484065, -25.9666566 ], [ -49.547046, -25.9704078 ], [ -49.5427153, -25.9729316 ], [ -49.544129, -25.9831476 ], [ -49.5455436, -25.9829739 ], [ -49.5460482, -25.9839273 ], [ -49.5455408, -25.9859307 ], [ -49.5430754, -25.9887929 ], [ -49.5429057, -25.9903724 ], [ -49.5438775, -25.9908365 ], [ -49.543819, -25.9921204 ], [ -49.5454079, -25.9939729 ], [ -49.5457414, -26.0004609 ], [ -49.5467968, -26.0027087 ], [ -49.5465231, -26.0081546 ], [ -49.5482165, -26.0100778 ], [ -49.5488248, -26.0088442 ], [ -49.5502641, -26.0087623 ], [ -49.5517152, -26.0119701 ], [ -49.5492114, -26.0159402 ], [ -49.5464901, -26.0251272 ], [ -49.5440781, -26.0268423 ], [ -49.5414897, -26.0315231 ], [ -49.5376379, -26.0349001 ], [ -49.5337756, -26.0406533 ], [ -49.5334979, -26.0445187 ], [ -49.5371775, -26.0493296 ], [ -49.5385192, -26.0531801 ], [ -49.5390153, -26.0579982 ], [ -49.5415168, -26.0632539 ], [ -49.5416077, -26.0656279 ], [ -49.5398548, -26.0703686 ], [ -49.5422558, -26.0690777 ], [ -49.5456038, -26.0632735 ], [ -49.5454093, -26.0591961 ], [ -49.5435264, -26.0569021 ], [ -49.5498563, -26.0558292 ], [ -49.5563762, -26.0586955 ], [ -49.5612209, -26.055699 ], [ -49.5673536, -26.0563744 ], [ -49.5695697, -26.0556485 ], [ -49.5704366, -26.0546921 ], [ -49.5716911, -26.0492049 ], [ -49.574601, -26.0462983 ], [ -49.5765153, -26.0403221 ], [ -49.5758279, -26.0389551 ], [ -49.5760776, -26.0360608 ], [ -49.5815224, -26.0283544 ], [ -49.5844165, -26.0255776 ], [ -49.5895783, -26.0250502 ], [ -49.5934991, -26.0261083 ], [ -49.6010464, -26.0310787 ], [ -49.6037374, -26.0320461 ], [ -49.6096567, -26.0392453 ], [ -49.6160147, -26.0442168 ], [ -49.6217768, -26.0464328 ], [ -49.6252679, -26.0458455 ], [ -49.6274707, -26.0433632 ], [ -49.6339133, -26.0405294 ], [ -49.6513584, -26.0421276 ], [ -49.655464, -26.0400497 ], [ -49.6574918, -26.0355162 ], [ -49.6680274, -26.0335586 ], [ -49.6690813, -26.031188 ], [ -49.6734939, -26.0301224 ], [ -49.679098, -26.0266306 ], [ -49.6851594, -26.028217 ], [ -49.691578, -26.0320393 ], [ -49.6961079, -26.0316686 ], [ -49.7017372, -26.0288371 ], [ -49.7070168, -26.0283251 ], [ -49.7111012, -26.0254177 ], [ -49.7168539, -26.0272009 ], [ -49.7206184, -26.0253839 ], [ -49.72187, -26.0228754 ], [ -49.7236962, -26.0226655 ] ] ] } }
]
}
